title,source,publication_type,published_date,date_precision,published_raw,url,other_links,candidate,topics,keywords,match_evidence,first_seen,first_seen_date,last_seen,summary,evidence,access,manually_selected,analysis_text
Zenaide Maia defende o fim da escala 6x1 e pede atenção para a vacinação de crianças,Senado Federal,Notícia coletada,2026-10-06,day,06/10/2026 16h57,https://www12.senado.leg.br/noticias/materias/2026/10/06/zenaide-maia-defende-o-fim-da-escala-6x1-e-pede-atencao-para-a-vacinacao-de-criancas,,False,,,,2026-10-06T22:35:45+00:00,2026-10-06,2026-10-06T22:35:45+00:00,,,,False,Zenaide Maia defende o fim da escala 6x1 e pede atenção para a vacinação de crianças
Unidad Temática de Turismo invita al «Ciclo de Formación 2026»,Mercociudades,Notícia coletada,2026-10-06,day,2026-10-06,https://mercociudades.org/unidad-tematica-turismo-invita-ciclo-formacion-2026/,,False,,,,2026-10-06T22:35:45+00:00,2026-10-06,2026-10-06T22:35:45+00:00,,,,False,Unidad Temática de Turismo invita al «Ciclo de Formación 2026»
Projeto prevê alerta em veículos novos contra esquecimento de crianças e pets,Senado Federal,Notícia coletada,2026-10-06,day,06/10/2026 14h51,https://www12.senado.leg.br/noticias/materias/2026/10/06/projeto-preve-alerta-em-veiculos-novos-contra-esquecimento-de-criancas-e-pets,,False,,,,2026-10-06T22:35:45+00:00,2026-10-06,2026-10-06T22:35:45+00:00,,,,False,Projeto prevê alerta em veículos novos contra esquecimento de crianças e pets
Projeto mostra opção nacional para levar banda larga de alta capacidade e baixo custo a áreas rurais e remotas,NIC.br,Notícia coletada,2026-10-06,day,2026-10-06,https://www.nic.br/noticia/releases/projeto-mostra-opcao-nacional-para-levar-banda-larga-de-alta-capacidade-e-baixo-custo-a-areas-rurais-e-remotas/,,False,,,,2026-10-06T22:35:45+00:00,2026-10-06,2026-10-06T22:35:45+00:00,,,,False,Projeto mostra opção nacional para levar banda larga de alta capacidade e baixo custo a áreas rurais e remotas
Projeto cria política de promoção da independência financeira das mulheres,Senado Federal,Notícia coletada,2026-10-06,day,06/10/2026 09h04,https://www12.senado.leg.br/noticias/materias/2026/10/06/projeto-cria-politica-de-promocao-da-independencia-financeira-das-mulheres,,False,,,,2026-10-06T22:35:45+00:00,2026-10-06,2026-10-06T22:35:45+00:00,,,,False,Projeto cria política de promoção da independência financeira das mulheres
Paulo Paim defende que fim da escala 6x1 avance esta semana no Senado,Senado Federal,Notícia coletada,2026-10-06,day,06/10/2026 16h23,https://www12.senado.leg.br/noticias/materias/2026/10/06/paulo-paim-defende-que-fim-da-escala-6x1-avance-esta-semana-no-senado,,False,,,,2026-10-06T22:35:45+00:00,2026-10-06,2026-10-06T22:35:45+00:00,,,,False,Paulo Paim defende que fim da escala 6x1 avance esta semana no Senado
Humberto Costa agradece a Pernambuco por inédita terceira eleição consecutiva,Senado Federal,Notícia coletada,2026-10-06,day,06/10/2026 15h36,https://www12.senado.leg.br/noticias/materias/2026/10/06/humberto-costa-agradece-eleitores-por-inedita-terceira-eleicao-consecutiva,,False,,,,2026-10-06T22:35:45+00:00,2026-10-06,2026-10-06T22:35:45+00:00,,,,False,Humberto Costa agradece a Pernambuco por inédita terceira eleição consecutiva
GTER e GTS recebem propostas para encontros de dezembro,NIC.br,Notícia coletada,2026-10-06,day,2026-10-06,https://www.nic.br/noticia/na-midia/gter-e-gts-recebem-propostas-para-encontros-de-dezembro/,,False,,,,2026-10-06T22:35:45+00:00,2026-10-06,2026-10-06T22:35:45+00:00,,,,False,GTER e GTS recebem propostas para encontros de dezembro
"Eleições demonstraram insatisfação com governo e STF, diz Damares",Senado Federal,Notícia coletada,2026-10-06,day,06/10/2026 17h19,https://www12.senado.leg.br/noticias/materias/2026/10/06/eleicoes-demonstraram-insatisfacao-com-governo-e-stf-diz-damares,,False,,,,2026-10-06T22:35:45+00:00,2026-10-06,2026-10-06T22:35:45+00:00,,,,False,"Eleições demonstraram insatisfação com governo e STF, diz Damares"
"Dialogamos sobre ciudades del cuidado, innovación pública y cooperación internacional en Córdoba",Mercociudades,Notícia coletada,2026-10-06,day,2026-10-06,https://mercociudades.org/dialogamos-sobre-ciudades-del-cuidado-innovacion-publica-y-cooperacion-internacional-en-cordoba/,,False,,,,2026-10-06T22:35:45+00:00,2026-10-06,2026-10-06T22:35:45+00:00,,,,False,"Dialogamos sobre ciudades del cuidado, innovación pública y cooperación internacional en Córdoba"
Davi prevê primeira votação da PEC do fim da escala 6x1 na semana que vem,Senado Federal,Notícia coletada,2026-10-06,day,06/10/2026 17h15,https://www12.senado.leg.br/noticias/materias/2026/10/06/davi-preve-primeira-votacao-da-pec-do-fim-da-escala-6x1-na-semana-que-vem,,False,,,,2026-10-06T22:35:45+00:00,2026-10-06,2026-10-06T22:35:45+00:00,,,,False,Davi prevê primeira votação da PEC do fim da escala 6x1 na semana que vem
Confúcio parabeniza candidatos eleitos por Rondônia,Senado Federal,Notícia coletada,2026-10-06,day,06/10/2026 17h32,https://www12.senado.leg.br/noticias/materias/2026/10/06/confucio-parabeniza-candidatos-eleitos-por-rondonia,,False,,,,2026-10-06T22:35:45+00:00,2026-10-06,2026-10-06T22:35:45+00:00,,,,False,Confúcio parabeniza candidatos eleitos por Rondônia
Cobertura integrada das eleições mobiliza comunicação do Poder Legislativo,Senado Federal,Notícia coletada,2026-10-06,day,06/10/2026 18h57,https://www12.senado.leg.br/noticias/materias/2026/10/06/cobertura-integrada-das-eleicoes-mobiliza-comunicacao-do-poder-legislativo,,False,,,,2026-10-06T22:35:45+00:00,2026-10-06,2026-10-06T22:35:45+00:00,,,,False,Cobertura integrada das eleições mobiliza comunicação do Poder Legislativo
Bets começam a sair do ar nesta terça-feira,NIC.br,Notícia coletada,2026-10-06,day,2026-10-06,https://www.nic.br/noticia/na-midia/i-bets-i-comecam-a-sair-do-ar-nesta-terca-feira/,,False,,,,2026-10-06T22:35:45+00:00,2026-10-06,2026-10-06T22:35:45+00:00,,,,False,Bets começam a sair do ar nesta terça-feira
"Bertrand de La Chapelle, referência na governança global da Internet, é homenageado em encontro virtual",NIC.br,Notícia coletada,2026-10-06,day,2026-10-06,https://www.nic.br/noticia/notas/bertrand-de-la-chapelle-referencia-na-governanca-global-da-internet-e-homenageado-em-encontro-virtual/,,True,,Internet,Internet: internet,2026-10-06T22:35:45+00:00,2026-10-06,2026-10-06T22:35:45+00:00,,,,False,"Bertrand de La Chapelle, referência na governança global da Internet, é homenageado em encontro virtual"
Senado sedia encontro sobre liderança feminina na administração pública,Senado Federal,Notícia coletada,2026-10-05,day,05/10/2026 20h19,https://www12.senado.leg.br/noticias/materias/2026/10/05/senado-sedia-encontro-sobre-lideranca-feminina-na-administracao-publica,,False,,,,2026-10-06T22:35:45+00:00,2026-10-06,2026-10-06T22:35:45+00:00,,,,False,Senado sedia encontro sobre liderança feminina na administração pública
Primeiro videocast do Senado destaca mulheres no topo da gestão pública,Senado Federal,Notícia coletada,2026-10-05,day,05/10/2026 19h47,https://www12.senado.leg.br/noticias/materias/2026/10/05/primeiro-videocast-do-senado-destaca-mulheres-no-topo-da-gestao-publica,,False,,,,2026-10-06T22:35:45+00:00,2026-10-06,2026-10-06T22:35:45+00:00,,,,False,Primeiro videocast do Senado destaca mulheres no topo da gestão pública
Prazo para sacar o dinheiro nas bets termina nesta segunda,NIC.br,Notícia coletada,2026-10-05,day,2026-10-05,https://www.nic.br/noticia/na-midia/prazo-para-sacar-o-dinheiro-nas-i-bets-i-termina-nesta-segunda-veja-perguntas-e-respostas/,,False,,,,2026-10-06T22:35:45+00:00,2026-10-06,2026-10-06T22:35:45+00:00,,,,False,Prazo para sacar o dinheiro nas bets termina nesta segunda
IA pode ser o maior instrumento de igualdade já criado ou a pior fonte de injustiça,NIC.br,Notícia coletada,2026-10-05,day,2026-10-05,https://www.nic.br/noticia/na-midia/a-inteligencia-artificial-pode-ser-o-maior-instrumento-de-igualdade-ja-criado-ou-a-pior-fonte-de-injustica/,,True,IA e proteção de dados,Inteligência artificial,Inteligência artificial: ia,2026-10-06T22:35:45+00:00,2026-10-06,2026-10-06T22:35:45+00:00,,,,False,IA pode ser o maior instrumento de igualdade já criado ou a pior fonte de injustiça
IA e deepfakes criam nova ameaça digital para as eleições no Brasil e dificultam combate à desinformação,NIC.br,Notícia coletada,2026-10-05,day,2026-10-05,https://www.nic.br/noticia/na-midia/ia-e-i-deepfakes-i-criam-nova-ameaca-digital-para-as-eleicoes-no-brasil-e-dificultam-combate-a-desinformacao/,,True,IA e proteção de dados,Inteligência artificial; Moderação,Inteligência artificial: ia; Moderação: desinformacao,2026-10-06T22:35:45+00:00,2026-10-06,2026-10-06T22:35:45+00:00,,,,False,IA e deepfakes criam nova ameaça digital para as eleições no Brasil e dificultam combate à desinformação
Economía Social y Solidaria invita al taller «La deuda con las emprendedoras»,Mercociudades,Notícia coletada,2026-10-05,day,2026-10-05,https://mercociudades.org/economia-social-solidaria-invita-taller-deuda-emprendedoras/,,False,,,,2026-10-06T22:35:45+00:00,2026-10-06,2026-10-06T22:35:45+00:00,,,,False,Economía Social y Solidaria invita al taller «La deuda con las emprendedoras»
STF garante acesso sem franquia a serviços da Justiça Eleitoral e sites de checagem nas eleições de 2026,NIC.br,Notícia coletada,2026-10-02,day,2026-10-02,https://www.nic.br/noticia/na-midia/stf-garante-acesso-sem-franquia-a-servicos-da-justica-eleitoral-e-sites-de-checagem-nas-eleicoes-de-2026/,,False,,,,2026-10-06T22:35:45+00:00,2026-10-06,2026-10-06T22:35:45+00:00,,,,False,STF garante acesso sem franquia a serviços da Justiça Eleitoral e sites de checagem nas eleições de 2026
NIC.br e CGI.br abrem inscrições gratuitas para o 11º Simpósio Crianças e Adolescentes na Internet,NIC.br,Notícia coletada,2026-10-02,day,2026-10-02,https://www.nic.br/noticia/na-midia/nic-br-e-cgi-br-abrem-inscricoes-gratuitas-para-o-11-simposio-criancas-e-adolescentes-na-internet/,,True,,Proteção infantil; Internet,Proteção infantil: criancas e adolescentes na internet; Internet: internet,2026-10-06T22:35:45+00:00,2026-10-06,2026-10-06T22:35:45+00:00,,,,False,NIC.br e CGI.br abrem inscrições gratuitas para o 11º Simpósio Crianças e Adolescentes na Internet
Escola de Governança da Internet no Brasil promove formação para corpo técnico da ANPD,NIC.br,Notícia coletada,2026-10-02,day,2026-10-02,https://www.nic.br/noticia/notas/escola-de-governanca-da-internet-no-brasil-promove-formacao-para-corpo-tecnico-da-anpd/,,True,GDPR/LGPD e proteção de dados,Governança digital; ANPD; Internet,Governança digital: governanca da internet; ANPD: anpd; Internet: internet,2026-10-06T22:35:45+00:00,2026-10-06,2026-10-06T22:35:45+00:00,,,,False,Escola de Governança da Internet no Brasil promove formação para corpo técnico da ANPD
Eleições 2026: como evitar fake news ?,NIC.br,Notícia coletada,2026-10-02,day,2026-10-02,https://www.nic.br/noticia/na-midia/eleicoes-2026-como-evitar-i-fake-news-i/,,True,,Moderação,Moderação: fake news,2026-10-06T22:35:45+00:00,2026-10-06,2026-10-06T22:35:45+00:00,,,,False,Eleições 2026: como evitar fake news ?
WhatsApp amplia ferramentas de controle parental no Brasil,NIC.br,Notícia coletada,2026-10-01,day,2026-10-01,https://www.nic.br/noticia/na-midia/whatsapp-amplia-ferramentas-de-controle-parental-no-brasil/,,False,,,,2026-10-01T16:45:22+00:00,2026-10-01,2026-10-06T22:35:45+00:00,,,,False,WhatsApp amplia ferramentas de controle parental no Brasil
STF libera zero rating também para sites de agências parceiras de checagem da Fato ou Boato,NIC.br,Notícia coletada,2026-10-01,day,2026-10-01,https://www.nic.br/noticia/na-midia/stf-libera-i-zero-rating-i-tambem-para-i-sites-i-de-agencias-parceiras-de-checagem-da-fato-ou-boato/,,False,,,,2026-10-01T16:45:22+00:00,2026-10-01,2026-10-06T22:35:45+00:00,,,,False,STF libera zero rating também para sites de agências parceiras de checagem da Fato ou Boato
Mercociudades e ICLEI invitan a la presentación de los posicionamientos hacia las COP de Biodiversidad y de Cambio Climático,Mercociudades,Notícia coletada,2026-10-01,day,2026-10-01,https://mercociudades.org/mercociudades-e-iclei-invitan-a-la-presentacion-de-los-posicionamientos-hacia-las-cop-de-biodiversidad-y-de-cambio-climatico/,,False,,,,2026-10-01T18:59:10+00:00,2026-10-01,2026-10-06T22:35:45+00:00,,,,False,Mercociudades e ICLEI invitan a la presentación de los posicionamientos hacia las COP de Biodiversidad y de Cambio Climático
Deportes invita a participar de su próximo encuentro y abre llamado para presentar experiencias en Deportes y Cuidados,Mercociudades,Notícia coletada,2026-10-01,day,2026-10-01,https://mercociudades.org/deportes-invita-a-participar-de-su-proximo-encuentro-y-abre-llamado-para-presentar-experiencias-en-deportes-y-cuidados/,,False,,,,2026-10-01T16:45:22+00:00,2026-10-01,2026-10-06T22:35:45+00:00,,,,False,Deportes invita a participar de su próximo encuentro y abre llamado para presentar experiencias en Deportes y Cuidados
CERT.br vai lançar novos guias para proteger crianças na Internet,NIC.br,Notícia coletada,2026-10-01,day,2026-10-01,https://www.nic.br/noticia/na-midia/cert-br-vai-lancar-novos-guias-para-proteger-criancas-na-internet/,,True,,Proteção infantil; Internet,"Proteção infantil: criancas na internet, proteger criancas; Internet: internet",2026-10-01T16:45:22+00:00,2026-10-01,2026-10-06T22:35:45+00:00,,,,False,CERT.br vai lançar novos guias para proteger crianças na Internet
CDH faz na segunda último debate de ciclo sobre violência contra criança,Senado Federal,Notícia coletada,2026-10-01,day,01/10/2026 09h52,https://www12.senado.leg.br/noticias/materias/2026/10/01/cdh-faz-na-segunda-ultimo-debate-de-ciclo-sobre-violencia-contra-crianca,,False,,,,2026-10-01T16:45:22+00:00,2026-10-01,2026-10-02T13:24:35+00:00,,,,False,CDH faz na segunda último debate de ciclo sobre violência contra criança
CCS debate audiovisual e comunicação pública na segunda-feira,Senado Federal,Notícia coletada,2026-10-01,day,01/10/2026 11h47,https://www12.senado.leg.br/noticias/materias/2026/10/01/ccs-debate-audiovisual-e-comunicacao-publica-na-segunda-feira-5,,False,,,,2026-10-01T16:45:22+00:00,2026-10-01,2026-10-02T13:24:35+00:00,,,,False,CCS debate audiovisual e comunicação pública na segunda-feira
Renzo Braz toma posse como senador por Minas Gerais,Senado Federal,Notícia coletada,2026-09-30,day,30/09/2026 16h44,https://www12.senado.leg.br/noticias/materias/2026/09/30/renzo-braz-toma-posse-como-senador-por-minas-gerais,,False,,,,2026-10-01T16:45:22+00:00,2026-10-01,2026-10-02T13:24:35+00:00,,,,False,Renzo Braz toma posse como senador por Minas Gerais
"Proibição das bets : governo diz que já pediu o bloqueio de mais de 5,2 mil sites e retirada de quase 200 apps de lojas",NIC.br,Notícia coletada,2026-09-30,day,2026-09-30,https://www.nic.br/noticia/na-midia/proibicao-das-i-bets-i-governo-diz-que-ja-pediu-o-bloqueio-de-mais-de-5-2-mil-i-sites-i-e-retirada-de-quase-200-i-apps-i-de-lojas/,,False,,,,2026-10-01T16:45:22+00:00,2026-10-01,2026-10-06T22:35:45+00:00,,,,False,"Proibição das bets : governo diz que já pediu o bloqueio de mais de 5,2 mil sites e retirada de quase 200 apps de lojas"
"Planos de governos querem Estado mais digital, falta o brasileiro ter acesso a ele",NIC.br,Notícia coletada,2026-09-30,day,2026-09-30,https://www.nic.br/noticia/na-midia/planos-de-governos-querem-estado-mais-digital-falta-o-brasileiro-ter-acesso-a-ele/,,False,,,,2026-10-01T16:45:22+00:00,2026-10-01,2026-10-06T22:35:45+00:00,,,,False,"Planos de governos querem Estado mais digital, falta o brasileiro ter acesso a ele"
NIC.br e CGI.br abrem inscrições gratuitas para o 11º Simpósio Crianças e Adolescentes na Internet,NIC.br,Notícia coletada,2026-09-30,day,2026-09-30,https://www.nic.br/noticia/releases/nic-br-e-cgi-br-abrem-inscricoes-gratuitas-para-o-11-simposio-criancas-e-adolescentes-na-internet/,,True,,Proteção infantil; Internet,Proteção infantil: criancas e adolescentes na internet; Internet: internet,2026-10-01T16:45:22+00:00,2026-10-01,2026-10-06T22:35:45+00:00,,,,False,NIC.br e CGI.br abrem inscrições gratuitas para o 11º Simpósio Crianças e Adolescentes na Internet
Lei fortalece seguro rural e fundo para catástrofes que atinjam a produção,Senado Federal,Notícia coletada,2026-09-30,day,30/09/2026 17h32,https://www12.senado.leg.br/noticias/materias/2026/09/30/lei-fortalece-seguro-rural-e-fundo-para-catastrofes-que-atinjam-a-producao,,False,,,,2026-10-01T16:45:22+00:00,2026-10-01,2026-10-02T13:24:35+00:00,,,,False,Lei fortalece seguro rural e fundo para catástrofes que atinjam a produção
Confira o que pode e o que não pode até o dia da votação,Senado Federal,Notícia coletada,2026-09-30,day,30/09/2026 12h00,https://www12.senado.leg.br/noticias/materias/2026/09/30/confira-o-que-pode-e-o-que-nao-pode-ate-o-dia-da-votacao,,False,,,,2026-10-01T16:45:22+00:00,2026-10-01,2026-10-02T13:24:35+00:00,,,,False,Confira o que pode e o que não pode até o dia da votação
CGI.br quer acesso ao domínio .jus.br sem franquia como regra,NIC.br,Notícia coletada,2026-09-30,day,2026-09-30,https://www.nic.br/noticia/na-midia/cgi-br-quer-acesso-ao-dominio-jus-br-sem-franquia-como-regra/,,False,,,,2026-10-01T16:45:22+00:00,2026-10-01,2026-10-06T22:35:45+00:00,,,,False,CGI.br quer acesso ao domínio .jus.br sem franquia como regra
Sancionado repasse de loterias para Comitê Brasileiro de Clubes,Senado Federal,Notícia coletada,2026-09-29,day,29/09/2026 10h34,https://www12.senado.leg.br/noticias/materias/2026/09/29/sancionado-repasse-de-loterias-para-comite-brasileiro-de-clubes,,False,,,,2026-09-29T23:31:45+00:00,2026-09-29,2026-09-29T23:31:45+00:00,,,,False,Sancionado repasse de loterias para Comitê Brasileiro de Clubes
Lei torna futebol feminino prioridade na política de esporte,Senado Federal,Notícia coletada,2026-09-29,day,29/09/2026 09h53,https://www12.senado.leg.br/noticias/materias/2026/09/29/lei-torna-futebol-feminino-prioridade-na-politica-de-esporte-1,,False,,,,2026-09-29T23:31:45+00:00,2026-09-29,2026-09-29T23:31:45+00:00,,,,False,Lei torna futebol feminino prioridade na política de esporte
Lei reduz CSLL de resseguradoras locais para 9% a partir de 2027,Senado Federal,Notícia coletada,2026-09-29,day,29/09/2026 16h21,https://www12.senado.leg.br/noticias/materias/2026/09/29/lei-reduz-csll-de-resseguradoras-locais-para-9-a-partir-de-2027,,False,,,,2026-09-29T23:31:45+00:00,2026-09-29,2026-09-29T23:31:45+00:00,,,,False,Lei reduz CSLL de resseguradoras locais para 9% a partir de 2027
Lei determina avaliação da qualidade de hospitais,Senado Federal,Notícia coletada,2026-09-29,day,29/09/2026 16h27,https://www12.senado.leg.br/noticias/materias/2026/09/29/lei-determina-avaliacao-da-qualidade-de-hospitais,,False,,,,2026-09-29T23:31:45+00:00,2026-09-29,2026-10-01T16:53:19+00:00,,,,False,Lei determina avaliação da qualidade de hospitais
IPv6 entra em nova fase e desafia provedores a avançarem na maturidade das redes,NIC.br,Notícia coletada,2026-09-29,day,2026-09-29,https://www.nic.br/noticia/na-midia/ipv6-entra-em-nova-fase-e-desafia-provedores-a-avancarem-na-maturidade-das-redes/,,False,,,,2026-09-29T23:31:45+00:00,2026-09-29,2026-10-06T22:35:45+00:00,,,,False,IPv6 entra em nova fase e desafia provedores a avançarem na maturidade das redes
IGF Lusófono aconteceu em Angola e refletiu os desafios para a diversidade linguística da lusofonia,NIC.br,Notícia coletada,2026-09-29,day,2026-09-29,https://www.nic.br/noticia/na-midia/4-igf-lusofono-aconteceu-na-angola-e-abordou-ciberseguranca-protecao-de-dados-e-a-promocao-de-conteudos-em-lingua-portuguesa/,,False,,,,2026-09-29T23:31:45+00:00,2026-09-29,2026-10-06T22:35:45+00:00,,,,False,IGF Lusófono aconteceu em Angola e refletiu os desafios para a diversidade linguística da lusofonia
ANJL vai ao STF tentar impedir bloqueio de bets pela Anatel,NIC.br,Notícia coletada,2026-09-29,day,2026-09-29,https://www.nic.br/noticia/na-midia/anjl-vai-ao-stf-tentar-impedir-bloqueio-de-i-bets-i-pela-anatel/,,False,,,,2026-09-29T23:31:45+00:00,2026-09-29,2026-10-06T22:35:45+00:00,,,,False,ANJL vai ao STF tentar impedir bloqueio de bets pela Anatel
Partido Verde e CNTE pedem que STF determine à Anatel liberação de Internet ilimitada 72 horas antes das eleições,NIC.br,Notícia coletada,2026-09-28,day,2026-09-28,https://www.nic.br/noticia/na-midia/partido-verde-e-cnte-pedem-que-stf-determine-a-anatel-liberacao-de-internet-ilimitada-72-horas-antes-das-eleicoes/,,True,,Internet,Internet: internet,2026-09-28T21:01:12+00:00,2026-09-28,2026-10-06T22:35:45+00:00,,,,False,Partido Verde e CNTE pedem que STF determine à Anatel liberação de Internet ilimitada 72 horas antes das eleições
MP proíbe bets e determina encerramento das operações em 30 dias,Senado Federal,Notícia coletada,2026-09-28,day,28/09/2026 10h51,https://www12.senado.leg.br/noticias/materias/2026/09/28/mp-proibe-bets-e-determina-encerramento-das-operacoes-em-30-dias,,False,,,,2026-09-28T21:01:12+00:00,2026-09-28,2026-09-29T23:31:45+00:00,,,,False,MP proíbe bets e determina encerramento das operações em 30 dias
Lula assina medida provisória que proíbe os sites de aposta no Brasil,NIC.br,Notícia coletada,2026-09-28,day,2026-09-28,https://www.nic.br/noticia/na-midia/lula-assina-medida-provisoria-que-proibe-os-i-sites-i-de-aposta-no-brasil/,,False,,,,2026-09-28T21:01:12+00:00,2026-09-28,2026-10-06T22:35:45+00:00,,,,False,Lula assina medida provisória que proíbe os sites de aposta no Brasil
Governo vai fiscalizar sites e pagamentos para combater bets clandestinas,NIC.br,Notícia coletada,2026-09-28,day,2026-09-28,https://www.nic.br/noticia/na-midia/governo-vai-fiscalizar-i-sites-i-e-pagamentos-para-combater-i-bets-i-clandestinas/,,False,,,,2026-09-28T21:01:12+00:00,2026-09-28,2026-10-06T22:35:45+00:00,,,,False,Governo vai fiscalizar sites e pagamentos para combater bets clandestinas
Eleições 2026: veja o que é fato sobre o voto para o Senado,Senado Federal,Notícia coletada,2026-09-28,day,28/09/2026 11h43,https://www12.senado.leg.br/noticias/materias/2026/09/28/eleicoes-2026-veja-o-que-e-fato-sobre-o-voto-para-o-senado,,False,,,,2026-09-28T21:01:12+00:00,2026-09-28,2026-09-29T23:31:45+00:00,,,,False,Eleições 2026: veja o que é fato sobre o voto para o Senado
Desenrola Brasil 3.0 já está em vigor; veja como funciona,Senado Federal,Notícia coletada,2026-09-28,day,28/09/2026 11h59,https://www12.senado.leg.br/noticias/materias/2026/09/28/desenrola-brasil-3-0-ja-esta-em-vigor-veja-como-funciona,,False,,,,2026-09-28T21:01:12+00:00,2026-09-28,2026-09-29T23:31:45+00:00,,,,False,Desenrola Brasil 3.0 já está em vigor; veja como funciona
"Convocatoria a la reunión de la Unidad Temática Autonomía, Gestión y Participación",Mercociudades,Notícia coletada,2026-09-28,day,2026-09-28,https://mercociudades.org/pt-br/convocatoria-a-la-reunion-de-la-unidad-tematica-autonomia-gestion-y-participacion/,,False,,,,2026-09-28T21:01:12+00:00,2026-09-28,2026-10-06T22:35:45+00:00,,,,False,"Convocatoria a la reunión de la Unidad Temática Autonomía, Gestión y Participación"
Congresso passa a ter agendamento prévio para visitação,Senado Federal,Notícia coletada,2026-09-28,day,28/09/2026 14h52,https://www12.senado.leg.br/noticias/materias/2026/09/28/congresso-passa-a-ter-agendamento-previo-para-visitacao,,False,,,,2026-09-28T21:01:12+00:00,2026-09-28,2026-09-29T23:31:45+00:00,,,,False,Congresso passa a ter agendamento prévio para visitação
Chega ao Congresso projeto que torna crime a exploração de bets,Senado Federal,Notícia coletada,2026-09-28,day,28/09/2026 16h17,https://www12.senado.leg.br/noticias/materias/2026/09/28/chega-ao-congresso-projeto-que-torna-crime-a-exploracao-de-bets,,False,,,,2026-09-28T21:01:12+00:00,2026-09-28,2026-09-29T23:31:45+00:00,,,,False,Chega ao Congresso projeto que torna crime a exploração de bets
"Vídeos falsos e IA superam fake news como ameaça à democracia, alerta novo guia do CGI.br",NIC.br,Notícia coletada,2026-09-25,day,2026-09-25,https://www.nic.br/noticia/na-midia/videos-falsos-e-ia-superam-i-fake-news-i-como-ameaca-a-democracia-alerta-novo-guia-do-cgi-br/,,True,IA e proteção de dados,Inteligência artificial; Moderação,Inteligência artificial: ia; Moderação: fake news,2026-09-28T21:01:12+00:00,2026-09-28,2026-10-06T22:35:45+00:00,,,,False,"Vídeos falsos e IA superam fake news como ameaça à democracia, alerta novo guia do CGI.br"
Sessão destaca excelência do ensino da Escola Superior de Ciências da Saúde,Senado Federal,Notícia coletada,2026-09-25,day,25/09/2026 18h09,https://www12.senado.leg.br/noticias/materias/2026/09/25/sessao-destaca-excelencia-do-ensino-da-escola-superior-de-ciencias-da-saude,,False,,,,2026-09-28T21:01:12+00:00,2026-09-28,2026-09-28T21:01:12+00:00,,,,False,Sessão destaca excelência do ensino da Escola Superior de Ciências da Saúde
IX.br inaugura 40º Ponto de Troca de Tráfego no Amapá,NIC.br,Notícia coletada,2026-09-25,day,2026-09-25,https://www.nic.br/noticia/na-midia/ix-br-inaugura-40-ponto-de-troca-de-trafego-no-amapa/,,False,,,,2026-09-28T21:01:12+00:00,2026-09-28,2026-10-06T22:35:45+00:00,,,,False,IX.br inaugura 40º Ponto de Troca de Tráfego no Amapá
Editadas medidas provisórias contra bets e endividamento das famílias,Senado Federal,Notícia coletada,2026-09-25,day,25/09/2026 20h27,https://www12.senado.leg.br/noticias/materias/2026/09/25/poder-executivo-anuncia-mps-contra-bets-e-endividamento-das-familias,,False,,,,2026-09-28T21:01:12+00:00,2026-09-28,2026-09-28T21:01:12+00:00,,,,False,Editadas medidas provisórias contra bets e endividamento das famílias
"Deepfakes viram principal ameaça digital às eleições, diz guia",NIC.br,Notícia coletada,2026-09-25,day,2026-09-25,https://www.nic.br/noticia/na-midia/i-deepfakes-i-viram-principal-ameaca-digital-as-eleicoes-diz-guia/,,False,,,,2026-09-28T21:01:12+00:00,2026-09-28,2026-10-06T22:35:45+00:00,,,,False,"Deepfakes viram principal ameaça digital às eleições, diz guia"
IX.br chega ao Amapá e PPTs estão em todos os estados do país,NIC.br,Notícia coletada,2026-09-24,day,2026-09-24,https://www.nic.br/noticia/na-midia/ix-br-chega-ao-amapa-e-ppts-estao-em-todos-os-estados-do-pais/,,False,,,,2026-09-28T21:01:12+00:00,2026-09-28,2026-10-06T22:35:45+00:00,,,,False,IX.br chega ao Amapá e PPTs estão em todos os estados do país
"Chamada para a Comunidade de Aprendizagem “Experiências, realidades, desafios e oportunidades dos Cuidados Comunitários”",Mercociudades,Notícia coletada,2026-09-24,day,2026-09-24,https://mercociudades.org/pt-br/convocatoria-a-la-comunidad-de-aprendizaje-experiencias-realidades-retos-y-oportunidades-de-los-cuidados-comunitarios/,,False,,,,2026-09-28T21:01:12+00:00,2026-09-28,2026-10-06T22:35:45+00:00,,,,False,"Chamada para a Comunidade de Aprendizagem “Experiências, realidades, desafios e oportunidades dos Cuidados Comunitários”"
Avanço da IA e fake news acendem alerta sobre moderação das redes,NIC.br,Notícia coletada,2026-09-24,day,2026-09-24,https://www.nic.br/noticia/na-midia/avanco-da-ia-e-i-fake-news-i-acendem-alerta-sobre-moderacao-das-redes/,,True,IA e proteção de dados,Inteligência artificial; Moderação,Inteligência artificial: ia; Moderação: fake news,2026-09-28T21:01:12+00:00,2026-09-28,2026-10-06T22:35:45+00:00,,,,False,Avanço da IA e fake news acendem alerta sobre moderação das redes
IX.br inaugura no Amapá 40º Ponto de Troca de Tráfego e alcança todos os estados brasileiros,NIC.br,Notícia coletada,2026-09-23,day,2026-09-23,https://www.nic.br/noticia/releases/ix-br-inaugura-no-amapa-40-ponto-de-troca-de-trafego-e-alcanca-todos-os-estados-brasileiros/,,False,,,,2026-09-28T21:01:12+00:00,2026-09-28,2026-10-06T22:35:45+00:00,,,,False,IX.br inaugura no Amapá 40º Ponto de Troca de Tráfego e alcança todos os estados brasileiros
IA e vídeos falsos superam fake news como maior ameaça à democracia,NIC.br,Notícia coletada,2026-09-23,day,2026-09-23,https://www.nic.br/noticia/na-midia/ia-e-videos-falsos-superam-i-fake-news-i-como-maior-ameaca-a-democracia/,,True,IA e proteção de dados,Inteligência artificial; Moderação,Inteligência artificial: ia; Moderação: fake news,2026-09-28T21:01:12+00:00,2026-09-28,2026-10-06T22:35:45+00:00,,,,False,IA e vídeos falsos superam fake news como maior ameaça à democracia
Chamada aberta: Reconhecimento de boas práticas em inovação educacional local,Mercociudades,Notícia coletada,2026-09-23,day,2026-09-23,https://mercociudades.org/pt-br/convocatoria-abierta-reconocimiento-buenas-practicas-innovacion-educativa-local/,,False,,,,2026-09-28T21:01:12+00:00,2026-09-28,2026-10-06T22:35:45+00:00,,,,False,Chamada aberta: Reconhecimento de boas práticas em inovação educacional local
CGI.br alerta para impacto de IA e algoritmos nas eleições de 2026,NIC.br,Notícia coletada,2026-09-23,day,2026-09-23,https://www.nic.br/noticia/na-midia/cgi-br-alerta-para-impacto-de-ia-e-algoritmos-nas-eleicoes-de-2026/,,True,IA e proteção de dados,Inteligência artificial; Algoritmos,Inteligência artificial: ia; Algoritmos: algoritmos,2026-09-28T21:01:12+00:00,2026-09-28,2026-10-06T22:35:45+00:00,,,,False,CGI.br alerta para impacto de IA e algoritmos nas eleições de 2026
O mito dos nativos digitais,NIC.br,Notícia coletada,2026-09-22,day,2026-09-22,https://www.nic.br/noticia/na-midia/saber-usar-o-celular-nao-e-saber-trabalhar-com-ele/,,False,,,,2026-09-28T21:01:12+00:00,2026-09-28,2026-10-06T22:35:45+00:00,,,,False,O mito dos nativos digitais
Diretrizes do CGI.br para regulação das redes sociais,NIC.br,Notícia coletada,2026-09-22,day,2026-09-22,https://www.nic.br/noticia/na-midia/diretrizes-do-cgi-br-para-regulacao-das-redes-sociais/,,True,,Plataformas,Plataformas: redes sociais,2026-09-28T21:01:12+00:00,2026-09-28,2026-10-06T22:35:45+00:00,,,,False,Diretrizes do CGI.br para regulação das redes sociais
"As novas gerações são, de fato, mais violentas?",NIC.br,Notícia coletada,2026-09-22,day,2026-09-22,https://www.nic.br/noticia/na-midia/as-novas-geracoes-sao-de-fato-mais-violentas/,,False,,,,2026-09-28T21:01:12+00:00,2026-09-28,2026-10-06T22:35:45+00:00,,,,False,"As novas gerações são, de fato, mais violentas?"
Regulação das redes sociais: regras podem variar conforme a empresa,NIC.br,Notícia coletada,2026-09-21,day,2026-09-21,https://www.nic.br/noticia/na-midia/regulacao-das-redes-sociais-regras-podem-variar-conforme-a-empresa/,,True,,Plataformas,Plataformas: redes sociais,2026-09-28T21:01:12+00:00,2026-09-28,2026-10-06T22:35:45+00:00,,,,False,Regulação das redes sociais: regras podem variar conforme a empresa
Mercocidades e ICLEI convidam as cidades a contribuírem para as posições regionais da COP17 e da COP31,Mercociudades,Notícia coletada,2026-09-21,day,2026-09-21,https://mercociudades.org/pt-br/mercociudades-iclei-convocan-ciudades-contribuir-posicionamientos-regionales-rumbo-cop17-cop31/,,False,,,,2026-09-28T21:01:12+00:00,2026-09-28,2026-10-06T22:35:45+00:00,,,,False,Mercocidades e ICLEI convidam as cidades a contribuírem para as posições regionais da COP17 e da COP31
Encontro da Mercocidades na Feira Internacional de Turismo da América Latina,Mercociudades,Notícia coletada,2026-09-21,day,2026-09-21,https://mercociudades.org/pt-br/encuentro-de-mercociudades-en-la-feria-internacional-de-turismo-de-america-latina-2/,,False,,,,2026-09-28T21:01:12+00:00,2026-09-28,2026-10-06T22:35:45+00:00,,,,False,Encontro da Mercocidades na Feira Internacional de Turismo da América Latina
EDPB harmonises fining methodology and adopts final DSA-GDPR guidelines,EDPB,Notícia coletada,2026-09-21,day,2026-09-21T12:00:00Z,https://www.edpb.europa.eu/news/edpb-harmonises-fining-methodology-and-adopts-final-dsa-gdpr-guidelines_en,,True,GDPR/LGPD e proteção de dados,GDPR; DSA; EDPB,GDPR: gdpr; DSA: dsa; EDPB: edpb,2026-09-28T21:01:12+00:00,2026-09-28,2026-10-06T22:35:45+00:00,,,,False,EDPB harmonises fining methodology and adopts final DSA-GDPR guidelines
Comitê Gestor da Internet publica diretrizes para regular redes sociais,NIC.br,Notícia coletada,2026-09-21,day,2026-09-21,https://www.nic.br/noticia/na-midia/comite-gestor-da-internet-publica-diretrizes-para-regular-redes-sociais/,,True,,Plataformas; Internet,Plataformas: redes sociais; Internet: internet,2026-09-28T21:01:12+00:00,2026-09-28,2026-10-06T22:35:45+00:00,,,,False,Comitê Gestor da Internet publica diretrizes para regular redes sociais
CGI.br divulga 46 diretrizes para orientar o debate e a regulação de redes sociais no país,NIC.br,Notícia coletada,2026-09-21,day,2026-09-21,https://www.nic.br/noticia/na-midia/comite-propoe-freio-a-algoritmos-e-responsabilidade-de-plataformas/,,True,,Plataformas,Plataformas: redes sociais,2026-09-28T21:01:12+00:00,2026-09-28,2026-10-06T22:35:45+00:00,,,,False,CGI.br divulga 46 diretrizes para orientar o debate e a regulação de redes sociais no país
Fascículo gratuito do CERT.br ensina como usar a IA com segurança,NIC.br,Notícia coletada,2026-09-18,day,2026-09-18,https://www.nic.br/noticia/na-midia/fasciculo-gratuito-do-cert-br-ensina-como-usar-a-ia-com-seguranca/,,True,IA e proteção de dados,Inteligência artificial,Inteligência artificial: ia,2026-09-28T21:01:12+00:00,2026-09-28,2026-10-06T22:35:45+00:00,,,,False,Fascículo gratuito do CERT.br ensina como usar a IA com segurança
Comitê Gestor da Internet propõe diretrizes para regular redes sociais,NIC.br,Notícia coletada,2026-09-18,day,2026-09-18,https://www.nic.br/noticia/na-midia/comite-gestor-da-internet-propoe-diretrizes-para-regular-redes-sociais/,,True,,Plataformas; Internet,Plataformas: redes sociais; Internet: internet,2026-09-28T21:01:12+00:00,2026-09-28,2026-10-06T22:35:45+00:00,,,,False,Comitê Gestor da Internet propõe diretrizes para regular redes sociais
Comitê Gestor da Internet lança diretrizes para regulação de redes sociais,NIC.br,Notícia coletada,2026-09-18,day,2026-09-18,https://www.nic.br/noticia/na-midia/comite-gestor-da-internet-lanca-diretrizes-para-regulacao-de-redes-sociais/,,True,,Plataformas; Internet,Plataformas: redes sociais; Internet: internet,2026-09-28T21:01:12+00:00,2026-09-28,2026-10-06T22:35:45+00:00,,,,False,Comitê Gestor da Internet lança diretrizes para regulação de redes sociais
Chamada aberta: Encontro virtual sobre deficiência e inclusão,Mercociudades,Notícia coletada,2026-09-18,day,2026-09-18,https://mercociudades.org/pt-br/convocatoria-abierta-encuentro-virtual-de-discapacidad-e-inclusion/,,False,,,,2026-09-28T21:01:12+00:00,2026-09-28,2026-10-02T13:24:35+00:00,,,,False,Chamada aberta: Encontro virtual sobre deficiência e inclusão
"No ambiente escolar, estudantes relatam 'pacto silencioso' com docentes sobre uso de IA",NIC.br,Notícia coletada,2026-09-17,day,2026-09-17,https://www.nic.br/noticia/na-midia/no-ambiente-escolar-estudantes-relatam-pacto-silencioso-com-discentes-sobre-uso-de-ia/,,True,IA e proteção de dados,Inteligência artificial,Inteligência artificial: ia,2026-09-28T21:01:12+00:00,2026-09-28,2026-10-06T22:35:45+00:00,,,,False,"No ambiente escolar, estudantes relatam 'pacto silencioso' com docentes sobre uso de IA"
CGI.br propõe responsabilização gradual de redes sociais por conteúdo de terceiros,NIC.br,Notícia coletada,2026-09-17,day,2026-09-17,https://www.nic.br/noticia/na-midia/cgi-br-propoe-responsabilizacao-gradual-de-redes-sociais-por-conteudo-de-terceiros/,,True,,Plataformas,Plataformas: redes sociais,2026-09-28T21:01:12+00:00,2026-09-28,2026-10-06T22:35:45+00:00,,,,False,CGI.br propõe responsabilização gradual de redes sociais por conteúdo de terceiros
CGI.br apresenta 46 diretrizes para embasar a regulação de redes sociais no Brasil,NIC.br,Notícia coletada,2026-09-17,day,2026-09-17,https://www.nic.br/noticia/releases/cgi-br-apresenta-46-diretrizes-para-embasar-a-regulacao-de-redes-sociais-no-brasil/,,True,,Plataformas,Plataformas: redes sociais,2026-09-28T21:01:12+00:00,2026-09-28,2026-10-06T22:35:45+00:00,,,,False,CGI.br apresenta 46 diretrizes para embasar a regulação de redes sociais no Brasil
65% das crianças e adolescentes já usam IA generativa,NIC.br,Notícia coletada,2026-09-17,day,2026-09-17,https://www.nic.br/noticia/na-midia/65-das-criancas-e-adolescentes-ja-usam-ia-generativa-aulas-de-robotica-ampliam-o-contato-com-programacao/,,True,IA e proteção de dados,Inteligência artificial,Inteligência artificial: ia,2026-09-28T21:01:12+00:00,2026-09-28,2026-10-06T22:35:45+00:00,,,,False,65% das crianças e adolescentes já usam IA generativa
Unidade Temática de Educação lançará chamada de propostas sobre inovação educacional local,Mercociudades,Notícia coletada,2026-09-16,day,2026-09-16,https://mercociudades.org/pt-br/unidad-tematica-educacion-presentara-convocatoria-innovacion-educativa-local/,,False,,,,2026-09-28T21:01:12+00:00,2026-09-28,2026-10-02T13:24:35+00:00,,,,False,Unidade Temática de Educação lançará chamada de propostas sobre inovação educacional local
Série “Eleições”: do algoritmo ao santinho eleitoral,NIC.br,Notícia coletada,2026-09-16,day,2026-09-16,https://www.nic.br/noticia/na-midia/serie-eleicoes-do-algoritmo-ao-santinho-eleitoral/,,True,IA e proteção de dados,Algoritmos,Algoritmos: algoritmo,2026-09-28T21:01:12+00:00,2026-09-28,2026-10-06T22:35:45+00:00,,,,False,Série “Eleições”: do algoritmo ao santinho eleitoral
Presidente e CEO da ICANN visita instalações do NIC.br em São Paulo,NIC.br,Notícia coletada,2026-09-16,day,2026-09-16,https://www.nic.br/noticia/notas/presidente-e-ceo-da-icann-visita-instalacoes-do-nic-br-em-sao-paulo/,,False,,,,2026-09-28T21:01:12+00:00,2026-09-28,2026-10-06T22:35:45+00:00,,,,False,Presidente e CEO da ICANN visita instalações do NIC.br em São Paulo
IA nas escolas: a tecnologia pode aumentar as desigualdades?,NIC.br,Notícia coletada,2026-09-16,day,2026-09-16,https://www.nic.br/noticia/na-midia/ia-nas-escolas-a-tecnologia-pode-aumentar-as-desigualdades/,,True,IA e proteção de dados,Inteligência artificial,Inteligência artificial: ia,2026-09-28T21:01:12+00:00,2026-09-28,2026-10-06T22:35:45+00:00,,,,False,IA nas escolas: a tecnologia pode aumentar as desigualdades?
IA chega à sala de aula e muda a forma de ensinar e aprender; veja dilemas de escolas e alunos,NIC.br,Notícia coletada,2026-09-16,day,2026-09-16,https://www.nic.br/noticia/na-midia/ia-chega-a-sala-de-aula-e-muda-a-forma-de-ensinar-e-aprender-veja-dilemas-de-escolas-e-alunos/,,True,IA e proteção de dados,Inteligência artificial,Inteligência artificial: ia,2026-09-28T21:01:12+00:00,2026-09-28,2026-10-06T22:35:45+00:00,,,,False,IA chega à sala de aula e muda a forma de ensinar e aprender; veja dilemas de escolas e alunos
O uso de inteligência artificial e a inclusão digital,NIC.br,Notícia coletada,2026-09-15,day,2026-09-15,https://www.nic.br/noticia/na-midia/a-ia-tem-cep/,,True,IA e proteção de dados,Inteligência artificial,Inteligência artificial: inteligencia artificial,2026-09-28T21:01:12+00:00,2026-09-28,2026-10-06T22:35:45+00:00,,,,False,O uso de inteligência artificial e a inclusão digital
Abrint leva aos presidenciáveis agenda para conectividade e economia digital,NIC.br,Notícia coletada,2026-09-15,day,2026-09-15,https://www.nic.br/noticia/na-midia/abrint-leva-aos-presidenciaveis-agenda-para-conectividade-e-economia-digital/,,False,,,,2026-09-28T21:01:12+00:00,2026-09-28,2026-10-06T22:35:45+00:00,,,,False,Abrint leva aos presidenciáveis agenda para conectividade e economia digital
Redata vai à sanção e destrava obras de data centers,NIC.br,Notícia coletada,2026-09-14,day,2026-09-14,https://www.nic.br/noticia/na-midia/redata-vai-a-sancao-e-destrava-obras-de-i-data-centers-i/,,False,,,,2026-09-28T21:01:12+00:00,2026-09-28,2026-10-06T22:35:45+00:00,,,,False,Redata vai à sanção e destrava obras de data centers
Mercocidades e ICLEI promovem diálogo regional rumo à COP17 e à COP31,Mercociudades,Notícia coletada,2026-09-14,day,2026-09-14,https://mercociudades.org/pt-br/mercociudades-iclei-convocan-dialogo-regional-rumbo-cop17-biodiversidad/,,False,,,,2026-09-28T21:01:12+00:00,2026-09-28,2026-10-02T13:24:35+00:00,,,,False,Mercocidades e ICLEI promovem diálogo regional rumo à COP17 e à COP31
Fantástico destaca dados inéditos da pesquisa TIC Educação 2025,NIC.br,Notícia coletada,2026-09-14,day,2026-09-14,https://www.nic.br/noticia/na-midia/fantastico/,,False,,,,2026-09-28T21:01:12+00:00,2026-09-28,2026-10-06T22:35:45+00:00,,,,False,Fantástico destaca dados inéditos da pesquisa TIC Educação 2025
Ceptro.br|NIC.br promove 13ª edição online da Semana de Capacitação,NIC.br,Notícia coletada,2026-09-14,day,2026-09-14,https://www.nic.br/noticia/na-midia/ceptro-br-nic-br-promove-13-edicao-i-online-i-da-semana-de-capacitacao/,,False,,,,2026-09-28T21:01:12+00:00,2026-09-28,2026-10-06T22:35:45+00:00,,,,False,Ceptro.br|NIC.br promove 13ª edição online da Semana de Capacitação
Aprender Conectado chega à marca de 30 mil escolas; legado é principal preocupação,NIC.br,Notícia coletada,2026-09-14,day,2026-09-14,https://www.nic.br/noticia/na-midia/aprender-conectado-chega-a-marca-de-30-mil-escolas-legado-e-principal-preocupacao/,,False,,,,2026-09-28T21:01:12+00:00,2026-09-28,2026-10-06T22:35:45+00:00,,,,False,Aprender Conectado chega à marca de 30 mil escolas; legado é principal preocupação
O lado negligenciado no uso de IA no setor público,NIC.br,Notícia coletada,2026-09-11,day,2026-09-11,https://www.nic.br/noticia/na-midia/o-lado-negligenciado-no-uso-de-ia-no-setor-publico/,,True,IA e proteção de dados,Inteligência artificial,Inteligência artificial: ia,2026-09-28T21:01:12+00:00,2026-09-28,2026-10-06T22:35:45+00:00,,,,False,O lado negligenciado no uso de IA no setor público
IA acelera mudança na forma como empresas desenvolvem seus profissionais,NIC.br,Notícia coletada,2026-09-11,day,2026-09-11,https://www.nic.br/noticia/na-midia/ia-acelera-mudanca-na-forma-como-empresas-desenvolvem-seus-profissionais/,,True,IA e proteção de dados,Inteligência artificial,Inteligência artificial: ia,2026-09-28T21:01:12+00:00,2026-09-28,2026-10-06T22:35:45+00:00,,,,False,IA acelera mudança na forma como empresas desenvolvem seus profissionais
Escola de Resiliência da Mercocidades chega ao fim em Juiz de Fora,Mercociudades,Notícia coletada,2026-09-11,day,2026-09-11T13:59:21,https://mercociudades.org/pt-br/finaliza-la-escuela-de-resiliencia-de-mercociudades-en-juiz-de-fora/,,False,,,,2026-09-28T21:01:12+00:00,2026-09-28,2026-10-01T16:53:19+00:00,,,,False,Escola de Resiliência da Mercocidades chega ao fim em Juiz de Fora
Crianças e adolescentes já têm contato com jogos de apostas,NIC.br,Notícia coletada,2026-09-11,day,2026-09-11,https://www.nic.br/noticia/na-midia/criancas-e-adolescentes-ja-tem-contato-com-jogos-de-apostas/,,False,,,,2026-09-28T21:01:12+00:00,2026-09-28,2026-10-06T22:35:45+00:00,,,,False,Crianças e adolescentes já têm contato com jogos de apostas
Edital de 6 GHz: Anatel explica as inovações da proposta,NIC.br,Notícia coletada,2026-09-10,day,2026-09-10,https://www.nic.br/noticia/na-midia/edital-de-6-ghz-conselheiro-da-anatel-explica-as-inovacoes-da-proposta/,,False,,,,2026-09-28T21:01:12+00:00,2026-09-28,2026-10-06T22:35:45+00:00,,,,False,Edital de 6 GHz: Anatel explica as inovações da proposta
"Brasileiros revelam vidas pessoais à IA, mas temem uso de dados",NIC.br,Notícia coletada,2026-09-10,day,2026-09-10,https://www.nic.br/noticia/na-midia/brasileiros-revelam-vidas-pessoais-a-ia-mas-temem-uso-de-dados/,,True,IA e proteção de dados,Inteligência artificial,Inteligência artificial: ia,2026-09-28T21:01:12+00:00,2026-09-28,2026-10-06T22:35:45+00:00,,,,False,"Brasileiros revelam vidas pessoais à IA, mas temem uso de dados"
3º Encontro da Rede Conexão Povos da Floresta reúne comunidades e define novos compromissos para os territórios,NIC.br,Notícia coletada,2026-09-10,day,2026-09-10,https://www.nic.br/noticia/na-midia/3-encontro-da-rede-conexao-povos-da-floresta-reune-comunidades-e-define-novos-compromissos-para-os-territorios/,,False,,,,2026-09-28T21:01:12+00:00,2026-09-28,2026-10-06T22:35:45+00:00,,,,False,3º Encontro da Rede Conexão Povos da Floresta reúne comunidades e define novos compromissos para os territórios
Encontro Virtual da UT de Infâncias: “Cidades que Cuidam das Infâncias”,Mercociudades,Notícia coletada,2026-09-09,day,2026-09-09T12:02:01,https://mercociudades.org/pt-br/encuentro-virtual-de-la-ut-de-infancias-ciudades-que-cuidan-de-las-infancias/,,False,,,,2026-09-28T21:01:12+00:00,2026-09-28,2026-09-29T23:31:45+00:00,,,,False,Encontro Virtual da UT de Infâncias: “Cidades que Cuidam das Infâncias”
Desafios éticos da inteligência artificial: da técnica ao juízo,NIC.br,Notícia coletada,2026-09-09,day,2026-09-09,https://www.nic.br/noticia/na-midia/desafios-eticos-da-inteligencia-artificial-da-tecnica-ao-juizo/,,True,IA e proteção de dados,Inteligência artificial,Inteligência artificial: inteligencia artificial,2026-09-28T21:01:12+00:00,2026-09-28,2026-10-06T22:35:45+00:00,,,,False,Desafios éticos da inteligência artificial: da técnica ao juízo
A tecnologia chega cada vez mais cedo à infância,NIC.br,Notícia coletada,2026-09-09,day,2026-09-09,https://www.nic.br/noticia/na-midia/a-tecnologia-chega-cada-vez-mais-cedo-a-infancia/,,False,,,,2026-09-28T21:01:12+00:00,2026-09-28,2026-10-06T22:35:45+00:00,,,,False,A tecnologia chega cada vez mais cedo à infância
O Grupo de Esportes da Mercocidades realizará um debate sobre esporte e cuidado,Mercociudades,Notícia coletada,2026-09-08,day,2026-09-08T11:21:10,https://mercociudades.org/pt-br/deportes-mercociudades-desarrollara-conversatorio-deporte-cuidados/,,False,,,,2026-09-28T21:01:12+00:00,2026-09-28,2026-09-28T21:36:56+00:00,,,,False,O Grupo de Esportes da Mercocidades realizará um debate sobre esporte e cuidado
IA fica entre o risco ambiental e a urgência de respostas,NIC.br,Notícia coletada,2026-09-08,day,2026-09-08,https://www.nic.br/noticia/na-midia/ia-fica-entre-o-risco-ambiental-e-a-urgencia-de-respostas/,,True,IA e proteção de dados,Inteligência artificial,Inteligência artificial: ia,2026-09-28T21:01:12+00:00,2026-09-28,2026-10-06T22:35:45+00:00,,,,False,IA fica entre o risco ambiental e a urgência de respostas
Golpes na Internet: quase um terço dos usuários relata tentativas de fraude,NIC.br,Notícia coletada,2026-09-08,day,2026-09-08,https://www.nic.br/noticia/na-midia/golpes-na-internet-quase-um-terco-dos-usuarios-relata-tentativas-de-fraude/,,True,,Internet,Internet: internet,2026-09-28T21:01:12+00:00,2026-09-28,2026-10-06T22:35:45+00:00,,,,False,Golpes na Internet: quase um terço dos usuários relata tentativas de fraude
"Apenas 10% dos jovens adotam postura ativa para checar informações na Internet, diz pesquisa",NIC.br,Notícia coletada,2026-09-08,day,2026-09-08,https://www.nic.br/noticia/na-midia/so-10-dos-jovens-checam-informacoes-que-veem-na-internet-diz-pesquisa/,,True,,Internet,Internet: internet,2026-09-28T21:01:12+00:00,2026-09-28,2026-10-06T22:35:45+00:00,,,,False,"Apenas 10% dos jovens adotam postura ativa para checar informações na Internet, diz pesquisa"
Chamada aberta: Encontro da Unidade Temática da Juventude “Cidades que Cuidam”,Mercociudades,Notícia coletada,2026-09-07,day,2026-09-07T14:45:34,https://mercociudades.org/pt-br/convocatoria-abierta-encuentro-de-la-unidad-tematica-de-juventudes-ciudades-que-cuidan/,,False,,,,2026-09-28T21:01:12+00:00,2026-09-28,2026-09-28T21:36:56+00:00,,,,False,Chamada aberta: Encontro da Unidade Temática da Juventude “Cidades que Cuidam”
Juiz de Fora sediará a 9ª edição da Escola de Resiliência,Mercociudades,Notícia coletada,2026-09-04,day,2026-09-04T11:20:11,https://mercociudades.org/pt-br/juiz-de-fora-sera-sede-9a-edicion-escuela-resiliencia/,,False,,,,2026-09-28T21:36:56+00:00,2026-09-28,2026-09-28T21:36:56+00:00,,,,False,Juiz de Fora sediará a 9ª edição da Escola de Resiliência
"Cristine Hoepers, gerente do CERT.br, fala sobre phishing em painel na Febraban Tech 2026",NIC.br,Notícia coletada,2026-09-04,day,2026-09-04,https://www.nic.br/noticia/na-midia/cristine-hoepers-gerente-geral-do-cert-br-fala-sobre-i-phishing-i-em-painel-na-febraban-tech-2026/,,False,,,,2026-09-28T21:01:12+00:00,2026-09-28,2026-10-06T22:35:45+00:00,,,,False,"Cristine Hoepers, gerente do CERT.br, fala sobre phishing em painel na Febraban Tech 2026"
Como escolas estão repensando o uso da tecnologia na educação,NIC.br,Notícia coletada,2026-09-04,day,2026-09-04,https://www.nic.br/noticia/na-midia/como-escolas-estao-repensando-o-uso-da-tecnologia-na-educacao/,,False,,,,2026-09-28T21:01:12+00:00,2026-09-28,2026-10-06T22:35:45+00:00,,,,False,Como escolas estão repensando o uso da tecnologia na educação
"CERT.br alerta para riscos no uso de IA e orienta sobre privacidade, fraudes e segurança",NIC.br,Notícia coletada,2026-09-04,day,2026-09-04,https://www.nic.br/noticia/na-midia/cert-br-alerta-para-riscos-no-uso-de-ia-e-orienta-sobre-privacidade-fraudes-e-seguranca/,,True,GDPR/LGPD e proteção de dados; IA e proteção de dados,Privacidade; Inteligência artificial,Privacidade: privacidade; Inteligência artificial: ia,2026-09-28T21:01:12+00:00,2026-09-28,2026-10-06T22:35:45+00:00,,,,False,"CERT.br alerta para riscos no uso de IA e orienta sobre privacidade, fraudes e segurança"
8 de setembro / Encontro de Cultura da Mercocidades,Mercociudades,Notícia coletada,2026-09-04,day,2026-09-04T11:09:07,https://mercociudades.org/pt-br/8-de-septiembre-reunion-de-cultura-de-mercociudades/,,False,,,,2026-09-28T21:36:56+00:00,2026-09-28,2026-09-28T21:36:56+00:00,,,,False,8 de setembro / Encontro de Cultura da Mercocidades
Vai usar IA? Novo fascículo do CERT.br dá dicas de como tirar proveito da tecnologia de forma segura e responsável,NIC.br,Notícia coletada,2026-09-03,day,2026-09-03,https://www.nic.br/noticia/releases/vai-usar-ia-novo-fasciculo-do-cert-br-da-dicas-de-como-tirar-proveito-da-tecnologia-de-forma-segura-e-responsavel/,,True,IA e proteção de dados,Inteligência artificial,Inteligência artificial: ia,2026-09-28T21:01:12+00:00,2026-09-28,2026-10-06T22:35:45+00:00,,,,False,Vai usar IA? Novo fascículo do CERT.br dá dicas de como tirar proveito da tecnologia de forma segura e responsável
"Mensagens e ligações fraudulentas já atingiram 45 milhões de brasileiros, aponta Cetic.br",NIC.br,Notícia coletada,2026-09-03,day,2026-09-03,https://www.nic.br/noticia/na-midia/mensagens-e-ligacoes-fraudulentas-ja-atingiram-45-milhoes-de-brasileiros-aponta-cetic-br/,,False,,,,2026-09-28T21:01:12+00:00,2026-09-28,2026-10-06T22:35:45+00:00,,,,False,"Mensagens e ligações fraudulentas já atingiram 45 milhões de brasileiros, aponta Cetic.br"
Mais da metade dos brasileiros usa IA para falar sobre emoções,NIC.br,Notícia coletada,2026-09-03,day,2026-09-03,https://www.nic.br/noticia/na-midia/mais-da-metade-dos-brasileiros-usa-ia-para-falar-sobre-emocoes/,,True,IA e proteção de dados,Inteligência artificial,Inteligência artificial: ia,2026-09-28T21:01:12+00:00,2026-09-28,2026-10-06T22:35:45+00:00,,,,False,Mais da metade dos brasileiros usa IA para falar sobre emoções
Chamada: Mercocidades e OIM lançam laboratório de inovação para fortalecer a governança migratória local na América Latina,Mercociudades,Notícia coletada,2026-09-03,day,2026-09-03T11:49:37,https://mercociudades.org/pt-br/mercociudades-oim-lanzan-laboratorio-innovacion-fortalecer-gobernanza-migratoria-local-america-latina/,,False,,,,2026-09-28T21:36:56+00:00,2026-09-28,2026-09-28T21:36:56+00:00,,,,False,Chamada: Mercocidades e OIM lançam laboratório de inovação para fortalecer a governança migratória local na América Latina
Um em cada três usuários de Internet no Brasil relatou sofrer tentativa de golpe com uso de seus dados pessoais,NIC.br,Notícia coletada,2026-09-02,day,2026-09-02,https://www.nic.br/noticia/na-midia/um-em-cada-tres-usuarios-de-internet-no-brasil-relatou-sofrer-tentativa-de-golpe-com-uso-de-seus-dados-pessoais-aponta-cetic-br/,,True,GDPR/LGPD e proteção de dados,Proteção de dados; Internet,Proteção de dados: dados pessoais; Internet: internet,2026-09-28T21:01:12+00:00,2026-09-28,2026-10-06T22:35:45+00:00,,,,False,Um em cada três usuários de Internet no Brasil relatou sofrer tentativa de golpe com uso de seus dados pessoais
Inscrições abertas: Encontro sobre ordenamento territorial e planejamento urbano,Mercociudades,Notícia coletada,2026-09-02,day,2026-09-02T12:35:28,https://mercociudades.org/pt-br/inscripciones-abiertas-encuentro-sobre-ordenamiento-territorial-y-planificacion-urbana/,,False,,,,2026-09-28T21:36:56+00:00,2026-09-28,2026-09-28T21:36:56+00:00,,,,False,Inscrições abertas: Encontro sobre ordenamento territorial e planejamento urbano
Golpes com dados pessoais atingem 45 milhões de brasileiros,NIC.br,Notícia coletada,2026-09-02,day,2026-09-02,https://www.nic.br/noticia/na-midia/golpes-com-dados-pessoais-atingem-45-milhoes-de-brasileiros/,,True,GDPR/LGPD e proteção de dados,Proteção de dados,Proteção de dados: dados pessoais,2026-09-28T21:01:12+00:00,2026-09-28,2026-10-06T22:35:45+00:00,,,,False,Golpes com dados pessoais atingem 45 milhões de brasileiros
"Fábio Senne, coordenador do Cetic.br, participa de podcast Futuramente, na CBN",NIC.br,Notícia coletada,2026-09-02,day,2026-09-02,https://www.nic.br/noticia/na-midia/fabio-senne-coordenador-do-cetic-br-participa-de-i-podcast-i-sobre-algoritmos-e-desinformacao/,,False,,,,2026-09-28T21:01:12+00:00,2026-09-28,2026-10-06T22:35:45+00:00,,,,False,"Fábio Senne, coordenador do Cetic.br, participa de podcast Futuramente, na CBN"
"Tentativas de golpes por meios como mensagens ou ligações afetam 45 milhões no Brasil, aponta Cetic.br",NIC.br,Notícia coletada,2026-09-01,day,2026-09-01,https://www.nic.br/noticia/na-midia/tentativas-de-golpes-por-meios-como-mensagens-ou-ligacoes-afetam-45-milhoes-no-brasil-aponta-cetic-br/,,False,,,,2026-09-28T21:01:12+00:00,2026-09-28,2026-10-06T22:35:45+00:00,,,,False,"Tentativas de golpes por meios como mensagens ou ligações afetam 45 milhões no Brasil, aponta Cetic.br"
Quase um terço dos usuários de internet relatam tentativas de golpe,NIC.br,Notícia coletada,2026-09-01,day,2026-09-01,https://www.nic.br/noticia/na-midia/quase-um-terco-dos-usuarios-de-internet-relatam-tentativas-de-golpe/,,True,,Internet,Internet: internet,2026-09-28T21:01:12+00:00,2026-09-28,2026-10-06T22:35:45+00:00,,,,False,Quase um terço dos usuários de internet relatam tentativas de golpe
Mercocidades contribui para o diálogo regional sobre governança e desenvolvimento na América Latina e no Caribe,Mercociudades,Notícia coletada,2026-09-01,day,2026-09-01T15:26:53,https://mercociudades.org/pt-br/mercociudades-contribuye-al-dialogo-regional-sobre-gobernanza-y-desarrollo-en-america-latina-y-el-caribe/,,False,,,,2026-09-28T21:36:56+00:00,2026-09-28,2026-09-28T21:36:56+00:00,,,,False,Mercocidades contribui para o diálogo regional sobre governança e desenvolvimento na América Latina e no Caribe
"Inscrições abertas para a oficina “Liderar sem limites: mulheres, IA e novos desafios para os governos locais”",Mercociudades,Notícia coletada,2026-09-01,day,2026-09-01T13:44:20,https://mercociudades.org/pt-br/inscripciones-abiertas-taller-liderar-sin-limites-mujeres-ia-nuevos-desafios-gobiernos-locales/,,True,IA e proteção de dados,Inteligência artificial,Inteligência artificial: ia,2026-09-28T21:36:56+00:00,2026-09-28,2026-09-28T21:36:56+00:00,,,,False,"Inscrições abertas para a oficina “Liderar sem limites: mulheres, IA e novos desafios para os governos locais”"
Chamada para as “mercocidades”: IX Encontro da Rede Argentina de Cidades Educadoras,Mercociudades,Notícia coletada,2026-09-01,day,2026-09-01T11:39:32,https://mercociudades.org/pt-br/convocatoria-a-las-mercociudades-ix-encuentro-de-la-red-argentina-de-ciudades-educadoras/,,False,,,,2026-09-28T21:36:56+00:00,2026-09-28,2026-09-28T21:36:56+00:00,,,,False,Chamada para as “mercocidades”: IX Encontro da Rede Argentina de Cidades Educadoras
"Brasileiros compartilham emoções com IA, aponta pesquisa do Cetic.br",NIC.br,Notícia coletada,2026-09-01,day,2026-09-01,https://www.nic.br/noticia/na-midia/brasileiros-compartilham-emocoes-e-dados-de-saude-com-ia-aponta-pesquisa-do-cetic-br/,,True,IA e proteção de dados,Inteligência artificial,Inteligência artificial: ia,2026-09-28T21:01:12+00:00,2026-09-28,2026-10-06T22:35:45+00:00,,,,False,"Brasileiros compartilham emoções com IA, aponta pesquisa do Cetic.br"
Unidade Temática de Cultura: Dois dias de trabalho diagnóstico participativo definiram as bases do Inventário Ibero-Americano de Normativas Locais,Mercociudades,Notícia coletada,2026-08-31,day,2026-08-31T15:14:10,https://mercociudades.org/pt-br/unidad-tematica-cultura-dos-jornadas-diagnostico-participativo-definieron-bases-inventario-iberoamericano-normatividades-locales/,,False,,,,2026-09-28T21:36:56+00:00,2026-09-28,2026-09-28T21:36:56+00:00,,,,False,Unidade Temática de Cultura: Dois dias de trabalho diagnóstico participativo definiram as bases do Inventário Ibero-Americano de Normativas Locais
"Um em cada três usuários de Internet no Brasil relatou sofrer tentativa de golpe com uso de seus dados pessoais, aponta Cetic.br",NIC.br,Notícia coletada,2026-08-31,day,2026-08-31,https://www.nic.br/noticia/releases/um-em-cada-tres-usuarios-de-internet-no-brasil-relatou-sofrer-tentativa-de-golpe-com-uso-de-seus-dados-pessoais-aponta-cetic-br/,,True,GDPR/LGPD e proteção de dados,Proteção de dados; Internet,Proteção de dados: dados pessoais; Internet: internet,2026-09-28T21:01:12+00:00,2026-09-28,2026-10-06T22:35:45+00:00,,,,False,"Um em cada três usuários de Internet no Brasil relatou sofrer tentativa de golpe com uso de seus dados pessoais, aponta Cetic.br"
TSE lança ferramenta com orientação de plataformas digitais para eleições,NIC.br,Notícia coletada,2026-08-31,day,2026-08-31,https://www.nic.br/noticia/na-midia/tse-lanca-ferramenta-com-orientacao-de-plataformas-digitais-para-eleicoes/,,True,,Plataformas,Plataformas: plataformas digitais,2026-09-28T21:01:12+00:00,2026-09-28,2026-10-06T22:35:45+00:00,,,,False,TSE lança ferramenta com orientação de plataformas digitais para eleições
Mercocidades e ICLEI apresentam o posicionamento regional de Governos Locais na COP17 sobre Desertificação,Mercociudades,Notícia coletada,2026-08-31,day,2026-08-31T10:33:50,https://mercociudades.org/pt-br/mercociudades-iclei-presentan-posicionamiento-regional-gobiernos-locales-cop17-desertificacion/,,False,,,,2026-09-28T21:36:56+00:00,2026-09-28,2026-09-28T21:36:56+00:00,,,,False,Mercocidades e ICLEI apresentam o posicionamento regional de Governos Locais na COP17 sobre Desertificação
Fraude migra dos sistemas para o comportamento do cliente,NIC.br,Notícia coletada,2026-08-31,day,2026-08-31,https://www.nic.br/noticia/na-midia/fraude-migra-dos-sistemas-para-o-comportamento-do-cliente/,,False,,,,2026-09-28T21:01:12+00:00,2026-09-28,2026-10-06T22:35:45+00:00,,,,False,Fraude migra dos sistemas para o comportamento do cliente
ECA Digital muda mercado de jogos eletrônicos no Brasil com novas regras de segurança infantil e proibição de loot boxes,NIC.br,Notícia coletada,2026-08-31,day,2026-08-31,https://www.nic.br/noticia/na-midia/eca-digital-muda-mercado-de-jogos-eletronicos-no-brasil-com-novas-regras-de-seguranca-infantil-e-proibicao-de-i-loot-boxes-i/,,True,,Proteção infantil,Proteção infantil: eca digital,2026-09-28T21:01:12+00:00,2026-09-28,2026-10-06T22:35:45+00:00,,,,False,ECA Digital muda mercado de jogos eletrônicos no Brasil com novas regras de segurança infantil e proibição de loot boxes
"Dia Internacional das Vítimas de Desaparecimentos Forçados / Compromisso com a verdade, a justiça e a reparação para todas as vítimas e suas famílias",Mercociudades,Notícia coletada,2026-08-31,day,2026-08-31T14:26:08,https://mercociudades.org/pt-br/dia-internacional-del-detenido-desaparecido-compromiso-con-la-verdad-la-justicia-y-la-reparacion-para-todas-las-victimas-y-sus-familias/,,False,,,,2026-09-28T21:36:56+00:00,2026-09-28,2026-09-28T21:36:56+00:00,,,,False,"Dia Internacional das Vítimas de Desaparecimentos Forçados / Compromisso com a verdade, a justiça e a reparação para todas as vítimas e suas famílias"
O Brasil no centro da revolução global da inteligência artificial,NIC.br,Notícia coletada,2026-08-28,day,2026-08-28,https://www.nic.br/noticia/na-midia/o-brasil-no-centro-da-revolucao-global-da-inteligencia-artificial/,,True,IA e proteção de dados,Inteligência artificial,Inteligência artificial: inteligencia artificial,2026-09-28T21:01:12+00:00,2026-09-28,2026-10-06T22:35:45+00:00,,,,False,O Brasil no centro da revolução global da inteligência artificial
ANPD amplia pressão por proteção de dados,NIC.br,Notícia coletada,2026-08-28,day,2026-08-28,https://www.nic.br/noticia/na-midia/anpd-amplia-pressao-por-protecao-de-dados/,,True,GDPR/LGPD e proteção de dados,Proteção de dados; ANPD,Proteção de dados: protecao de dados; ANPD: anpd,2026-09-28T21:01:12+00:00,2026-09-28,2026-10-06T22:35:45+00:00,,,,False,ANPD amplia pressão por proteção de dados
"A IA foi um sucesso, mas o time voltou para a planilha",NIC.br,Notícia coletada,2026-08-28,day,2026-08-28,https://www.nic.br/noticia/na-midia/a-ia-foi-um-sucesso-mas-o-time-voltou-para-a-planilha/,,True,IA e proteção de dados,Inteligência artificial,Inteligência artificial: ia,2026-09-28T21:01:12+00:00,2026-09-28,2026-10-06T22:35:45+00:00,,,,False,"A IA foi um sucesso, mas o time voltou para a planilha"
"3º Seminário do OBIA traz debates sobre sustentabilidade, governança e estado da IA no Brasil",NIC.br,Notícia coletada,2026-08-28,day,2026-08-28,https://www.nic.br/noticia/releases/3-seminario-do-obia-traz-debates-sobre-sustentabilidade-governanca-e-estado-da-ia-no-brasil/,,True,IA e proteção de dados,Inteligência artificial,Inteligência artificial: ia,2026-09-28T21:01:12+00:00,2026-09-28,2026-10-06T22:35:45+00:00,,,,False,"3º Seminário do OBIA traz debates sobre sustentabilidade, governança e estado da IA no Brasil"
17º Seminário de Proteção de Dados debate os desafios da implementação do ECA Digital e o impacto da IA nas eleições,NIC.br,Notícia coletada,2026-08-28,day,2026-08-28,https://www.nic.br/noticia/releases/17-seminario-de-protecao-de-dados-debate-os-desafios-da-implementacao-do-eca-digital-e-o-impacto-da-ia-nas-eleicoes/,,True,GDPR/LGPD e proteção de dados; IA e proteção de dados,Proteção de dados; Inteligência artificial; Proteção infantil,Proteção de dados: protecao de dados; Inteligência artificial: ia; Proteção infantil: eca digital,2026-09-28T21:01:12+00:00,2026-09-28,2026-10-06T22:35:45+00:00,,,,False,17º Seminário de Proteção de Dados debate os desafios da implementação do ECA Digital e o impacto da IA nas eleições
Mercocidades adere à Aliança Global de Cuidados,Mercociudades,Notícia coletada,2026-08-27,day,2026-08-27T16:42:23,https://mercociudades.org/pt-br/mercociudades-se-suma-a-la-alianza-global-por-los-cuidados/,,False,,,,2026-09-28T21:36:56+00:00,2026-09-28,2026-09-28T21:36:56+00:00,,,,False,Mercocidades adere à Aliança Global de Cuidados
Catorze anos de debates: como a pauta de inclusão digital caminhou durante o FIB entre 2013 e 2026,NIC.br,Notícia coletada,2026-08-27,day,2026-08-27,https://www.nic.br/noticia/na-midia/catorze-anos-de-debates-como-a-pauta-de-inclusao-digital-caminhou-durante-o-fib-entre-2013-e-2026/,,False,,,,2026-09-28T21:01:12+00:00,2026-09-28,2026-10-06T22:35:45+00:00,,,,False,Catorze anos de debates: como a pauta de inclusão digital caminhou durante o FIB entre 2013 e 2026
Aprender Conectado abre edital para levar Internet a novas 5.734 escolas,NIC.br,Notícia coletada,2026-08-27,day,2026-08-27,https://www.nic.br/noticia/na-midia/aprender-conectado-abre-edital-para-levar-internet-a-novas-5-734-escolas/,,True,,Internet,Internet: internet,2026-09-28T21:01:12+00:00,2026-09-28,2026-10-06T22:35:45+00:00,,,,False,Aprender Conectado abre edital para levar Internet a novas 5.734 escolas
A economia digital e a sociedade hiperconectada,NIC.br,Notícia coletada,2026-08-27,day,2026-08-27,https://www.nic.br/noticia/na-midia/a-economia-digital-e-a-sociedade-hiperconectada/,,False,,,,2026-09-28T21:01:12+00:00,2026-09-28,2026-10-06T22:35:45+00:00,,,,False,A economia digital e a sociedade hiperconectada
"Statement of Condolence: Bertrand de La Chapelle, Pioneer in the Implementation of Multistakeholder Governance Processes",NIC.br,Notícia coletada,2026-08-26,day,2026-08-26,https://www.nic.br/noticia/notas/statement-of-condolence-bertrand-de-la-chapelle-pioneer-in-the-implementation-of-multistakeholder-governance-processes/,,False,,,,2026-09-28T21:01:12+00:00,2026-09-28,2026-10-06T22:35:45+00:00,,,,False,"Statement of Condolence: Bertrand de La Chapelle, Pioneer in the Implementation of Multistakeholder Governance Processes"
"Sem lei federal, escolas criam as próprias regras para uso de inteligência artificial",NIC.br,Notícia coletada,2026-08-26,day,2026-08-26,https://www.nic.br/noticia/na-midia/sem-lei-federal-escolas-criam-regra-propria-para-ia-na-aprendizagem/,,True,IA e proteção de dados,Inteligência artificial,Inteligência artificial: inteligencia artificial,2026-09-28T21:01:12+00:00,2026-09-28,2026-10-06T22:35:45+00:00,,,,False,"Sem lei federal, escolas criam as próprias regras para uso de inteligência artificial"
San José sediou a 20ª Capacitação da Mercocidades em formulação de projetos,Mercociudades,Notícia coletada,2026-08-26,day,2026-08-26T15:08:53,https://mercociudades.org/pt-br/san-jose-recibio-a-la-20a-capacitacion-de-mercociudades-en-formulacion-de-proyectos/,,False,,,,2026-09-28T21:36:56+00:00,2026-09-28,2026-09-28T21:36:56+00:00,,,,False,San José sediou a 20ª Capacitação da Mercocidades em formulação de projetos
Resolução que regula uso de IA na medicina entra em vigor,NIC.br,Notícia coletada,2026-08-26,day,2026-08-26,https://www.nic.br/noticia/na-midia/resolucao-que-regula-uso-de-ia-na-medicina-entra-em-vigor/,,True,IA e proteção de dados,Inteligência artificial,Inteligência artificial: ia,2026-09-28T21:01:12+00:00,2026-09-28,2026-10-06T22:35:45+00:00,,,,False,Resolução que regula uso de IA na medicina entra em vigor
O eleitor entre o real e o fabricado,NIC.br,Notícia coletada,2026-08-26,day,2026-08-26,https://www.nic.br/noticia/na-midia/o-eleitor-entre-o-real-e-o-fabricado/,,False,,,,2026-09-28T21:01:12+00:00,2026-09-28,2026-10-06T22:35:45+00:00,,,,False,O eleitor entre o real e o fabricado
"Nota de pesar: Bertrand de La Chapelle, pioneiro na implementação de processos de governança multissetoriais",NIC.br,Notícia coletada,2026-08-26,day,2026-08-26,https://www.nic.br/noticia/notas/nota-de-pesar-bertrand-de-la-chapelle-pioneiro-na-implementacao-de-processos-de-governanca-multissetoriais/,,False,,,,2026-09-28T21:01:12+00:00,2026-09-28,2026-10-06T22:35:45+00:00,,,,False,"Nota de pesar: Bertrand de La Chapelle, pioneiro na implementação de processos de governança multissetoriais"
"Jovens encontram respostas online , mas poucos checam as fontes",NIC.br,Notícia coletada,2026-08-25,day,2026-08-25,https://www.nic.br/noticia/na-midia/jovens-encontram-respostas-i-online-i-mas-poucos-checam-as-fontes/,,False,,,,2026-09-28T21:01:12+00:00,2026-09-28,2026-10-06T22:35:45+00:00,,,,False,"Jovens encontram respostas online , mas poucos checam as fontes"
EGI abre inscrições para quinta edição de curso EaD gratuito,NIC.br,Notícia coletada,2026-08-25,day,2026-08-25,https://www.nic.br/noticia/na-midia/escola-governanca-da-internet-no-brasil-do-cgi-br-abre-inscricoes-para-5-edicao-de-curso-ead-gratuito/,,False,,,,2026-09-28T21:01:12+00:00,2026-09-28,2026-10-06T22:35:45+00:00,,,,False,EGI abre inscrições para quinta edição de curso EaD gratuito
"Cooperação de entidades é essencial no combate ao crime na Internet, diz superintendente da Anatel",NIC.br,Notícia coletada,2026-08-25,day,2026-08-25,https://www.nic.br/noticia/na-midia/cooperacao-de-entidades-e-essencial-no-combate-ao-crime-na-internet-diz-superintendente-da-anatel/,,True,,Internet,Internet: internet,2026-09-28T21:01:12+00:00,2026-09-28,2026-10-06T22:35:45+00:00,,,,False,"Cooperação de entidades é essencial no combate ao crime na Internet, diz superintendente da Anatel"
Seminários discutem privacidade e inteligência artificial,NIC.br,Notícia coletada,2026-08-24,day,2026-08-24,https://www.nic.br/noticia/na-midia/seminarios-discutem-privacidade-e-inteligencia-artificial/,,True,GDPR/LGPD e proteção de dados; IA e proteção de dados,Privacidade; Inteligência artificial,Privacidade: privacidade; Inteligência artificial: inteligencia artificial,2026-09-28T21:01:12+00:00,2026-09-28,2026-10-06T22:35:45+00:00,,,,False,Seminários discutem privacidade e inteligência artificial
IA muda o papel da escola e desafia educadores,NIC.br,Notícia coletada,2026-08-24,day,2026-08-24,https://www.nic.br/noticia/na-midia/ia-muda-o-papel-da-escola-e-desafia-educadores/,,True,IA e proteção de dados,Inteligência artificial,Inteligência artificial: ia,2026-09-28T21:01:12+00:00,2026-09-28,2026-10-06T22:35:45+00:00,,,,False,IA muda o papel da escola e desafia educadores
A tecnologia e a saúde mental de crianças e adolescentes,NIC.br,Notícia coletada,2026-08-24,day,2026-08-24,https://www.nic.br/noticia/na-midia/a-tecnologia-e-a-saude-mental-de-criancas-e-adolescentes/,,False,,,,2026-09-28T21:01:12+00:00,2026-09-28,2026-10-06T22:35:45+00:00,,,,False,A tecnologia e a saúde mental de crianças e adolescentes
Inscrições abertas para 17º Seminário de Proteção à Privacidade e para o 3º Seminário do OBIA,NIC.br,Notícia coletada,2026-08-21,day,2026-08-21,https://www.nic.br/noticia/na-midia/inscricoes-abertas-para-17-seminario-de-protecao-a-privacidade-e-para-o-3-seminario-do-obia/,,True,GDPR/LGPD e proteção de dados,Privacidade,Privacidade: privacidade,2026-09-28T21:01:12+00:00,2026-09-28,2026-10-06T22:35:45+00:00,,,,False,Inscrições abertas para 17º Seminário de Proteção à Privacidade e para o 3º Seminário do OBIA
"Cyberbullying , IA e os novos riscos para crianças e adolescentes",NIC.br,Notícia coletada,2026-08-21,day,2026-08-21,https://www.nic.br/noticia/na-midia/i-cyberbullying-i-ia-e-os-novos-riscos-para-criancas-e-adolescentes/,,True,IA e proteção de dados,Inteligência artificial,Inteligência artificial: ia,2026-09-28T21:01:12+00:00,2026-09-28,2026-10-06T22:35:45+00:00,,,,False,"Cyberbullying , IA e os novos riscos para crianças e adolescentes"
Caso Meta e Discord: quem deve responder pelos efeitos das redes em crianças e adolescentes?,NIC.br,Notícia coletada,2026-08-21,day,2026-08-21,https://www.nic.br/noticia/na-midia/caso-meta-e-discord-quem-deve-responder-pelos-efeitos-das-redes-em-criancas-e-adolescentes/,,False,,,,2026-09-28T21:01:12+00:00,2026-09-28,2026-10-06T22:35:45+00:00,,,,False,Caso Meta e Discord: quem deve responder pelos efeitos das redes em crianças e adolescentes?
Oportunidade de treinamento em financiamento climático para governos subnacionais,Mercociudades,Notícia coletada,2026-08-20,day,2026-08-20T14:03:28,https://mercociudades.org/pt-br/oportunidad-capacitacion-finanzas-climaticas-gobiernos-subnacionales/,,False,,,,2026-09-28T21:36:56+00:00,2026-09-28,2026-09-28T21:36:56+00:00,,,,False,Oportunidade de treinamento em financiamento climático para governos subnacionais
Escola de Governança da Internet no Brasil do CGI.br abre inscrições para 5ª edição de curso EaD gratuito,NIC.br,Notícia coletada,2026-08-20,day,2026-08-20,https://www.nic.br/noticia/releases/escola-de-governanca-da-internet-no-brasil-do-cgi-br-abre-inscricoes-para-5-edicao-de-curso-ead-gratuito/,,True,,Governança digital; Internet,Governança digital: governanca da internet; Internet: internet,2026-09-28T21:01:12+00:00,2026-09-28,2026-10-06T22:35:45+00:00,,,,False,Escola de Governança da Internet no Brasil do CGI.br abre inscrições para 5ª edição de curso EaD gratuito
ChatGPT para adolescentes: OpenAI lança versão com mais segurança,NIC.br,Notícia coletada,2026-08-20,day,2026-08-20,https://www.nic.br/noticia/na-midia/chatgpt-para-adolescentes-openai-lanca-versao-com-mais-seguranca/,,False,,,,2026-09-28T21:01:12+00:00,2026-09-28,2026-10-06T22:35:45+00:00,,,,False,ChatGPT para adolescentes: OpenAI lança versão com mais segurança
"Carlos Afonso (C.A.) inaugura o Diálogos EGI, novo projeto de memória da governança da Internet",NIC.br,Notícia coletada,2026-08-20,day,2026-08-20,https://www.nic.br/noticia/na-midia/carlos-afonso-c-a-inaugura-o-dialogos-egi-novo-projeto-de-memoria-da-governanca-da-internet/,,True,,Governança digital; Internet,Governança digital: governanca da internet; Internet: internet,2026-09-28T21:01:12+00:00,2026-09-28,2026-10-06T22:35:45+00:00,,,,False,"Carlos Afonso (C.A.) inaugura o Diálogos EGI, novo projeto de memória da governança da Internet"
17º Seminário de Proteção à Privacidade e aos Dados Pessoais reúne especialistas em São Paulo,NIC.br,Notícia coletada,2026-08-20,day,2026-08-20,https://www.nic.br/noticia/na-midia/17-seminario-de-protecao-a-privacidade-e-aos-dados-pessoais-reune-especialistas-em-sao-paulo/,,True,GDPR/LGPD e proteção de dados,Proteção de dados; Privacidade,Proteção de dados: dados pessoais; Privacidade: privacidade,2026-09-28T21:01:12+00:00,2026-09-28,2026-10-06T22:35:45+00:00,,,,False,17º Seminário de Proteção à Privacidade e aos Dados Pessoais reúne especialistas em São Paulo
ECA digital: o que muda na lei para influenciadores mirins?,NIC.br,Notícia coletada,2026-08-19,day,2026-08-19,https://www.nic.br/noticia/na-midia/eca-digital-o-que-muda-na-lei-para-influenciadores-mirins/,,True,,Proteção infantil,Proteção infantil: eca digital,2026-09-28T21:01:12+00:00,2026-09-28,2026-10-06T22:35:45+00:00,,,,False,ECA digital: o que muda na lei para influenciadores mirins?
Chatbots viraram a nova enciclopédia dos filhos; qual é o papel dos pais e responsáveis na era digital?,NIC.br,Notícia coletada,2026-08-19,day,2026-08-19,https://www.nic.br/noticia/na-midia/tiktok-e-chatgpt-viraram-a-nova-enciclopedia-dos-filhos-qual-e-o-papel-dos-pais-na-era-digital/,,False,,,,2026-09-28T21:01:12+00:00,2026-09-28,2026-10-06T22:35:45+00:00,,,,False,Chatbots viraram a nova enciclopédia dos filhos; qual é o papel dos pais e responsáveis na era digital?
CGI.br e NIC.br abrem inscrições para 17º Seminário de Proteção à Privacidade e para o 3º Seminário do OBIA,NIC.br,Notícia coletada,2026-08-19,day,2026-08-19,https://www.nic.br/noticia/releases/cgi-br-e-nic-br-abrem-inscricoes-para-17-seminario-de-protecao-a-privacidade-e-para-o-3-seminario-do-obia/,,True,GDPR/LGPD e proteção de dados,Privacidade,Privacidade: privacidade,2026-09-28T21:01:12+00:00,2026-09-28,2026-10-06T22:35:45+00:00,,,,False,CGI.br e NIC.br abrem inscrições para 17º Seminário de Proteção à Privacidade e para o 3º Seminário do OBIA
A IA chegou às empresas antes da transformação,NIC.br,Notícia coletada,2026-08-19,day,2026-08-19,https://www.nic.br/noticia/na-midia/a-ia-chegou-as-empresas-antes-da-transformacao/,,True,IA e proteção de dados,Inteligência artificial,Inteligência artificial: ia,2026-09-28T21:01:12+00:00,2026-09-28,2026-10-06T22:35:45+00:00,,,,False,A IA chegou às empresas antes da transformação
Regulação das redes sociais deveria ser implementada ou não?,NIC.br,Notícia coletada,2026-08-18,day,2026-08-18,https://www.nic.br/noticia/na-midia/regulacao-das-redes-sociais-deveria-ser-implementada-ou-nao/,,True,,Plataformas,Plataformas: redes sociais,2026-09-28T21:01:12+00:00,2026-09-28,2026-10-06T22:35:45+00:00,,,,False,Regulação das redes sociais deveria ser implementada ou não?
Novos decretos ampliam proteção às mulheres na Internet,NIC.br,Notícia coletada,2026-08-18,day,2026-08-18,https://www.nic.br/noticia/na-midia/novos-decretos-ampliam-protecao-as-mulheres-na-internet/,,True,,Internet,Internet: internet,2026-09-28T21:01:12+00:00,2026-09-28,2026-10-06T22:35:45+00:00,,,,False,Novos decretos ampliam proteção às mulheres na Internet
Discord acata decisão da ANPD e suspende lives no Brasil,NIC.br,Notícia coletada,2026-08-18,day,2026-08-18,https://www.nic.br/noticia/na-midia/discord-acata-decisao-da-anpd-e-suspende-i-lives-i-no-brasil/,,True,GDPR/LGPD e proteção de dados,ANPD,ANPD: anpd,2026-09-28T21:01:12+00:00,2026-09-28,2026-10-06T22:35:45+00:00,,,,False,Discord acata decisão da ANPD e suspende lives no Brasil
"Na era da IA, inclusão digital deve ser crítica, defende coordenadora da TIC Educação",NIC.br,Notícia coletada,2026-08-17,day,2026-08-17,https://www.nic.br/noticia/na-midia/na-era-da-ia-inclusao-digital-deve-ser-critica-defende-educadora/,,True,IA e proteção de dados,Inteligência artificial,Inteligência artificial: ia,2026-09-28T21:01:12+00:00,2026-09-28,2026-10-06T22:35:45+00:00,,,,False,"Na era da IA, inclusão digital deve ser crítica, defende coordenadora da TIC Educação"
Crise no Discord: é hora de banir crianças e jovens das redes sociais?,NIC.br,Notícia coletada,2026-08-17,day,2026-08-17,https://www.nic.br/noticia/na-midia/crise-no-discord-e-hora-de-banir-criancas-e-jovens-das-redes-sociais/,,True,,Plataformas,Plataformas: redes sociais,2026-09-28T21:01:12+00:00,2026-09-28,2026-10-06T22:35:45+00:00,,,,False,Crise no Discord: é hora de banir crianças e jovens das redes sociais?
Chamada aberta para integrar o Boletim de Igualdade de Gênero de 2026,Mercociudades,Notícia coletada,2026-08-17,day,2026-08-17T14:15:06,https://mercociudades.org/pt-br/convocatoria-abierta-boletin-equidad-genero-politicas-cuidados/,,False,,,,2026-09-28T21:36:56+00:00,2026-09-28,2026-09-28T21:36:56+00:00,,,,False,Chamada aberta para integrar o Boletim de Igualdade de Gênero de 2026
Big techs: STF julga últimos recursos sobre responsabilidade,NIC.br,Notícia coletada,2026-08-17,day,2026-08-17,https://www.nic.br/noticia/na-midia/big-techs-stf-julga-ultimos-recursos-sobre-responsabilidade/,,False,,,,2026-09-28T21:01:12+00:00,2026-09-28,2026-10-06T22:35:45+00:00,,,,False,Big techs: STF julga últimos recursos sobre responsabilidade
UnB realiza seminário para debater desafios contemporâneos,NIC.br,Notícia coletada,2026-08-14,day,2026-08-14,https://www.nic.br/noticia/na-midia/unb-realiza-seminario-para-debater-desafios-contemporaneos/,,False,,,,2026-09-28T21:01:12+00:00,2026-09-28,2026-10-06T22:35:45+00:00,,,,False,UnB realiza seminário para debater desafios contemporâneos
Os cinco problemas do Discord que colocaram a plataforma na mira das autoridades,NIC.br,Notícia coletada,2026-08-14,day,2026-08-14,https://www.nic.br/noticia/na-midia/os-cinco-problemas-do-discord-que-colocaram-a-plataforma-na-mira-das-autoridades/,,False,,,,2026-09-28T21:01:12+00:00,2026-09-28,2026-10-06T22:35:45+00:00,,,,False,Os cinco problemas do Discord que colocaram a plataforma na mira das autoridades
Mercocidades assina três novos acordos estratégicos durante reunião do Conselho em Quilmes,Mercociudades,Notícia coletada,2026-08-14,day,2026-08-14T13:56:02,https://mercociudades.org/pt-br/mercociudades-firma-tres-nuevos-acuerdos-estrategicos-consejo-quilmes/,,False,,,,2026-09-28T21:36:56+00:00,2026-09-28,2026-09-28T21:36:56+00:00,,,,False,Mercocidades assina três novos acordos estratégicos durante reunião do Conselho em Quilmes
A confiança do cliente entrou na era da inteligência artificial,NIC.br,Notícia coletada,2026-08-14,day,2026-08-14,https://www.nic.br/noticia/na-midia/a-confianca-do-cliente-entrou-na-era-da-inteligencia-artificial/,,True,IA e proteção de dados,Inteligência artificial,Inteligência artificial: inteligencia artificial,2026-09-28T21:01:12+00:00,2026-09-28,2026-10-06T22:35:45+00:00,,,,False,A confiança do cliente entrou na era da inteligência artificial
"A Mercocidades reafirma seu compromisso com o Cuidado, a Justiça Social e Ambiental e defende o financiamento acessível e justo para enfrentar esses desafios na América Latina",Mercociudades,Notícia coletada,2026-08-14,day,2026-08-14T16:11:51,https://mercociudades.org/pt-br/declaracion-consejo-quilmes/,,False,,,,2026-09-28T21:36:56+00:00,2026-09-28,2026-09-28T21:36:56+00:00,,,,False,"A Mercocidades reafirma seu compromisso com o Cuidado, a Justiça Social e Ambiental e defende o financiamento acessível e justo para enfrentar esses desafios na América Latina"
Os limites da IA na educação,NIC.br,Notícia coletada,2026-08-13,day,2026-08-13,https://www.nic.br/noticia/na-midia/aprender-antes-de-automatizar-os-limites-da-ia-na-educacao/,,True,IA e proteção de dados,Inteligência artificial,Inteligência artificial: ia,2026-09-28T21:01:12+00:00,2026-09-28,2026-10-06T22:35:45+00:00,,,,False,Os limites da IA na educação
IDP Debates: lideranças brasileiras analisam presente e futuro do país,NIC.br,Notícia coletada,2026-08-13,day,2026-08-13,https://www.nic.br/noticia/na-midia/idp-debates-liderancas-brasileiras-debatem-presente-e-futuro-do-pais/,,False,,,,2026-09-28T21:01:12+00:00,2026-09-28,2026-10-06T22:35:45+00:00,,,,False,IDP Debates: lideranças brasileiras analisam presente e futuro do país
Anatel e Ancine articulam ações globais de combate à pirataria,NIC.br,Notícia coletada,2026-08-13,day,2026-08-13,https://www.nic.br/noticia/na-midia/anatel-e-ancine-articulam-acoes-globais-de-combate-a-pirataria/,,False,,,,2026-09-28T21:01:12+00:00,2026-09-28,2026-10-06T22:35:45+00:00,,,,False,Anatel e Ancine articulam ações globais de combate à pirataria
TIC Educação: 80% das escolas debatem uso das telas e saúde mental,NIC.br,Notícia coletada,2026-08-12,day,2026-08-12,https://www.nic.br/noticia/na-midia/tic-educacao-80-das-escolas-debatem-uso-das-telas-e-saude-mental/,,False,,,,2026-09-28T21:01:12+00:00,2026-09-28,2026-10-06T22:35:45+00:00,,,,False,TIC Educação: 80% das escolas debatem uso das telas e saúde mental
Menos vagas e mais tecnologia elevam a exigência no mercado de trabalho,NIC.br,Notícia coletada,2026-08-12,day,2026-08-12,https://www.nic.br/noticia/na-midia/menos-vagas-e-mais-tecnologia-elevam-a-exigencia-no-mercado-de-trabalho/,,False,,,,2026-09-28T21:01:12+00:00,2026-09-28,2026-10-06T22:35:45+00:00,,,,False,Menos vagas e mais tecnologia elevam a exigência no mercado de trabalho
Guia para influenciadores orienta sobre regras e boas práticas para atuação nas eleições de 2026,NIC.br,Notícia coletada,2026-08-12,day,2026-08-12,https://www.nic.br/noticia/na-midia/guia-para-influenciadores-orienta-sobre-regras-e-boas-praticas-para-atuacao-nas-eleicoes-de-2026/,,False,,,,2026-09-28T21:01:12+00:00,2026-09-28,2026-10-06T22:35:45+00:00,,,,False,Guia para influenciadores orienta sobre regras e boas práticas para atuação nas eleições de 2026
Dia Internacional da Juventude: chamado para compartilhar políticas e iniciativas para as juventudes,Mercociudades,Notícia coletada,2026-08-12,day,2026-08-12T14:16:37,https://mercociudades.org/pt-br/dia-internacional-juventud-convocatoria-compartir-politicas-iniciativas-juventudes/,,False,,,,2026-09-28T21:36:56+00:00,2026-09-28,2026-09-28T21:36:56+00:00,,,,False,Dia Internacional da Juventude: chamado para compartilhar políticas e iniciativas para as juventudes
Unidade Temática de Turismo realizará reunião conjunta com o Instituto de Turismo da Mercocidades,Mercociudades,Notícia coletada,2026-08-11,day,2026-08-11T12:08:54,https://mercociudades.org/pt-br/unidad-tematica-turismo-reunira-junto-instituto-turismo-mercociudades/,,False,,,,2026-09-28T21:36:56+00:00,2026-09-28,2026-09-28T21:36:56+00:00,,,,False,Unidade Temática de Turismo realizará reunião conjunta com o Instituto de Turismo da Mercocidades
Programação do Festival comKids 2026 conta com a participação de especialista do Cetic.br|NIC.br,NIC.br,Notícia coletada,2026-08-11,day,2026-08-11,https://www.nic.br/noticia/na-midia/programacao-do-festival-comkids-2026-conta-com-a-participacao-de-especialista-do-cetic-br-nic-br/,,False,,,,2026-09-28T21:01:12+00:00,2026-09-28,2026-10-06T22:35:45+00:00,,,,False,Programação do Festival comKids 2026 conta com a participação de especialista do Cetic.br|NIC.br
O desafio da adoção da Inteligência Artificial não está no algoritmo,NIC.br,Notícia coletada,2026-08-11,day,2026-08-11,https://www.nic.br/noticia/na-midia/o-desafio-da-inteligencia-artificial-na-saude-nao-esta-no-algoritmo/,,True,IA e proteção de dados,Inteligência artificial; Algoritmos,Inteligência artificial: inteligencia artificial; Algoritmos: algoritmo,2026-09-28T21:01:12+00:00,2026-09-28,2026-10-06T22:35:45+00:00,,,,False,O desafio da adoção da Inteligência Artificial não está no algoritmo
"IA chega às escolas, mas 78% ainda não possuem guia de uso",NIC.br,Notícia coletada,2026-08-11,day,2026-08-11,https://www.nic.br/noticia/na-midia/ia-chega-as-escolas-mas-78-ainda-nao-possuem-guia-de-uso/,,True,IA e proteção de dados,Inteligência artificial,Inteligência artificial: ia,2026-09-28T21:01:12+00:00,2026-09-28,2026-10-06T22:35:45+00:00,,,,False,"IA chega às escolas, mas 78% ainda não possuem guia de uso"
Encontro da Unidade Temática de Infâncias “Mobilidade do cuidado: urbanismo sensível e cidades que caminham com as infâncias”,Mercociudades,Notícia coletada,2026-08-11,day,2026-08-11T14:53:09,https://mercociudades.org/pt-br/inscripciones-abiertas-encuentro-unidad-tematica-infancias-movilidad-cuidado-urbanismo-sensible-ciudades-caminan-infancias/,,False,,,,2026-09-28T21:36:56+00:00,2026-09-28,2026-09-28T21:36:56+00:00,,,,False,Encontro da Unidade Temática de Infâncias “Mobilidade do cuidado: urbanismo sensível e cidades que caminham com as infâncias”
Conselho da Mercocidades em Quilmes,Mercociudades,Notícia coletada,2026-08-11,day,2026-08-11T14:06:18,https://mercociudades.org/pt-br/consejo-de-mercociudades-en-quilmes/,,False,,,,2026-09-28T21:36:56+00:00,2026-09-28,2026-09-28T21:36:56+00:00,,,,False,Conselho da Mercocidades em Quilmes
Oito em cada dez escolas debatem impacto das telas na saúde mental,NIC.br,Notícia coletada,2026-08-10,day,2026-08-10,https://www.nic.br/noticia/na-midia/pesquisa-mostra-que-8-em-cada-10-escolas-debatem-impacto-das-telas-na-saude-mental/,,False,,,,2026-09-28T21:01:12+00:00,2026-09-28,2026-10-06T22:35:45+00:00,,,,False,Oito em cada dez escolas debatem impacto das telas na saúde mental
ECA Digital e os desafios da proteção à infância e adolescência online,NIC.br,Notícia coletada,2026-08-10,day,2026-08-10,https://www.nic.br/noticia/na-midia/eca-digital-e-os-desafios-da-protecao-a-infancia-e-adolescencia-i-online-i/,,True,,Proteção infantil,Proteção infantil: eca digital,2026-09-28T21:01:12+00:00,2026-09-28,2026-10-06T22:35:45+00:00,,,,False,ECA Digital e os desafios da proteção à infância e adolescência online
"'Sua fisionomia hoje é uma senha', alerta Demi Getschko em entrevista à Galileu",NIC.br,Notícia coletada,2026-08-10,day,2026-08-10,https://www.nic.br/noticia/na-midia/sua-fisionomia-hoje-e-uma-senha-alerta-demi-getschko-em-entrevista-a-galileu/,,False,,,,2026-09-28T21:01:12+00:00,2026-09-28,2026-10-06T22:35:45+00:00,,,,False,"'Sua fisionomia hoje é uma senha', alerta Demi Getschko em entrevista à Galileu"
XXXI Cúpula da Mercocidades em Canelones,Mercociudades,Notícia coletada,2026-08-07,day,2026-08-07T16:08:26,https://mercociudades.org/pt-br/diciembre-de-2026-cumbre-de-mercociudades-en-canelones/,,False,,,,2026-09-28T21:36:56+00:00,2026-09-28,2026-09-28T21:36:56+00:00,,,,False,XXXI Cúpula da Mercocidades em Canelones
TIC Educação: celulares são liberados em escolas sem acesso à Internet e aos computadores,NIC.br,Notícia coletada,2026-08-07,day,2026-08-07,https://www.nic.br/noticia/na-midia/tic-educacao-celulares-sao-liberados-em-escolas-sem-acesso-a-internet-e-aos-computadores/,,True,,Internet,Internet: internet,2026-09-28T21:01:12+00:00,2026-09-28,2026-10-06T22:35:45+00:00,,,,False,TIC Educação: celulares são liberados em escolas sem acesso à Internet e aos computadores
Semana de integração em San José: capacitação da Mercocidades em formulação de projetos,Mercociudades,Notícia coletada,2026-08-07,day,2026-08-07T14:07:30,https://mercociudades.org/pt-br/semana-de-la-integracion-en-san-jose-capacitacion-en-formulacion-de-proyectos-de-mercociudades/,,False,,,,2026-09-28T21:36:56+00:00,2026-09-28,2026-09-28T21:36:56+00:00,,,,False,Semana de integração em San José: capacitação da Mercocidades em formulação de projetos
"Mais de um terço das escolas já permite uso de IA por alunos, mas só 22% têm regras, diz levantamento",NIC.br,Notícia coletada,2026-08-07,day,2026-08-07,https://www.nic.br/noticia/na-midia/mais-de-um-terco-das-escolas-ja-permite-uso-de-ia-por-alunos-mas-so-22-tem-regras-diz-levantamento/,,True,IA e proteção de dados,Inteligência artificial,Inteligência artificial: ia,2026-09-28T21:01:12+00:00,2026-09-28,2026-10-06T22:35:45+00:00,,,,False,"Mais de um terço das escolas já permite uso de IA por alunos, mas só 22% têm regras, diz levantamento"
80% das escolas brasileiras já discutem saúde mental e tecnologia,NIC.br,Notícia coletada,2026-08-07,day,2026-08-07,https://www.nic.br/noticia/na-midia/80-das-escolas-brasileiras-ja-discutem-saude-mental-e-tecnologia/,,False,,,,2026-09-28T21:01:12+00:00,2026-09-28,2026-10-06T22:35:45+00:00,,,,False,80% das escolas brasileiras já discutem saúde mental e tecnologia
Podcast “Nós da Internet” estreia segunda temporada,NIC.br,Notícia coletada,2026-08-06,day,2026-08-06,https://www.nic.br/noticia/na-midia/segunda-temporada-do-i-podcast-i-nos-da-internet/,,True,,Internet,Internet: internet,2026-09-28T21:01:12+00:00,2026-09-28,2026-10-06T22:35:45+00:00,,,,False,Podcast “Nós da Internet” estreia segunda temporada
"Conectividade chega a 84% das escolas, mas somente 66% oferecem computadores para uso didático",NIC.br,Notícia coletada,2026-08-06,day,2026-08-06,https://www.nic.br/noticia/na-midia/conectividade-chega-a-84-das-escolas-mas-so-22-se-dizem-prontas-para-ia/,,False,,,,2026-09-28T21:01:12+00:00,2026-09-28,2026-10-06T22:35:45+00:00,,,,False,"Conectividade chega a 84% das escolas, mas somente 66% oferecem computadores para uso didático"
78% das escolas que permitem uso de IA não têm guia para orientar alunos e gestores,NIC.br,Notícia coletada,2026-08-06,day,2026-08-06,https://www.nic.br/noticia/na-midia/78-das-escolas-que-permitem-uso-de-ia-nao-tem-guia-para-orientar-alunos-e-gestores/,,True,IA e proteção de dados,Inteligência artificial,Inteligência artificial: ia,2026-09-28T21:01:12+00:00,2026-09-28,2026-10-06T22:35:45+00:00,,,,False,78% das escolas que permitem uso de IA não têm guia para orientar alunos e gestores
"Saúde mental de estudantes: debate cresce em 80% das escolas, aponta TIC Educação",NIC.br,Notícia coletada,2026-08-05,day,2026-08-05,https://www.nic.br/noticia/na-midia/saude-mental-de-estudantes-debate-cresce-em-80-das-escolas-aponta-tic-educacao/,,False,,,,2026-09-28T21:01:12+00:00,2026-09-28,2026-10-06T22:35:45+00:00,,,,False,"Saúde mental de estudantes: debate cresce em 80% das escolas, aponta TIC Educação"
Jornal Nacional destaca indicadores da TIC Educação 2025,NIC.br,Notícia coletada,2026-08-05,day,2026-08-05,https://www.nic.br/noticia/na-midia/pesquisadores-mediram-o-impacto-da-ia-na-vida-de-alunos-e-professores/,,False,,,,2026-09-28T21:01:12+00:00,2026-09-28,2026-10-06T22:35:45+00:00,,,,False,Jornal Nacional destaca indicadores da TIC Educação 2025
Impacto das telas na saúde mental já é debatido em 80% das escolas,NIC.br,Notícia coletada,2026-08-05,day,2026-08-05,https://www.nic.br/noticia/na-midia/impacto-das-telas-na-saude-mental-ja-e-debatido-em-80-das-escolas/,,False,,,,2026-09-28T21:01:12+00:00,2026-09-28,2026-10-06T22:35:45+00:00,,,,False,Impacto das telas na saúde mental já é debatido em 80% das escolas
TIC Educação 2025 mostra que 8 em cada 10 escolas brasileiras debatem impacto do uso de telas na saúde mental dos alunos,NIC.br,Notícia coletada,2026-08-04,day,2026-08-04,https://www.nic.br/noticia/releases/tic-educacao-2025-mostra-que-8-em-cada-10-escolas-brasileiras-debatem-impacto-do-uso-de-telas-na-saude-mental-dos-alunos/,,False,,,,2026-09-28T21:01:12+00:00,2026-09-28,2026-10-06T22:35:45+00:00,,,,False,TIC Educação 2025 mostra que 8 em cada 10 escolas brasileiras debatem impacto do uso de telas na saúde mental dos alunos
"Inscrições abertas: Evento internacional sobre regulamentação, governança e indicadores de Direitos Culturais",Mercociudades,Notícia coletada,2026-08-04,day,2026-08-04T14:29:12,https://mercociudades.org/pt-br/inscripciones-abiertas-evento-internacional-sobre-normativa-gobernanza-e-indicadores-de-los-derechos-culturales-en-quilmes/,,False,,,,2026-09-28T21:36:56+00:00,2026-09-28,2026-09-28T21:36:56+00:00,,,,False,"Inscrições abertas: Evento internacional sobre regulamentação, governança e indicadores de Direitos Culturais"
IX Fórum Regional – Edição Norte reúne provedores e especialistas no Tocantins,NIC.br,Notícia coletada,2026-08-04,day,2026-08-04,https://www.nic.br/noticia/na-midia/ix-forum-regional-edicao-norte-reune-provedores-e-especialistas-em-tocantins/,,False,,,,2026-09-28T21:01:12+00:00,2026-09-28,2026-10-06T22:35:45+00:00,,,,False,IX Fórum Regional – Edição Norte reúne provedores e especialistas no Tocantins
"IA avança nas escolas, mas só 22% têm diretrizes de uso",NIC.br,Notícia coletada,2026-08-04,day,2026-08-04,https://www.nic.br/noticia/na-midia/ia-avanca-nas-escolas-mas-so-22-tem-diretrizes-de-uso/,,True,IA e proteção de dados,Inteligência artificial,Inteligência artificial: ia,2026-09-28T21:01:12+00:00,2026-09-28,2026-10-06T22:35:45+00:00,,,,False,"IA avança nas escolas, mas só 22% têm diretrizes de uso"
"Escolas usam IA na gestão e nas salas de aula, mas faltam regras formais",NIC.br,Notícia coletada,2026-08-04,day,2026-08-04,https://www.nic.br/noticia/na-midia/escolas-usam-ia-na-gestao-e-nas-salas-de-aula-mas-faltam-regras-formais/,,True,IA e proteção de dados,Inteligência artificial,Inteligência artificial: ia,2026-09-28T21:01:12+00:00,2026-09-28,2026-10-06T22:35:45+00:00,,,,False,"Escolas usam IA na gestão e nas salas de aula, mas faltam regras formais"
Chamada aberta para contribuir ao posicionamento diante da COP17 da UNCCD,Mercociudades,Notícia coletada,2026-08-04,day,2026-08-04T14:47:50,https://mercociudades.org/pt-br/convocatoria-abierta-para-contribuir-al-posicionamiento-ante-la-cop17-de-la-unccd/,,False,,,,2026-09-28T21:36:56+00:00,2026-09-28,2026-09-28T21:36:56+00:00,,,,False,Chamada aberta para contribuir ao posicionamento diante da COP17 da UNCCD
Satc participa de capacitação oferecida pelo CERT.br,NIC.br,Notícia coletada,2026-08-03,day,2026-08-03,https://www.nic.br/noticia/na-midia/satc-participa-de-capacitacao-oferecida-pelo-cert-br/,,False,,,,2026-09-28T21:01:12+00:00,2026-09-28,2026-10-06T22:35:45+00:00,,,,False,Satc participa de capacitação oferecida pelo CERT.br
"IA amplia assimetria na segurança digital e exige novas estratégias de defesa, avalia CERT.br",NIC.br,Notícia coletada,2026-08-03,day,2026-08-03,https://www.nic.br/noticia/notas/ia-amplia-assimetria-na-seguranca-digital-e-exige-novas-estrategias-de-defesa-avalia-cert-br/,,True,IA e proteção de dados,Inteligência artificial,Inteligência artificial: ia,2026-09-28T21:01:12+00:00,2026-09-28,2026-10-06T22:35:45+00:00,,,,False,"IA amplia assimetria na segurança digital e exige novas estratégias de defesa, avalia CERT.br"
Em legítima defesa de crianças e jovens,NIC.br,Notícia coletada,2026-08-03,day,2026-08-03,https://www.nic.br/noticia/na-midia/em-legitima-defesa-de-criancas-e-jovens/,,False,,,,2026-09-28T21:01:12+00:00,2026-09-28,2026-10-06T22:35:45+00:00,,,,False,Em legítima defesa de crianças e jovens
"Disponíveis a adolescentes, ‘namorados’ de IA testam aplicação do ECA Digital",NIC.br,Notícia coletada,2026-08-03,day,2026-08-03,https://www.nic.br/noticia/na-midia/disponiveis-a-adolescentes-namorados-de-ia-testam-aplicacao-do-eca-digital/,,True,IA e proteção de dados,Inteligência artificial; Proteção infantil,Inteligência artificial: ia; Proteção infantil: eca digital,2026-09-28T21:01:12+00:00,2026-09-28,2026-10-06T22:35:45+00:00,,,,False,"Disponíveis a adolescentes, ‘namorados’ de IA testam aplicação do ECA Digital"
Chamada aberta para candidaturas à Presidência da Mercocidades 2027-2028,Mercociudades,Notícia coletada,2026-08-03,day,2026-08-03T14:51:09,https://mercociudades.org/pt-br/convocatoria-candidaturas-presidencia-mercociudades-2027-2028/,,False,,,,2026-09-28T21:36:56+00:00,2026-09-28,2026-09-28T21:36:56+00:00,,,,False,Chamada aberta para candidaturas à Presidência da Mercocidades 2027-2028
Brasil tem representação em Grupo de Assessoramento ao IGF 2026,NIC.br,Notícia coletada,2026-08-03,day,2026-08-03,https://www.nic.br/noticia/notas/brasil-tem-representacao-em-grupo-de-assessoramento-ao-igf-2026/,,False,,,,2026-09-28T21:01:12+00:00,2026-09-28,2026-10-06T22:35:45+00:00,,,,False,Brasil tem representação em Grupo de Assessoramento ao IGF 2026
Páginas web ganharam mais importância na era da IA,NIC.br,Notícia coletada,2026-07-31,day,2026-07-31,https://www.nic.br/noticia/na-midia/paginas-i-web-i-ganharam-mais-importancia-na-era-da-ia/,,True,IA e proteção de dados,Inteligência artificial,Inteligência artificial: ia,2026-09-28T21:01:12+00:00,2026-09-28,2026-10-06T22:35:45+00:00,,,,False,Páginas web ganharam mais importância na era da IA
Psiquiatras criam critérios para diferenciar apostador patológico de recreativo,NIC.br,Notícia coletada,2026-07-31,day,2026-07-31,https://www.nic.br/noticia/na-midia/psiquiatras-criam-criterios-para-diferenciar-apostador-patologico-de-recreativo/,,False,,,,2026-09-28T21:01:12+00:00,2026-09-28,2026-10-06T22:35:45+00:00,,,,False,Psiquiatras criam critérios para diferenciar apostador patológico de recreativo
Encontro sobre desenvolvimento regional e turismo transfronteiriço,Mercociudades,Notícia coletada,2026-07-31,day,2026-07-31T14:54:26,https://mercociudades.org/pt-br/encuentro-desarrollo-regional-binacional-turismo-transfronterizo-frontera-uruguay-brasil/,,False,,,,2026-09-28T21:36:56+00:00,2026-09-28,2026-09-28T21:36:56+00:00,,,,False,Encontro sobre desenvolvimento regional e turismo transfronteiriço
60% dos órgãos públicos utilizam IA em gestão pública,NIC.br,Notícia coletada,2026-07-31,day,2026-07-31,https://www.nic.br/noticia/na-midia/60-dos-orgaos-publicos-utilizam-ia-em-gestao-publica/,,True,IA e proteção de dados,Inteligência artificial,Inteligência artificial: ia,2026-09-28T21:01:12+00:00,2026-09-28,2026-10-06T22:35:45+00:00,,,,False,60% dos órgãos públicos utilizam IA em gestão pública
6 de agosto: Sessão sobre os Objetivos de Desenvolvimento Sustentável no ciclo orçamentário,Mercociudades,Notícia coletada,2026-07-31,day,2026-07-31T16:18:46,https://mercociudades.org/pt-br/6-de-agosto-sesion-sobre-ods-en-el-ciclo-presupuestario/,,False,,,,2026-09-28T21:36:56+00:00,2026-09-28,2026-09-28T21:36:56+00:00,,,,False,6 de agosto: Sessão sobre os Objetivos de Desenvolvimento Sustentável no ciclo orçamentário
Stakeholder event on guidelines on the interplay between data protection and competition law: agenda now available,EDPB,Notícia coletada,2026-07-30,day,2026-07-30T12:00:00Z,https://www.edpb.europa.eu/news/stakeholder-event-on-guidelines-on-the-interplay-between-data-protection-and-competition-law-0_en,,True,GDPR/LGPD e proteção de dados,Proteção de dados,Proteção de dados: data protection,2026-09-28T21:01:12+00:00,2026-09-28,2026-10-06T22:35:45+00:00,,,,False,Stakeholder event on guidelines on the interplay between data protection and competition law: agenda now available
Seis em cada dez órgãos públicos já usam inteligência artificial,NIC.br,Notícia coletada,2026-07-30,day,2026-07-30,https://www.nic.br/noticia/na-midia/seis-em-cada-dez-orgaos-publicos-ja-usam-inteligencia-artificial/,,True,IA e proteção de dados,Inteligência artificial,Inteligência artificial: inteligencia artificial,2026-09-28T21:01:12+00:00,2026-09-28,2026-10-06T22:35:45+00:00,,,,False,Seis em cada dez órgãos públicos já usam inteligência artificial
Câmara temática do CGI.br amplia debate sobre soberania digital,NIC.br,Notícia coletada,2026-07-30,day,2026-07-30,https://www.nic.br/noticia/na-midia/camara-tematica-do-cgi-br-amplia-debate-sobre-soberania-digital/,,True,Sul Global,Soberania digital,Soberania digital: soberania digital,2026-09-28T21:01:12+00:00,2026-09-28,2026-10-06T22:35:45+00:00,,,,False,Câmara temática do CGI.br amplia debate sobre soberania digital
Chamada aberta para o primeiro seminário do ciclo sobre dados e políticas culturais ligadas à mobilidade humana,Mercociudades,Notícia coletada,2026-07-30,day,2026-07-30T15:38:33,https://mercociudades.org/pt-br/convocatoria-primer-seminario-ciclo-datos-politicas-culturales-vinculadas-movilidad-humana/,,False,,,,2026-09-28T21:36:56+00:00,2026-09-28,2026-09-28T21:36:56+00:00,,,,False,Chamada aberta para o primeiro seminário do ciclo sobre dados e políticas culturais ligadas à mobilidade humana
Centro de Ciência de Dados para a Indústria Inteligente abre vaga de pós-doutorado,NIC.br,Notícia coletada,2026-07-30,day,2026-07-30,https://www.nic.br/noticia/na-midia/centro-de-ciencia-de-dados-para-a-industria-inteligente-abre-vaga-de-pos-doutorado/,,False,,,,2026-09-28T21:01:12+00:00,2026-09-28,2026-10-06T22:35:45+00:00,,,,False,Centro de Ciência de Dados para a Indústria Inteligente abre vaga de pós-doutorado
TIC Governo aponta crescimento de uso de IA nas prefeituras,NIC.br,Notícia coletada,2026-07-29,day,2026-07-29,https://www.nic.br/noticia/na-midia/tic-governo-aponta-que-cresce-uso-de-ia-nas-prefeituras/,,True,IA e proteção de dados,Inteligência artificial,Inteligência artificial: ia,2026-09-28T21:01:12+00:00,2026-09-28,2026-10-06T22:35:45+00:00,,,,False,TIC Governo aponta crescimento de uso de IA nas prefeituras
IA já está em 59% dos órgãos públicos brasileiros e alcança 94% no Judiciário,NIC.br,Notícia coletada,2026-07-29,day,2026-07-29,https://www.nic.br/noticia/na-midia/ia-ja-esta-em-59-dos-orgaos-publicos-brasileiros-e-alcanca-94-no-judiciario/,,True,IA e proteção de dados,Inteligência artificial,Inteligência artificial: ia,2026-09-28T21:01:12+00:00,2026-09-28,2026-10-06T22:35:45+00:00,,,,False,IA já está em 59% dos órgãos públicos brasileiros e alcança 94% no Judiciário
60% dos órgãos públicos utilizam inteligência artificial,NIC.br,Notícia coletada,2026-07-29,day,2026-07-29,https://www.nic.br/noticia/na-midia/60-dos-orgaos-publicos-utilizam-inteligencia-artificial/,,True,IA e proteção de dados,Inteligência artificial,Inteligência artificial: inteligencia artificial,2026-09-28T21:01:12+00:00,2026-09-28,2026-10-06T22:35:45+00:00,,,,False,60% dos órgãos públicos utilizam inteligência artificial
17º Fórum da Internet no Brasil recebe propostas de workshops e estreia formato de mesa-redonda,NIC.br,Notícia coletada,2026-07-29,day,2026-07-29,https://www.nic.br/noticia/releases/17-forum-da-internet-no-brasil-recebe-propostas-de-i-workshops-i-e-estreia-formato-de-mesa-redonda/,,True,,Internet,Internet: internet,2026-09-28T21:01:12+00:00,2026-09-28,2026-10-06T22:35:45+00:00,,,,False,17º Fórum da Internet no Brasil recebe propostas de workshops e estreia formato de mesa-redonda
Renata Mielli é a palestrante de abertura do Congresso Acadêmico Unifesp 2026,NIC.br,Notícia coletada,2026-07-28,day,2026-07-28,https://www.nic.br/noticia/na-midia/renata-mielli-e-a-palestrante-de-abertura-do-congresso-academico-unifesp-2026/,,False,,,,2026-09-28T21:01:12+00:00,2026-09-28,2026-10-06T22:35:45+00:00,,,,False,Renata Mielli é a palestrante de abertura do Congresso Acadêmico Unifesp 2026
"IA está presente em seis de cada dez órgãos públicos federais e estaduais e chega a 94% no Judiciário, aponta TIC Governo",NIC.br,Notícia coletada,2026-07-28,day,2026-07-28,https://www.nic.br/noticia/na-midia/ia-esta-presente-em-seis-de-cada-dez-orgaos-publicos-federais-e-estaduais-e-chega-a-94-no-judiciario-aponta-tic-governo/,,True,IA e proteção de dados,Inteligência artificial,Inteligência artificial: ia,2026-09-28T21:01:12+00:00,2026-09-28,2026-10-06T22:35:45+00:00,,,,False,"IA está presente em seis de cada dez órgãos públicos federais e estaduais e chega a 94% no Judiciário, aponta TIC Governo"
"2º Workshop da África Lusófona sobre Governação de Dados da APD reuniu UNESCO, Banco Mundial e Cetic.br",NIC.br,Notícia coletada,2026-07-28,day,2026-07-28,https://www.nic.br/noticia/na-midia/2-i-workshop-i-da-africa-lusofona-sobre-governacao-de-dados-da-apd-reuniu-unesco-banco-mundial-e-cetic-br/,,False,,,,2026-09-28T21:01:12+00:00,2026-09-28,2026-10-06T22:35:45+00:00,,,,False,"2º Workshop da África Lusófona sobre Governação de Dados da APD reuniu UNESCO, Banco Mundial e Cetic.br"
Uso de IA avança e já está presente em 59% dos órgãos públicos brasileiros,NIC.br,Notícia coletada,2026-07-27,day,2026-07-27,https://www.nic.br/noticia/na-midia/uso-de-ia-avanca-e-ja-esta-presente-em-59-dos-orgaos-publicos-brasileiros/,,True,IA e proteção de dados,Inteligência artificial,Inteligência artificial: ia,2026-09-28T21:01:12+00:00,2026-09-28,2026-10-06T22:35:45+00:00,,,,False,Uso de IA avança e já está presente em 59% dos órgãos públicos brasileiros
Dilema regulatório global do uso de redes sociais pela nova geração: proibir é a resposta?,NIC.br,Notícia coletada,2026-07-27,day,2026-07-27,https://www.nic.br/noticia/na-midia/dilema-regulatorio-global-do-uso-de-redes-sociais-pela-nova-geracao-proibir-e-a-resposta/,,True,,Plataformas,Plataformas: redes sociais,2026-09-28T21:01:12+00:00,2026-09-28,2026-10-06T22:35:45+00:00,,,,False,Dilema regulatório global do uso de redes sociais pela nova geração: proibir é a resposta?
"Atendimento via telefone ainda supera WhatsApp e Telegram, aponta TIC Governo",NIC.br,Notícia coletada,2026-07-27,day,2026-07-27,https://www.nic.br/noticia/na-midia/atendimento-via-telefone-ainda-supera-whatsapp-e-telegram-com-83-aponta-pesquisa/,,False,,,,2026-09-28T21:01:12+00:00,2026-09-28,2026-10-06T22:35:45+00:00,,,,False,"Atendimento via telefone ainda supera WhatsApp e Telegram, aponta TIC Governo"
"IA já está presente em 59% dos órgãos públicos e alcança 94% do Judiciário, aponta estudo",NIC.br,Notícia coletada,2026-07-24,day,2026-07-24,https://www.nic.br/noticia/na-midia/ia-ja-esta-presente-em-59-dos-orgaos-publicos-e-alcanca-94-do-judiciario-aponta-estudo/,,True,IA e proteção de dados,Inteligência artificial,Inteligência artificial: ia,2026-09-28T21:01:12+00:00,2026-09-28,2026-10-06T22:35:45+00:00,,,,False,"IA já está presente em 59% dos órgãos públicos e alcança 94% do Judiciário, aponta estudo"
IA está presente em seis de cada dez órgãos públicos federais e estaduais,NIC.br,Notícia coletada,2026-07-24,day,2026-07-24,https://www.nic.br/noticia/na-midia/ia-esta-presente-em-seis-de-cada-dez-orgaos-publicos-federais-e-estaduais/,,True,IA e proteção de dados,Inteligência artificial,Inteligência artificial: ia,2026-09-28T21:01:12+00:00,2026-09-28,2026-10-06T22:35:45+00:00,,,,False,IA está presente em seis de cada dez órgãos públicos federais e estaduais
"A IA já chegou ao setor público, mas parou nas capitais",NIC.br,Notícia coletada,2026-07-24,day,2026-07-24,https://www.nic.br/noticia/na-midia/a-ia-ja-chegou-ao-setor-publico-mas-parou-nas-capitais/,,True,IA e proteção de dados,Inteligência artificial,Inteligência artificial: ia,2026-09-28T21:01:12+00:00,2026-09-28,2026-10-06T22:35:45+00:00,,,,False,"A IA já chegou ao setor público, mas parou nas capitais"
TIC Governo: Seis em cada dez órgãos federais e estaduais já usam inteligência artificial,NIC.br,Notícia coletada,2026-07-23,day,2026-07-23,https://www.nic.br/noticia/na-midia/tic-governo-seis-em-cada-10-orgaos-federais-e-estaduais-ja-usam-inteligencia-artificial/,,True,IA e proteção de dados,Inteligência artificial,Inteligência artificial: inteligencia artificial,2026-09-28T21:01:12+00:00,2026-09-28,2026-10-06T22:35:45+00:00,,,,False,TIC Governo: Seis em cada dez órgãos federais e estaduais já usam inteligência artificial
Stakeholder event on guidelines on the interplay between data protection and competition law: save the date,EDPB,Notícia coletada,2026-07-23,day,2026-07-23T12:00:00Z,https://www.edpb.europa.eu/news/stakeholder-event-on-guidelines-on-the-interplay-between-data-protection-and-competition-law_en,,True,GDPR/LGPD e proteção de dados,Proteção de dados,Proteção de dados: data protection,2026-09-28T21:01:12+00:00,2026-09-28,2026-10-06T22:35:45+00:00,,,,False,Stakeholder event on guidelines on the interplay between data protection and competition law: save the date
Quase 60% dos órgãos públicos federais e estaduais utilizam IA,NIC.br,Notícia coletada,2026-07-23,day,2026-07-23,https://www.nic.br/noticia/na-midia/quase-60-dos-orgaos-publicos-federais-e-estaduais-utilizam-ia/,,True,IA e proteção de dados,Inteligência artificial,Inteligência artificial: ia,2026-09-28T21:01:12+00:00,2026-09-28,2026-10-06T22:35:45+00:00,,,,False,Quase 60% dos órgãos públicos federais e estaduais utilizam IA
"IA está presente em seis de cada dez órgãos públicos federais e estaduais e chega a 94% no Judiciário, aponta TIC Governo",NIC.br,Notícia coletada,2026-07-23,day,2026-07-23,https://www.nic.br/noticia/releases/ia-esta-presente-em-seis-de-cada-dez-orgaos-publicos-federais-e-estaduais-e-chega-a-94-no-judiciario-aponta-tic-governo/,,True,IA e proteção de dados,Inteligência artificial,Inteligência artificial: ia,2026-09-28T21:01:12+00:00,2026-09-28,2026-10-06T22:35:45+00:00,,,,False,"IA está presente em seis de cada dez órgãos públicos federais e estaduais e chega a 94% no Judiciário, aponta TIC Governo"
IA está presente em seis de cada dez órgãos públicos federais e estaduais,NIC.br,Notícia coletada,2026-07-23,day,2026-07-23,https://www.nic.br/noticia/na-midia/ia-esta-presente-em-6-de-cada-10-orgaos-publicos-federais-e-estaduais/,,True,IA e proteção de dados,Inteligência artificial,Inteligência artificial: ia,2026-09-28T21:01:12+00:00,2026-09-28,2026-10-06T22:35:45+00:00,,,,False,IA está presente em seis de cada dez órgãos públicos federais e estaduais
Medidor Simet ajuda consumidor a verificar qualidade de banda larga fixa,NIC.br,Notícia coletada,2026-07-22,day,2026-07-22,https://www.nic.br/noticia/na-midia/velocidade-e-contratada-nao-garantida/,,False,,,,2026-09-28T21:01:12+00:00,2026-09-28,2026-10-06T22:35:45+00:00,,,,False,Medidor Simet ajuda consumidor a verificar qualidade de banda larga fixa
Febraban Tech 2026 debate o uso da IA na cibersegurança e o avanço das fraudes digitais,NIC.br,Notícia coletada,2026-07-22,day,2026-07-22,https://www.nic.br/noticia/na-midia/febraban-tech-2026-debate-o-uso-da-ia-na-ciberseguranca-e-o-avanco-das-fraudes-digitais/,,True,IA e proteção de dados,Inteligência artificial; Internet,Inteligência artificial: ia; Internet: ciberseguranca,2026-09-28T21:01:12+00:00,2026-09-28,2026-10-06T22:35:45+00:00,,,,False,Febraban Tech 2026 debate o uso da IA na cibersegurança e o avanço das fraudes digitais
"Evento reúne Anatel, NIC.br e Consulado dos EUA para debater marco regulatório de cibersegurança",NIC.br,Notícia coletada,2026-07-22,day,2026-07-22,https://www.nic.br/noticia/na-midia/consulado-dos-eua-gsi-anatel-e-nic-br-debatem-ciberseguranca-no-ts-seguranca-digital-em-agosto/,,True,,Internet,Internet: ciberseguranca,2026-09-28T21:01:12+00:00,2026-09-28,2026-10-06T22:35:45+00:00,,,,False,"Evento reúne Anatel, NIC.br e Consulado dos EUA para debater marco regulatório de cibersegurança"
Prazo para participação de entidades nas eleições do CGI.br entra na reta final,NIC.br,Notícia coletada,2026-07-21,day,2026-07-21,https://www.nic.br/noticia/na-midia/prazo-para-participacao-de-entidades-nas-eleicoes-do-cgi-br-entra-na-reta-final/,,False,,,,2026-09-28T21:01:12+00:00,2026-09-28,2026-10-06T22:35:45+00:00,,,,False,Prazo para participação de entidades nas eleições do CGI.br entra na reta final
Planejamento Estratégico e Áreas Metropolitanas convida a compartilhar experiências locais,Mercociudades,Notícia coletada,2026-07-21,day,2026-07-21T12:47:23,https://mercociudades.org/pt-br/planificacion-estrategica-areas-metropolitanas-invita-compartir-experiencias-locales/,,False,,,,2026-09-28T21:36:56+00:00,2026-09-28,2026-09-28T21:36:56+00:00,,,,False,Planejamento Estratégico e Áreas Metropolitanas convida a compartilhar experiências locais
Mais de 90% das crianças e adolescentes utilizam Internet regularmente,NIC.br,Notícia coletada,2026-07-21,day,2026-07-21,https://www.nic.br/noticia/na-midia/mais-de-90-das-criancas-e-adolescentes-utilizam-internet-regularmente/,,True,,Internet,Internet: internet,2026-09-28T21:01:12+00:00,2026-09-28,2026-10-06T22:35:45+00:00,,,,False,Mais de 90% das crianças e adolescentes utilizam Internet regularmente
Agentes de IA precisam de maior controle e segurança,NIC.br,Notícia coletada,2026-07-21,day,2026-07-21,https://www.nic.br/noticia/na-midia/agentes-de-ia-precisam-de-maior-controle-e-seguranca/,,True,IA e proteção de dados,Inteligência artificial,Inteligência artificial: ia,2026-09-28T21:01:12+00:00,2026-09-28,2026-10-06T22:35:45+00:00,,,,False,Agentes de IA precisam de maior controle e segurança
Robótica torna-se obrigatória nas escolas a partir de 2026,NIC.br,Notícia coletada,2026-07-20,day,2026-07-20,https://www.nic.br/noticia/na-midia/robotica-torna-se-obrigatoria-nas-escolas-a-partir-de-2026/,,False,,,,2026-09-28T21:01:12+00:00,2026-09-28,2026-10-06T22:35:45+00:00,,,,False,Robótica torna-se obrigatória nas escolas a partir de 2026
Projeto mobiliza bibliotecas no combate à violência de gênero,NIC.br,Notícia coletada,2026-07-20,day,2026-07-20,https://www.nic.br/noticia/na-midia/projeto-mobiliza-bibliotecas-no-combate-a-violencia-de-genero/,,False,,,,2026-09-28T21:01:12+00:00,2026-09-28,2026-10-06T22:35:45+00:00,,,,False,Projeto mobiliza bibliotecas no combate à violência de gênero
Inscrições abertas: Rodadas internacionais de negócios sobre economia circular,Mercociudades,Notícia coletada,2026-07-20,day,2026-07-20T15:17:34,https://mercociudades.org/pt-br/inscripciones-abiertas-rondas-internacionales-negocios-economia-circular/,,False,,,,2026-09-28T21:36:56+00:00,2026-09-28,2026-09-28T21:36:56+00:00,,,,False,Inscrições abertas: Rodadas internacionais de negócios sobre economia circular
ChatGPT pode ser um grande apoio de estudos para concursos e Enem,NIC.br,Notícia coletada,2026-07-20,day,2026-07-20,https://www.nic.br/noticia/na-midia/chatgpt-pode-ser-um-grande-apoio-de-estudos-para-concursos-e-enem/,,False,,,,2026-09-28T21:01:12+00:00,2026-09-28,2026-10-06T22:35:45+00:00,,,,False,ChatGPT pode ser um grande apoio de estudos para concursos e Enem
Estúdio News aborda as principais inovações e benefícios do ECA Digital,NIC.br,Notícia coletada,2026-07-17,day,2026-07-17,https://www.nic.br/noticia/na-midia/estudio-news-aborda-as-principais-inovacoes-e-beneficios-do-eca-digital/,,True,,Proteção infantil,Proteção infantil: eca digital,2026-09-28T21:01:12+00:00,2026-09-28,2026-10-06T22:35:45+00:00,,,,False,Estúdio News aborda as principais inovações e benefícios do ECA Digital
EDPB calls for legal basis for cross-regulatory information sharing,EDPB,Notícia coletada,2026-07-17,day,2026-07-17T12:00:00Z,https://www.edpb.europa.eu/news/edpb-calls-for-legal-basis-for-cross-regulatory-information-sharing_en,,True,GDPR/LGPD e proteção de dados,EDPB,EDPB: edpb,2026-09-28T21:01:12+00:00,2026-09-28,2026-10-06T22:35:45+00:00,,,,False,EDPB calls for legal basis for cross-regulatory information sharing
Brasil celebra primeiro Dia Nacional da Proteção de Dados nesta sexta-feira (17),NIC.br,Notícia coletada,2026-07-17,day,2026-07-17,https://www.nic.br/noticia/na-midia/brasil-celebra-primeiro-dia-nacional-da-protecao-de-dados-nesta-sexta-feira-17/,,True,GDPR/LGPD e proteção de dados,Proteção de dados,Proteção de dados: protecao de dados,2026-09-28T21:01:12+00:00,2026-09-28,2026-10-06T22:35:45+00:00,,,,False,Brasil celebra primeiro Dia Nacional da Proteção de Dados nesta sexta-feira (17)
"Aos 14 anos, jogando Minecraft, alunos dessa escola dominam a ferramenta que o mercado procura",NIC.br,Notícia coletada,2026-07-17,day,2026-07-17,https://www.nic.br/noticia/na-midia/aos-14-anos-jogando-minecraft-alunos-dessa-escola-dominam-a-ferramenta-que-o-mercado-procura/,,False,,,,2026-09-28T21:01:12+00:00,2026-09-28,2026-10-06T22:35:45+00:00,,,,False,"Aos 14 anos, jogando Minecraft, alunos dessa escola dominam a ferramenta que o mercado procura"
"Soberania digital, eficiência e sustentabilidade: o novo marco dos data centers no Brasil",NIC.br,Notícia coletada,2026-07-16,day,2026-07-16,https://www.nic.br/noticia/na-midia/soberania-digital-eficiencia-e-sustentabilidade-o-novo-marco-dos-i-data-centers-i-no-brasil/,,True,Sul Global,Soberania digital,Soberania digital: soberania digital,2026-09-28T21:01:12+00:00,2026-09-28,2026-10-06T22:35:45+00:00,,,,False,"Soberania digital, eficiência e sustentabilidade: o novo marco dos data centers no Brasil"
Saber em quem confiar,NIC.br,Notícia coletada,2026-07-16,day,2026-07-16,https://www.nic.br/noticia/na-midia/saber-em-quem-confiar/,,False,,,,2026-09-28T21:01:12+00:00,2026-09-28,2026-10-06T22:35:45+00:00,,,,False,Saber em quem confiar
Projeto Cidadão na Rede nas Escolas passa a integrar o Mapa Brasileiro da Educação Midiática,NIC.br,Notícia coletada,2026-07-16,day,2026-07-16,https://www.nic.br/noticia/na-midia/projeto-coordenado-pelo-ceptro-br-nic-br-agora-integra-o-mapa-brasileiro-da-educacao-midiatica/,,False,,,,2026-09-28T21:01:12+00:00,2026-09-28,2026-10-06T22:35:45+00:00,,,,False,Projeto Cidadão na Rede nas Escolas passa a integrar o Mapa Brasileiro da Educação Midiática
Maioria das plataformas não protege crianças e adolescentes,NIC.br,Notícia coletada,2026-07-15,day,2026-07-15,https://www.nic.br/noticia/na-midia/maioria-das-plataformas-nao-protege-criancas-e-adolescentes/,,False,,,,2026-09-28T21:01:12+00:00,2026-09-28,2026-10-06T22:35:45+00:00,,,,False,Maioria das plataformas não protege crianças e adolescentes
"IA Generativa: o que é, como funciona e aplicações",NIC.br,Notícia coletada,2026-07-15,day,2026-07-15,https://www.nic.br/noticia/na-midia/ia-generativa-o-que-e-como-funciona-e-aplicacoes/,,True,IA e proteção de dados,Inteligência artificial,Inteligência artificial: ia,2026-09-28T21:01:12+00:00,2026-09-28,2026-10-06T22:35:45+00:00,,,,False,"IA Generativa: o que é, como funciona e aplicações"
Férias na era digital: adolescentes trocam o descanso pela criação de conteúdo e empreendedorismo,NIC.br,Notícia coletada,2026-07-15,day,2026-07-15,https://www.nic.br/noticia/na-midia/ferias-na-era-digital-adolescentes-trocam-o-descanso-pela-criacao-de-conteudo-e-empreendedorismo/,,False,,,,2026-09-28T21:01:12+00:00,2026-09-28,2026-10-06T22:35:45+00:00,,,,False,Férias na era digital: adolescentes trocam o descanso pela criação de conteúdo e empreendedorismo
"Um terço das ONGs brasileiras já usa IA generativa, mostra pesquisa",NIC.br,Notícia coletada,2026-07-14,day,2026-07-14,https://www.nic.br/noticia/na-midia/um-terco-das-ongs-brasileiras-ja-usa-ia-generativa-mostra-pesquisa/,,True,IA e proteção de dados,Inteligência artificial,Inteligência artificial: ia,2026-09-28T21:01:12+00:00,2026-09-28,2026-10-06T22:35:45+00:00,,,,False,"Um terço das ONGs brasileiras já usa IA generativa, mostra pesquisa"
Soberania digital: as camadas invisíveis que organizam sua vida online,NIC.br,Notícia coletada,2026-07-14,day,2026-07-14,https://www.nic.br/noticia/na-midia/soberania-digital-as-camadas-invisiveis-que-organizam-sua-vida-i-online-i/,,True,Sul Global,Soberania digital,Soberania digital: soberania digital,2026-09-28T21:01:12+00:00,2026-09-28,2026-10-06T22:35:45+00:00,,,,False,Soberania digital: as camadas invisíveis que organizam sua vida online
Encontro de Infâncias da Mercocidades sobre proteção integral dos direitos digitais,Mercociudades,Notícia coletada,2026-07-14,day,2026-07-14T14:58:07,https://mercociudades.org/pt-br/encuentro-de-infancias-de-mercociudades-sobre-proteccion-integral-de-derechos-digitales/,,False,,,,2026-09-28T21:36:56+00:00,2026-09-28,2026-09-28T21:36:56+00:00,,,,False,Encontro de Infâncias da Mercocidades sobre proteção integral dos direitos digitais
EDPB requires Belgian DPA to handle the merits of NOYB cookie banner complaint,EDPB,Notícia coletada,2026-07-14,day,2026-07-14T12:00:00Z,https://www.edpb.europa.eu/news/edpb-requires-belgian-dpa-to-handle-the-merits-of-noyb-cookie-banner-complaint_en,,True,GDPR/LGPD e proteção de dados,EDPB,EDPB: edpb,2026-09-28T21:01:12+00:00,2026-09-28,2026-10-06T22:35:45+00:00,,,,False,EDPB requires Belgian DPA to handle the merits of NOYB cookie banner complaint
"Com prefácio de Demi Getschko, livro discute efeitos da IA sobre democracia, desigualdade e sustentabilidade",NIC.br,Notícia coletada,2026-07-14,day,2026-07-14,https://www.nic.br/noticia/na-midia/com-prefacio-de-demi-getschko-e-coordenacao-de-integrantes-do-obia-o-sexto-volume-da-obra-direito-e-inteligencia-artificial-ja-esta-disponivel/,,True,IA e proteção de dados,Inteligência artificial,Inteligência artificial: ia,2026-09-28T21:01:12+00:00,2026-09-28,2026-10-06T22:35:45+00:00,,,,False,"Com prefácio de Demi Getschko, livro discute efeitos da IA sobre democracia, desigualdade e sustentabilidade"
"Vício em apostas pode ter raízes ainda na infância, alertam especialistas",NIC.br,Notícia coletada,2026-07-13,day,2026-07-13,https://www.nic.br/noticia/na-midia/vicio-em-apostas-pode-ter-raizes-ainda-na-infancia-alertam-especialistas/,,False,,,,2026-09-28T21:01:12+00:00,2026-09-28,2026-10-06T22:35:45+00:00,,,,False,"Vício em apostas pode ter raízes ainda na infância, alertam especialistas"
SMS de João Pessoa alerta para os riscos do uso excessivo de telas na infância,NIC.br,Notícia coletada,2026-07-13,day,2026-07-13,https://www.nic.br/noticia/na-midia/sms-de-joao-pessoa-alerta-para-os-riscos-do-uso-excessivo-de-telas-na-infancia/,,False,,,,2026-09-28T21:01:12+00:00,2026-09-28,2026-10-06T22:35:45+00:00,,,,False,SMS de João Pessoa alerta para os riscos do uso excessivo de telas na infância
Mercocidades apresenta a publicação “Comunidades e Cidades que Cuidam”,Mercociudades,Notícia coletada,2026-07-13,day,2026-07-13T14:06:58,https://mercociudades.org/pt-br/mercociudades-presenta-la-publicacion-comunidades-y-ciudades-que-cuidan/,,False,,,,2026-09-28T21:36:56+00:00,2026-09-28,2026-09-28T21:36:56+00:00,,,,False,Mercocidades apresenta a publicação “Comunidades e Cidades que Cuidam”
Cyberbullying em escola de Porto Velho leva Justiça a bloquear perfil,NIC.br,Notícia coletada,2026-07-13,day,2026-07-13,https://www.nic.br/noticia/na-midia/i-cyberbullying-i-em-escola-de-porto-velho-leva-justica-a-bloquear-perfil/,,False,,,,2026-09-28T21:01:12+00:00,2026-09-28,2026-10-06T22:35:45+00:00,,,,False,Cyberbullying em escola de Porto Velho leva Justiça a bloquear perfil
"As juventudes da Mercocidades publicam o manifesto “Semeando o futuro, transformando territórios”",Mercociudades,Notícia coletada,2026-07-09,day,2026-07-09T14:37:51,https://mercociudades.org/pt-br/las-juventudes-de-mercociudades-emiten-el-manifiesto-ambiental-sembrando-futuro-transformando-territorios/,,False,,,,2026-09-28T21:36:56+00:00,2026-09-28,2026-09-28T21:36:56+00:00,,,,False,"As juventudes da Mercocidades publicam o manifesto “Semeando o futuro, transformando territórios”"
ONGs brasileiras avançam no uso de IA generativa e computação em nuvem,NIC.br,Notícia coletada,2026-07-08,day,2026-07-08,https://www.nic.br/noticia/na-midia/ongs-brasileiras-avancam-no-uso-de-ia-generativa-e-computacao-em-nuvem/,,True,IA e proteção de dados,Inteligência artificial,Inteligência artificial: ia,2026-09-28T21:01:12+00:00,2026-09-28,2026-10-06T22:35:45+00:00,,,,False,ONGs brasileiras avançam no uso de IA generativa e computação em nuvem
IA chega a 39% das organizações sem fins lucrativos,NIC.br,Notícia coletada,2026-07-08,day,2026-07-08,https://www.nic.br/noticia/na-midia/ia-chega-a-39-das-organizacoes-sem-fins-lucrativos/,,True,IA e proteção de dados,Inteligência artificial,Inteligência artificial: ia,2026-09-28T21:01:12+00:00,2026-09-28,2026-10-06T22:35:45+00:00,,,,False,IA chega a 39% das organizações sem fins lucrativos
EDPB sheds light on anonymisation and web scraping for generative AI and adopts final version of guidelines on blockchain,EDPB,Notícia coletada,2026-07-08,day,2026-07-08T12:00:00Z,https://www.edpb.europa.eu/news/edpb-sheds-light-on-anonymisation-and-web-scraping-for-generative-ai-and-adopts-final-version_en,,True,GDPR/LGPD e proteção de dados; IA e proteção de dados,Inteligência artificial; EDPB,"Inteligência artificial: generative ai, ai; EDPB: edpb",2026-09-28T21:01:12+00:00,2026-09-28,2026-10-06T22:35:45+00:00,,,,False,EDPB sheds light on anonymisation and web scraping for generative AI and adopts final version of guidelines on blockchain
Convidamos as mercocidades a participar da Pesquisa sobre Pobreza Energética e Acesso à Energia do GCoM Latam,Mercociudades,Notícia coletada,2026-07-08,day,2026-07-08T13:31:27,https://mercociudades.org/pt-br/invitamos-a-las-mercociudades-a-participar-de-la-encuesta-sobre-pobreza-energetica-y-acceso-a-la-energia-de-gcom-latam/,,False,,,,2026-09-28T21:36:56+00:00,2026-09-28,2026-09-28T21:36:56+00:00,,,,False,Convidamos as mercocidades a participar da Pesquisa sobre Pobreza Energética e Acesso à Energia do GCoM Latam
"Com tradução conduzida pelo Cetic.br|NIC.br, curso da UNESCO fica disponível em português",NIC.br,Notícia coletada,2026-07-08,day,2026-07-08,https://www.nic.br/noticia/na-midia/com-traducao-conduzida-pelo-cetic-br-nic-br-curso-da-unesco-fica-disponivel-em-portugues/,,False,,,,2026-09-28T21:01:12+00:00,2026-09-28,2026-10-06T22:35:45+00:00,,,,False,"Com tradução conduzida pelo Cetic.br|NIC.br, curso da UNESCO fica disponível em português"
"Um terço das organizações sem fins de lucro no Brasil já usa IA generativa, aponta pesquisa do Cetic.br",NIC.br,Notícia coletada,2026-07-07,day,2026-07-07,https://www.nic.br/noticia/na-midia/um-terco-das-organizacoes-sem-fins-de-lucro-no-brasil-ja-usa-ia-generativa-aponta-pesquisa-do-cetic-br/,,True,IA e proteção de dados,Inteligência artificial,Inteligência artificial: ia,2026-09-28T21:01:12+00:00,2026-09-28,2026-10-06T22:35:45+00:00,,,,False,"Um terço das organizações sem fins de lucro no Brasil já usa IA generativa, aponta pesquisa do Cetic.br"
"Um terço das organizações sem fins de lucro no Brasil já usa IA generativa, aponta pesquisa do Cetic.br",NIC.br,Notícia coletada,2026-07-07,day,2026-07-07,https://www.nic.br/noticia/releases/um-terco-das-organizacoes-sem-fins-de-lucro-no-brasil-ja-usa-ia-generativa-aponta-pesquisa-do-cetic-br/,,True,IA e proteção de dados,Inteligência artificial,Inteligência artificial: ia,2026-09-28T21:01:12+00:00,2026-09-28,2026-10-06T22:35:45+00:00,,,,False,"Um terço das organizações sem fins de lucro no Brasil já usa IA generativa, aponta pesquisa do Cetic.br"
TIC Organizações Sem Fins Lucrativos 2025 identifica avanço na adoção de tecnologias no setor,NIC.br,Notícia coletada,2026-07-07,day,2026-07-07,https://www.nic.br/noticia/na-midia/tic-organizacoes-sem-fins-lucrativos-2025-identifica-avanco-na-adocao-de-tecnologias-no-setor/,,False,,,,2026-09-28T21:01:12+00:00,2026-09-28,2026-10-06T22:35:45+00:00,,,,False,TIC Organizações Sem Fins Lucrativos 2025 identifica avanço na adoção de tecnologias no setor
"O novo funcionário invisível da empresa precisa de crachá, chefe e limite",NIC.br,Notícia coletada,2026-07-07,day,2026-07-07,https://www.nic.br/noticia/na-midia/o-novo-funcionario-invisivel-da-empresa-precisa-de-cracha-chefe-e-limite/,,False,,,,2026-09-28T21:01:12+00:00,2026-09-28,2026-10-06T22:35:45+00:00,,,,False,"O novo funcionário invisível da empresa precisa de crachá, chefe e limite"
Consulta para o fortalecimento das áreas de Relações Internacionais e Comércio Exterior das “mercocidades”,Mercociudades,Notícia coletada,2026-07-07,day,2026-07-07T14:11:38,https://mercociudades.org/pt-br/consulta-para-el-fortalecimiento-de-las-areas-de-relaciones-internacionales-y-comercio-exterior-de-las-mercociudades/,,False,,,,2026-09-28T21:36:56+00:00,2026-09-28,2026-09-28T21:36:56+00:00,,,,False,Consulta para o fortalecimento das áreas de Relações Internacionais e Comércio Exterior das “mercocidades”
Brasil 2050: especialistas defendem definição de papel estratégico na transição digital,NIC.br,Notícia coletada,2026-07-06,day,2026-07-06,https://www.nic.br/noticia/na-midia/brasil-2050-brasil-precisa-definir-seu-papel-na-transicao-digital-para-alcancar-soberania-defendem-especialistas/,,False,,,,2026-09-28T21:01:12+00:00,2026-09-28,2026-10-06T22:35:45+00:00,,,,False,Brasil 2050: especialistas defendem definição de papel estratégico na transição digital
Acordos e rotina para limitação das telas durante as férias,NIC.br,Notícia coletada,2026-07-06,day,2026-07-06,https://www.nic.br/noticia/na-midia/acordos-e-rotina-para-limitacao-das-telas-durante-as-ferias/,,False,,,,2026-09-28T21:01:12+00:00,2026-09-28,2026-10-06T22:35:45+00:00,,,,False,Acordos e rotina para limitação das telas durante as férias
A terceirização da opinião pública para o algoritmo,NIC.br,Notícia coletada,2026-07-06,day,2026-07-06,https://www.nic.br/noticia/na-midia/estamos-terceirizando-nossa-opiniao-para-o-algoritmo/,,True,IA e proteção de dados,Algoritmos,Algoritmos: algoritmo,2026-09-28T21:01:12+00:00,2026-09-28,2026-10-06T22:35:45+00:00,,,,False,A terceirização da opinião pública para o algoritmo
Coordenadora do CGI.br defende bloqueio de aplicações online apenas como medida extrema,NIC.br,Notícia coletada,2026-07-03,day,2026-07-03,https://www.nic.br/noticia/na-midia/coordenadora-do-cgi-br-defende-bloqueio-de-aplicacoes-i-online-i-apenas-como-medida-extrema/,,False,,,,2026-09-28T21:01:12+00:00,2026-09-28,2026-10-06T22:35:45+00:00,,,,False,Coordenadora do CGI.br defende bloqueio de aplicações online apenas como medida extrema
CGI.br divulga nota técnica sobre recomendação de normas técnicas para acessibilidade digital,NIC.br,Notícia coletada,2026-07-03,day,2026-07-03,https://www.nic.br/noticia/na-midia/cgi-br-divulga-nota-tecnica-sobre-recomendacao-de-normas-tecnicas-para-acessibilidade-digital/,,False,,,,2026-09-28T21:01:12+00:00,2026-09-28,2026-10-06T22:35:45+00:00,,,,False,CGI.br divulga nota técnica sobre recomendação de normas técnicas para acessibilidade digital
ANPD e Cade renovam Acordo de Cooperação Técnica por mais cinco anos,NIC.br,Notícia coletada,2026-07-03,day,2026-07-03,https://www.nic.br/noticia/na-midia/anpd-e-cade-renovam-acordo-de-cooperacao-tecnica-por-mais-cinco-anos/,,True,GDPR/LGPD e proteção de dados,ANPD,ANPD: anpd,2026-09-28T21:01:12+00:00,2026-09-28,2026-10-06T22:35:45+00:00,,,,False,ANPD e Cade renovam Acordo de Cooperação Técnica por mais cinco anos
Um referencial para o uso da inteligência artificial na educação,NIC.br,Notícia coletada,2026-07-02,day,2026-07-02,https://www.nic.br/noticia/na-midia/um-referencial-para-o-uso-da-inteligencia-artificial-na-educacao/,,True,IA e proteção de dados,Inteligência artificial,Inteligência artificial: inteligencia artificial,2026-09-28T21:01:12+00:00,2026-09-28,2026-10-06T22:35:45+00:00,,,,False,Um referencial para o uso da inteligência artificial na educação
O que a obsessão por figurinhas e futebol esconde no cérebro infantil,NIC.br,Notícia coletada,2026-07-02,day,2026-07-02,https://www.nic.br/noticia/na-midia/o-que-a-obsessao-por-figurinhas-e-futebol-esconde-no-cerebro-infantil/,,False,,,,2026-09-28T21:01:12+00:00,2026-09-28,2026-10-06T22:35:45+00:00,,,,False,O que a obsessão por figurinhas e futebol esconde no cérebro infantil
Free online course on AI and Digital Transformation in Government now available in Portuguese,NIC.br,Notícia coletada,2026-07-02,day,2026-07-02,https://www.nic.br/noticia/releases/free-online-course-on-ai-and-digital-transformation-in-government-now-available-in-portuguese/,,True,IA e proteção de dados,Inteligência artificial,Inteligência artificial: ai,2026-09-28T21:01:12+00:00,2026-09-28,2026-10-06T22:35:45+00:00,,,,False,Free online course on AI and Digital Transformation in Government now available in Portuguese
Curso online gratuito sobre IA e Transformação Digital no Governo ganha versão em português,NIC.br,Notícia coletada,2026-07-02,day,2026-07-02,https://www.nic.br/noticia/releases/curso-i-online-i-gratuito-sobre-ia-e-transformacao-digital-no-governo-ganha-versao-em-portugues/,,True,IA e proteção de dados,Inteligência artificial,Inteligência artificial: ia,2026-09-28T21:01:12+00:00,2026-09-28,2026-10-06T22:35:45+00:00,,,,False,Curso online gratuito sobre IA e Transformação Digital no Governo ganha versão em português
"""Segurança digital não pode ser construída por um único ator"", defende Demi Getschko",NIC.br,Notícia coletada,2026-07-02,day,2026-07-02,https://www.nic.br/noticia/na-midia/demi-getschko-defende-colaboracao-no-marco-da-ciberseguranca/,,False,,,,2026-09-28T21:01:12+00:00,2026-09-28,2026-10-06T22:35:45+00:00,,,,False,"""Segurança digital não pode ser construída por um único ator"", defende Demi Getschko"
EDPB and AMLA to develop Joint Guidelines on partnerships for information sharing,EDPB,Notícia coletada,2026-07-01,day,2026-07-01T12:00:00Z,https://www.edpb.europa.eu/news/edpb-and-amla-to-develop-joint-guidelines-on-partnerships-for-information-sharing_en,,True,GDPR/LGPD e proteção de dados,EDPB,EDPB: edpb,2026-09-28T21:01:12+00:00,2026-09-28,2026-10-06T22:35:45+00:00,,,,False,EDPB and AMLA to develop Joint Guidelines on partnerships for information sharing
Chamada aberta: 9ª Escola de Resiliência da Mercocidades,Mercociudades,Notícia coletada,2026-07-01,day,2026-07-01T11:24:23,https://mercociudades.org/pt-br/convocatoria-abierta-9a-escuela-de-resiliencia-de-mercociudades/,,False,,,,2026-09-28T21:36:56+00:00,2026-09-28,2026-09-28T21:36:56+00:00,,,,False,Chamada aberta: 9ª Escola de Resiliência da Mercocidades
Brasil 2050: Fórum debate soluções para o futuro do país,NIC.br,Notícia coletada,2026-07-01,day,2026-07-01,https://www.nic.br/noticia/na-midia/brasil-2050-forum-reune-especialistas-para-buscar-solucoes-para-o-futuro-do-pais/,,False,,,,2026-09-28T21:01:12+00:00,2026-09-28,2026-10-06T22:35:45+00:00,,,,False,Brasil 2050: Fórum debate soluções para o futuro do país
A arquitetura da mentira,NIC.br,Notícia coletada,2026-07-01,day,2026-07-01,https://www.nic.br/noticia/na-midia/a-arquitetura-da-mentira/,,False,,,,2026-09-28T21:01:12+00:00,2026-09-28,2026-10-06T22:35:45+00:00,,,,False,A arquitetura da mentira
"""Misantropia"": alerta falso expõe novo desafio da segurança digital",NIC.br,Notícia coletada,2026-07-01,day,2026-07-01,https://www.nic.br/noticia/na-midia/misantropia-alerta-falso-expoe-novo-desafio-da-seguranca-digital/,,False,,,,2026-09-28T21:01:12+00:00,2026-09-28,2026-10-06T22:35:45+00:00,,,,False,"""Misantropia"": alerta falso expõe novo desafio da segurança digital"
Uso de IA no dia a dia pode facilitar estudos para alunos brasileiros,NIC.br,Notícia coletada,2026-06-30,day,2026-06-30,https://www.nic.br/noticia/na-midia/estudar-ficou-mais-facil-veja-como-alunos-estao-usando-ia-no-dia-a-dia/,,True,IA e proteção de dados,Inteligência artificial,Inteligência artificial: ia,2026-09-28T21:01:12+00:00,2026-09-28,2026-10-06T22:35:45+00:00,,,,False,Uso de IA no dia a dia pode facilitar estudos para alunos brasileiros
Provedores regionais apostam em streaming e TV para ampliar receita e reduzir cancelamentos,NIC.br,Notícia coletada,2026-06-30,day,2026-06-30,https://www.nic.br/noticia/na-midia/provedores-regionais-apostam-em-streaming-e-tv-para-ampliar-receita-e-reduzir-cancelamentos/,,False,,,,2026-09-28T21:01:12+00:00,2026-09-28,2026-10-06T22:35:45+00:00,,,,False,Provedores regionais apostam em streaming e TV para ampliar receita e reduzir cancelamentos
CGI.br defende normas da ABNT para acessibilidade digital,NIC.br,Notícia coletada,2026-06-30,day,2026-06-30,https://www.nic.br/noticia/na-midia/cgi-br-defende-normas-da-abnt-para-acessibilidade-digital/,,False,,,,2026-09-28T21:01:12+00:00,2026-09-28,2026-10-06T22:35:45+00:00,,,,False,CGI.br defende normas da ABNT para acessibilidade digital
Pesquisa aponta avanço da IA nas empresas brasileiras,NIC.br,Notícia coletada,2026-06-29,day,2026-06-29,https://www.nic.br/noticia/na-midia/pesquisa-aponta-avanco-da-inteligencia-artificial-nas-empresas-brasileiras/,,True,IA e proteção de dados,Inteligência artificial,Inteligência artificial: ia,2026-09-28T21:01:12+00:00,2026-09-28,2026-10-06T22:35:45+00:00,,,,False,Pesquisa aponta avanço da IA nas empresas brasileiras
A IA está aprendendo a dizer 'não' e a impor limites,NIC.br,Notícia coletada,2026-06-29,day,2026-06-29,https://www.nic.br/noticia/na-midia/a-inteligencia-artificial-esta-aprendendo-a-dizer-nao-e-a-impor-limites/,,True,IA e proteção de dados,Inteligência artificial,Inteligência artificial: ia,2026-09-28T21:01:12+00:00,2026-09-28,2026-10-06T22:35:45+00:00,,,,False,A IA está aprendendo a dizer 'não' e a impor limites
A Copa dos múltiplos dispositivos,NIC.br,Notícia coletada,2026-06-29,day,2026-06-29,https://www.nic.br/noticia/na-midia/a-copa-dos-multiplos-dispositivos/,,False,,,,2026-09-28T21:01:12+00:00,2026-09-28,2026-10-06T22:35:45+00:00,,,,False,A Copa dos múltiplos dispositivos
O risco de modernizar a precariedade na era da Lei de IA,NIC.br,Notícia coletada,2026-06-26,day,2026-06-26,https://www.nic.br/noticia/na-midia/o-risco-de-modernizar-a-precariedade-na-era-da-lei-de-ia/,,True,IA e proteção de dados,Inteligência artificial,Inteligência artificial: ia,2026-09-28T21:01:12+00:00,2026-09-28,2026-10-06T22:35:45+00:00,,,,False,O risco de modernizar a precariedade na era da Lei de IA
"IA na escola: 70% no Médio, 15% e 39% no Fundamental",NIC.br,Notícia coletada,2026-06-26,day,2026-06-26,https://www.nic.br/noticia/na-midia/ia-na-escola-70-no-medio-15-e-39-no-fundamental/,,True,IA e proteção de dados,Inteligência artificial,Inteligência artificial: ia,2026-09-28T21:01:12+00:00,2026-09-28,2026-10-06T22:35:45+00:00,,,,False,"IA na escola: 70% no Médio, 15% e 39% no Fundamental"
"A IA já entrou nas empresas brasileiras, mas ainda de forma concentrada e padronizada",NIC.br,Notícia coletada,2026-06-26,day,2026-06-26,https://www.nic.br/noticia/na-midia/a-ia-ja-entrou-nas-empresas-brasileiras-mas-ainda-de-forma-concentrada-e-padronizada/,,True,IA e proteção de dados,Inteligência artificial,Inteligência artificial: ia,2026-09-28T21:01:12+00:00,2026-09-28,2026-10-06T22:35:45+00:00,,,,False,"A IA já entrou nas empresas brasileiras, mas ainda de forma concentrada e padronizada"
Uso de IA generativa entre jovens amplia debate sobre formação tecnológica e sustentabilidade,NIC.br,Notícia coletada,2026-06-25,day,2026-06-25,https://www.nic.br/noticia/na-midia/uso-de-ia-generativa-entre-jovens-amplia-debate-sobre-formacao-tecnologica-e-sustentabilidade/,,True,IA e proteção de dados,Inteligência artificial,Inteligência artificial: ia,2026-09-28T21:01:12+00:00,2026-09-28,2026-10-06T22:35:45+00:00,,,,False,Uso de IA generativa entre jovens amplia debate sobre formação tecnológica e sustentabilidade
One-Stop-Shop case digest on right to object and right to erasure updated,EDPB,Notícia coletada,2026-06-25,day,2026-06-25T12:00:00Z,https://www.edpb.europa.eu/news/one-stop-shop-case-digest-on-right-to-object-and-right-to-erasure-updated_en,,False,,,,2026-09-28T21:01:12+00:00,2026-09-28,2026-10-06T22:35:45+00:00,,,,False,One-Stop-Shop case digest on right to object and right to erasure updated
O Grupo de Esportes da Mercocidades convida a participar de sua próxima reunião virtual,Mercociudades,Notícia coletada,2026-06-25,day,2026-06-25T14:44:16,https://mercociudades.org/pt-br/grupo-deportes-mercociudades-invita-participar-proximo-encuentro-virtual/,,False,,,,2026-09-28T21:36:56+00:00,2026-09-28,2026-09-28T21:36:56+00:00,,,,False,O Grupo de Esportes da Mercocidades convida a participar de sua próxima reunião virtual
Mensagem de Solidariedade ao povo da irmã República Bolivariana da Venezuela,Mercociudades,Notícia coletada,2026-06-25,day,2026-06-25T15:10:29,https://mercociudades.org/pt-br/mensaje-de-solidaridad-con-el-pueblo-de-la-hermana-republica-bolivariana-de-venezuela/,,False,,,,2026-09-28T21:36:56+00:00,2026-09-28,2026-09-28T21:36:56+00:00,,,,False,Mensagem de Solidariedade ao povo da irmã República Bolivariana da Venezuela
ECA Digital impulsiona debate sobre credenciais verificáveis para proteção de crianças e adolescentes,NIC.br,Notícia coletada,2026-06-25,day,2026-06-25,https://www.nic.br/noticia/na-midia/eca-digital-impulsiona-debate-sobre-credenciais-verificaveis-para-protecao-i-online-i-de-criancas-e-adolescentes/,,True,,Proteção infantil,Proteção infantil: eca digital,2026-09-28T21:01:12+00:00,2026-09-28,2026-10-06T22:35:45+00:00,,,,False,ECA Digital impulsiona debate sobre credenciais verificáveis para proteção de crianças e adolescentes
Anatel e UNESCO iniciam mapeamento sobre competências digitais de crianças e adolescentes,NIC.br,Notícia coletada,2026-06-25,day,2026-06-25,https://www.nic.br/noticia/na-midia/anatel-e-unesco-iniciam-mapeamento-sobre-competencias-digitais-de-criancas-e-adolescentes/,,False,,,,2026-09-28T21:01:12+00:00,2026-09-28,2026-10-06T22:35:45+00:00,,,,False,Anatel e UNESCO iniciam mapeamento sobre competências digitais de crianças e adolescentes
Supporting GDPR consistency: EDPB launches dedicated form,EDPB,Notícia coletada,2026-06-24,day,2026-06-24T12:00:00Z,https://www.edpb.europa.eu/news/supporting-gdpr-consistency-edpb-launches-dedicated-form_en,,True,GDPR/LGPD e proteção de dados,GDPR; EDPB,GDPR: gdpr; EDPB: edpb,2026-09-28T21:01:12+00:00,2026-09-28,2026-10-06T22:35:45+00:00,,,,False,Supporting GDPR consistency: EDPB launches dedicated form
"Sem alvará, sem dinheiro: a nova realidade dos influenciadores mirins",NIC.br,Notícia coletada,2026-06-24,day,2026-06-24,https://www.nic.br/noticia/na-midia/sem-alvara-sem-dinheiro-a-nova-realidade-dos-influenciadores-mirins/,,False,,,,2026-09-28T21:01:12+00:00,2026-09-28,2026-10-06T22:35:45+00:00,,,,False,"Sem alvará, sem dinheiro: a nova realidade dos influenciadores mirins"
Inclusão digital vira oportunidades em comunidades rurais amazônicas,NIC.br,Notícia coletada,2026-06-24,day,2026-06-24,https://www.nic.br/noticia/na-midia/inclusao-digital-vira-oportunidades-em-comunidades-rurais-amazonicas/,,False,,,,2026-09-28T21:01:12+00:00,2026-09-28,2026-10-06T22:35:45+00:00,,,,False,Inclusão digital vira oportunidades em comunidades rurais amazônicas
"Dados, IA e qualificação profissional são apontados como pilares para enfrentar transformações do trabalho",NIC.br,Notícia coletada,2026-06-24,day,2026-06-24,https://www.nic.br/noticia/na-midia/dados-inteligencia-artificial-e-qualificacao-profissional-sao-apontados-como-pilares-para-enfrentar-transformacoes-do-trabalho/,,True,IA e proteção de dados,Inteligência artificial,Inteligência artificial: ia,2026-09-28T21:01:12+00:00,2026-09-28,2026-10-06T22:35:45+00:00,,,,False,"Dados, IA e qualificação profissional são apontados como pilares para enfrentar transformações do trabalho"
UFSCar promove 1º encontro estadual sobre Interação Humano-Computador,NIC.br,Notícia coletada,2026-06-23,day,2026-06-23,https://www.nic.br/noticia/na-midia/ufscar-sedia-1-encontro-estadual-sobre-interacao-humano-computador/,,False,,,,2026-09-28T21:01:12+00:00,2026-09-28,2026-10-06T22:35:45+00:00,,,,False,UFSCar promove 1º encontro estadual sobre Interação Humano-Computador
RNP debate futuro da identidade digital acadêmica no 2º Workshop de Credenciais Verificáveis,NIC.br,Notícia coletada,2026-06-23,day,2026-06-23,https://www.nic.br/noticia/na-midia/rnp-debate-futuro-da-identidade-digital-academica-no-2-i-workshop-i-de-credenciais-verificaveis/,,False,,,,2026-09-28T21:01:12+00:00,2026-09-28,2026-10-06T22:35:45+00:00,,,,False,RNP debate futuro da identidade digital acadêmica no 2º Workshop de Credenciais Verificáveis
NIC.br integra nova composição do Conselho Diretor da LACTLD,NIC.br,Notícia coletada,2026-06-22,day,2026-06-22,https://www.nic.br/noticia/notas/nic-br-integra-nova-composicao-do-conselho-diretor-da-lactld/,,False,,,,2026-09-28T21:01:12+00:00,2026-09-28,2026-10-06T22:35:45+00:00,,,,False,NIC.br integra nova composição do Conselho Diretor da LACTLD
"Em meio à crise dos alertas, CNCiber cria grupos para discutir incidentes digitais",NIC.br,Notícia coletada,2026-06-22,day,2026-06-22,https://www.nic.br/noticia/na-midia/em-meio-a-crise-dos-alertas-cnciber-cria-grupos-para-discutir-incidentes-digitais/,,False,,,,2026-09-28T21:01:12+00:00,2026-09-28,2026-10-06T22:35:45+00:00,,,,False,"Em meio à crise dos alertas, CNCiber cria grupos para discutir incidentes digitais"
EDPB gets a new look: discover the new website and brand identity,EDPB,Notícia coletada,2026-06-22,day,2026-06-22T12:00:00Z,https://www.edpb.europa.eu/news/edpb-gets-a-new-look-discover-the-new-website-and-brand-identity_en,,True,GDPR/LGPD e proteção de dados,EDPB,EDPB: edpb,2026-09-28T21:01:12+00:00,2026-09-28,2026-10-06T22:35:45+00:00,,,,False,EDPB gets a new look: discover the new website and brand identity
Demi Getschko alerta para os riscos da concentração e da fragmentação da Internet,NIC.br,Notícia coletada,2026-06-22,day,2026-06-22,https://www.nic.br/noticia/na-midia/demi-getschko-internet-esta-concentrada-nas-maos-de-poucos-e-isso-preocupa-para-o-futuro/,,True,,Internet,Internet: internet,2026-09-28T21:01:12+00:00,2026-09-28,2026-10-06T22:35:45+00:00,,,,False,Demi Getschko alerta para os riscos da concentração e da fragmentação da Internet
Brasil acelera regulação digital e busca soberania tecnológica diante de desafios da Internet e IA,NIC.br,Notícia coletada,2026-06-22,day,2026-06-22,https://www.nic.br/noticia/na-midia/em-entrevista-ao-liberal-renata-mielli-fala-sobre-regulacao-digital-e-soberania-tecnologica/,,True,IA e proteção de dados,Inteligência artificial; Internet,Inteligência artificial: ia; Internet: internet,2026-09-28T21:01:12+00:00,2026-09-28,2026-10-06T22:35:45+00:00,,,,False,Brasil acelera regulação digital e busca soberania tecnológica diante de desafios da Internet e IA
Workshop em Brasília discute credenciais verificáveis e segurança digital,NIC.br,Notícia coletada,2026-06-19,day,2026-06-19,https://www.nic.br/noticia/na-midia/i-workshop-i-em-brasilia-discute-credenciais-verificaveis-e-seguranca-digital/,,False,,,,2026-09-28T21:01:12+00:00,2026-09-28,2026-10-06T22:35:45+00:00,,,,False,Workshop em Brasília discute credenciais verificáveis e segurança digital
O que acontece com suas fotos e conversas quando você usa um chatbot,NIC.br,Notícia coletada,2026-06-19,day,2026-06-19,https://www.nic.br/noticia/na-midia/o-que-acontece-com-suas-fotos-e-conversas-quando-voce-usa-um-i-chatbot-i/,,False,,,,2026-09-28T21:01:12+00:00,2026-09-28,2026-10-06T22:35:45+00:00,,,,False,O que acontece com suas fotos e conversas quando você usa um chatbot
"Credenciais verificáveis avançam em Brasília com foco em segurança, privacidade, ECA Digital e confiança pública",NIC.br,Notícia coletada,2026-06-19,day,2026-06-19,https://www.nic.br/noticia/na-midia/credenciais-verificaveis-avancam-em-brasilia-com-foco-em-seguranca-privacidade-eca-digital-e-confianca-publica/,,True,GDPR/LGPD e proteção de dados,Privacidade; Proteção infantil,Privacidade: privacidade; Proteção infantil: eca digital,2026-09-28T21:01:12+00:00,2026-09-28,2026-10-06T22:35:45+00:00,,,,False,"Credenciais verificáveis avançam em Brasília com foco em segurança, privacidade, ECA Digital e confiança pública"
Claude amplia atuação no Brasil com parceiros especializados,NIC.br,Notícia coletada,2026-06-18,day,2026-06-18,https://www.nic.br/noticia/na-midia/claude-amplia-atuacao-no-brasil-com-parceiros-especializados/,,False,,,,2026-09-28T21:01:12+00:00,2026-09-28,2026-10-06T22:35:45+00:00,,,,False,Claude amplia atuação no Brasil com parceiros especializados
2º Workshop de Credenciais Verificáveis debate transformação digital brasileira,NIC.br,Notícia coletada,2026-06-18,day,2026-06-18,https://www.nic.br/noticia/na-midia/2-i-workshop-i-de-credenciais-verificaveis-debate-transformacao-digital-brasileira/,,False,,,,2026-09-28T21:01:12+00:00,2026-09-28,2026-10-06T22:35:45+00:00,,,,False,2º Workshop de Credenciais Verificáveis debate transformação digital brasileira
Uso de IA nas empresas brasileiras cresce 4% no último ano,NIC.br,Notícia coletada,2026-06-17,day,2026-06-17,https://www.nic.br/noticia/na-midia/uso-de-ia-nas-empresas-brasileiras-cresce-4-no-ultimo-ano/,,True,IA e proteção de dados,Inteligência artificial,Inteligência artificial: ia,2026-09-28T21:01:12+00:00,2026-09-28,2026-10-06T22:35:45+00:00,,,,False,Uso de IA nas empresas brasileiras cresce 4% no último ano
IA influencia e molda cada vez mais a reputação de marcas,NIC.br,Notícia coletada,2026-06-17,day,2026-06-17,https://www.nic.br/noticia/na-midia/ia-influencia-e-molda-cada-vez-mais-a-reputac-a-o-de-marcas/,,True,IA e proteção de dados,Inteligência artificial,Inteligência artificial: ia,2026-09-28T21:01:12+00:00,2026-09-28,2026-10-06T22:35:45+00:00,,,,False,IA influencia e molda cada vez mais a reputação de marcas
36% das empresas brasileiras pagam para ter serviços de nuvem,NIC.br,Notícia coletada,2026-06-17,day,2026-06-17,https://www.nic.br/noticia/na-midia/pouco-mais-de-36-das-empresas-brasileiras-pagam-para-ter-servicos-de-nuvem/,,False,,,,2026-09-28T21:01:12+00:00,2026-09-28,2026-10-06T22:35:45+00:00,,,,False,36% das empresas brasileiras pagam para ter serviços de nuvem
Quase 100 mil empresas brasileiras fizeram uso de alguma Inteligência Artificial,NIC.br,Notícia coletada,2026-06-16,day,2026-06-16,https://www.nic.br/noticia/na-midia/quase-100-mil-empresas-brasileiras-fizeram-uso-de-alguma-inteligencia-artificial/,,True,IA e proteção de dados,Inteligência artificial,Inteligência artificial: inteligencia artificial,2026-09-28T21:01:12+00:00,2026-09-28,2026-10-06T22:35:45+00:00,,,,False,Quase 100 mil empresas brasileiras fizeram uso de alguma Inteligência Artificial
O futuro do jornalismo está nas mãos das gerações que parecem mais ignorá-lo,NIC.br,Notícia coletada,2026-06-16,day,2026-06-16,https://www.nic.br/noticia/na-midia/o-futuro-do-jornalismo-esta-nas-maos-das-geracoes-que-parecem-mais-ignora-lo/,,False,,,,2026-09-28T21:01:12+00:00,2026-09-28,2026-10-06T22:35:45+00:00,,,,False,O futuro do jornalismo está nas mãos das gerações que parecem mais ignorá-lo
Nuvem está presente em 36% das empresas brasileiras,NIC.br,Notícia coletada,2026-06-16,day,2026-06-16,https://www.nic.br/noticia/na-midia/nuvem-esta-presente-em-36-das-empresas-brasileiras/,,False,,,,2026-09-28T21:01:12+00:00,2026-09-28,2026-10-06T22:35:45+00:00,,,,False,Nuvem está presente em 36% das empresas brasileiras
Sobre o desenvolvimento e uso responsáveis de Inteligência Artificial na educação,NIC.br,Notícia coletada,2026-06-15,day,2026-06-15,https://www.nic.br/noticia/na-midia/sobre-o-desenvolvimento-e-uso-responsaveis-de-inteligencia-artificial-na-educacao/,,True,IA e proteção de dados,Inteligência artificial,Inteligência artificial: inteligencia artificial,2026-09-28T21:01:12+00:00,2026-09-28,2026-10-06T22:35:45+00:00,,,,False,Sobre o desenvolvimento e uso responsáveis de Inteligência Artificial na educação
Relato de endividamento por bets viraliza e acende alerta para avanço da ludopatia no país,NIC.br,Notícia coletada,2026-06-15,day,2026-06-15,https://www.nic.br/noticia/na-midia/relato-de-endividamento-por-i-bets-i-viraliza-e-acende-alerta-para-avanco-da-ludopatia-no-pais/,,False,,,,2026-09-28T21:01:12+00:00,2026-09-28,2026-10-06T22:35:45+00:00,,,,False,Relato de endividamento por bets viraliza e acende alerta para avanço da ludopatia no país
Bets e Copa do Mundo: combinação pode aumentar o risco de dependência?,NIC.br,Notícia coletada,2026-06-15,day,2026-06-15,https://www.nic.br/noticia/na-midia/bets-e-copa-do-mundo-combinacao-pode-aumentar-o-risco-de-dependencia/,,False,,,,2026-09-28T21:01:12+00:00,2026-09-28,2026-10-06T22:35:45+00:00,,,,False,Bets e Copa do Mundo: combinação pode aumentar o risco de dependência?
"Uso de Inteligência Artificial por empresas brasileiras avança e atinge 17%, aponta pesquisa do Cetic.br",NIC.br,Notícia coletada,2026-06-12,day,2026-06-12,https://www.nic.br/noticia/releases/uso-de-inteligencia-artificial-por-empresas-brasileiras-avanca-e-atinge-17-aponta-pesquisa-do-cetic-br/,,True,IA e proteção de dados,Inteligência artificial,Inteligência artificial: inteligencia artificial,2026-09-28T21:01:12+00:00,2026-09-28,2026-10-06T22:35:45+00:00,,,,False,"Uso de Inteligência Artificial por empresas brasileiras avança e atinge 17%, aponta pesquisa do Cetic.br"
STF: Toffoli defende responsabilizar marketplaces e flexibiliza exigência de sede para big techs no país,NIC.br,Notícia coletada,2026-06-12,day,2026-06-12,https://www.nic.br/noticia/na-midia/stf-toffoli-defende-responsabilizar-i-marketplaces-i-e-flexibiliza-exigencia-de-sede-para-i-big-techs-i-no-pais/,,False,,,,2026-09-28T21:01:12+00:00,2026-09-28,2026-10-06T22:35:45+00:00,,,,False,STF: Toffoli defende responsabilizar marketplaces e flexibiliza exigência de sede para big techs no país
STF forma maioria para que plataformas implementem em 60 dias alterações exigidas pela Corte,NIC.br,Notícia coletada,2026-06-12,day,2026-06-12,https://www.nic.br/noticia/na-midia/stf-forma-maioria-para-que-plataformas-implementem-em-60-dias-alteracoes-exigidas-pela-corte/,,False,,,,2026-09-28T21:01:12+00:00,2026-09-28,2026-10-06T22:35:45+00:00,,,,False,STF forma maioria para que plataformas implementem em 60 dias alterações exigidas pela Corte
Governo publica regras para eleições de 2026 do CGI.br,NIC.br,Notícia coletada,2026-06-12,day,2026-06-12,https://www.nic.br/noticia/na-midia/governo-publica-regras-para-eleicoes-de-2026-do-cgi-br/,,False,,,,2026-09-28T21:01:12+00:00,2026-09-28,2026-10-06T22:35:45+00:00,,,,False,Governo publica regras para eleições de 2026 do CGI.br
Coordinated Supervision Committee extends scope to include Eurodac,EDPB,Notícia coletada,2026-06-12,day,2026-06-12T12:00:00Z,https://www.edpb.europa.eu/news/coordinated-supervision-committee-extends-scope-to-include-eurodac_en,,False,,,,2026-09-28T21:01:12+00:00,2026-09-28,2026-10-06T22:35:45+00:00,,,,False,Coordinated Supervision Committee extends scope to include Eurodac
"Streaming , home office e games : a disputa invisível pela Internet dentro de casa",NIC.br,Notícia coletada,2026-06-11,day,2026-06-11,https://www.nic.br/noticia/na-midia/i-streaming-i-i-home-office-i-e-i-games-i-a-disputa-invisivel-pela-internet-dentro-de-casa/,,True,,Internet,Internet: internet,2026-09-28T21:01:12+00:00,2026-09-28,2026-10-06T22:35:45+00:00,,,,False,"Streaming , home office e games : a disputa invisível pela Internet dentro de casa"
STF julga recursos contra ampliação de responsabilidade de redes sociais,NIC.br,Notícia coletada,2026-06-11,day,2026-06-11,https://www.nic.br/noticia/na-midia/stf-julga-recursos-contra-ampliacao-de-responsabilidade-de-redes-sociais/,,True,,Plataformas,Plataformas: redes sociais,2026-09-28T21:01:12+00:00,2026-09-28,2026-10-06T22:35:45+00:00,,,,False,STF julga recursos contra ampliação de responsabilidade de redes sociais
MEC reabre prazos da Piec e reforça uso de medidor desenvolvido pelo NIC.br,NIC.br,Notícia coletada,2026-06-11,day,2026-06-11,https://www.nic.br/noticia/na-midia/reaberto-ciclo-2026-da-politica-de-educacao-conectada/,,False,,,,2026-09-28T21:01:12+00:00,2026-09-28,2026-10-06T22:35:45+00:00,,,,False,MEC reabre prazos da Piec e reforça uso de medidor desenvolvido pelo NIC.br
"Sob pressão dos EUA, STF julga nesta quarta recursos contra decisão que aumentou responsabilidade das big techs",NIC.br,Notícia coletada,2026-06-10,day,2026-06-10,https://www.nic.br/noticia/na-midia/sob-pressao-dos-eua-stf-julga-nesta-quarta-recursos-contra-decisao-que-aumentou-responsabilidade-das-i-big-techs-i/,,False,,,,2026-09-28T21:01:12+00:00,2026-09-28,2026-10-06T22:35:45+00:00,,,,False,"Sob pressão dos EUA, STF julga nesta quarta recursos contra decisão que aumentou responsabilidade das big techs"
O Tecnobrega da regulação de plataformas: reflexões inspiradas por Belém,NIC.br,Notícia coletada,2026-06-10,day,2026-06-10,https://www.nic.br/noticia/na-midia/o-tecnobrega-da-regulacao-de-plataformas-reflexoes-inspiradas-por-belem/,,False,,,,2026-09-28T21:01:12+00:00,2026-09-28,2026-10-06T22:35:45+00:00,,,,False,O Tecnobrega da regulação de plataformas: reflexões inspiradas por Belém
EDPB meets with EU Commissioner McGrath and adopts common data breach notification template,EDPB,Notícia coletada,2026-06-10,day,2026-06-10T12:00:00Z,https://www.edpb.europa.eu/news/edpb-meets-with-eu-commissioner-mcgrath-and-adopts-common-data-breach-notification-template_en,,True,GDPR/LGPD e proteção de dados,EDPB; União Europeia,EDPB: edpb; União Europeia: eu,2026-09-28T21:01:12+00:00,2026-09-28,2026-10-06T22:35:45+00:00,,,,False,EDPB meets with EU Commissioner McGrath and adopts common data breach notification template
Como era a Internet na última vez em que o Brasil ganhou a Copa?,NIC.br,Notícia coletada,2026-06-10,day,2026-06-10,https://www.nic.br/noticia/na-midia/como-era-a-internet-na-ultima-vez-em-que-o-brasil-ganhou-a-copa/,,True,,Internet,Internet: internet,2026-09-28T21:01:12+00:00,2026-09-28,2026-10-06T22:35:45+00:00,,,,False,Como era a Internet na última vez em que o Brasil ganhou a Copa?
"2ª edição do Workshop de Credenciais Verificáveis debate privacidade, soberania de dados e verificação de idade na Internet",NIC.br,Notícia coletada,2026-06-10,day,2026-06-10,https://www.nic.br/noticia/releases/2-edicao-do-i-workshop-i-de-credenciais-verificaveis-debate-privacidade-soberania-de-dados-e-verificacao-de-idade-na-internet/,,True,GDPR/LGPD e proteção de dados,Privacidade; Proteção infantil; Internet,Privacidade: privacidade; Proteção infantil: verificacao de idade; Internet: internet,2026-09-28T21:01:12+00:00,2026-09-28,2026-10-06T22:35:45+00:00,,,,False,"2ª edição do Workshop de Credenciais Verificáveis debate privacidade, soberania de dados e verificação de idade na Internet"
Revogação da Norma 4 e o futuro da Internet no Brasil,NIC.br,Notícia coletada,2026-06-09,day,2026-06-09,https://www.nic.br/noticia/na-midia/anatel-quer-revogar-norma-de-1995-e-abre-disputa-sobre-futuro-da-internet-no-brasil/,,True,,Internet,Internet: internet,2026-09-28T21:01:12+00:00,2026-09-28,2026-10-06T22:35:45+00:00,,,,False,Revogação da Norma 4 e o futuro da Internet no Brasil
"Com apoio do NIC.br e do CGI.br, MGI realiza o XI PARCOM",NIC.br,Notícia coletada,2026-06-09,day,2026-06-09,https://www.nic.br/noticia/na-midia/com-apoio-do-nic-br-e-do-cgi-br-mgi-realiza-o-xi-parcom/,,False,,,,2026-09-28T21:01:12+00:00,2026-09-28,2026-10-06T22:35:45+00:00,,,,False,"Com apoio do NIC.br e do CGI.br, MGI realiza o XI PARCOM"
As crianças precisam aprender a ficar entediadas,NIC.br,Notícia coletada,2026-06-09,day,2026-06-09,https://www.nic.br/noticia/na-midia/as-criancas-precisam-aprender-a-ficar-entediadas/,,False,,,,2026-09-28T21:01:12+00:00,2026-09-28,2026-10-06T22:35:45+00:00,,,,False,As crianças precisam aprender a ficar entediadas
Quantas são e onde estão as bibliotecas públicas brasileiras,NIC.br,Notícia coletada,2026-06-08,day,2026-06-08,https://www.nic.br/noticia/na-midia/quantas-sao-e-onde-estao-as-bibliotecas-publicas-brasileiras/,,False,,,,2026-09-28T21:01:12+00:00,2026-09-28,2026-10-06T22:35:45+00:00,,,,False,Quantas são e onde estão as bibliotecas públicas brasileiras
Inteligência artificial na escola: proibir ou ensinar a usar?,NIC.br,Notícia coletada,2026-06-08,day,2026-06-08,https://www.nic.br/noticia/na-midia/inteligencia-artificial-na-escola-proibir-ou-ensinar-a-usar/,,True,IA e proteção de dados,Inteligência artificial,Inteligência artificial: inteligencia artificial,2026-09-28T21:01:12+00:00,2026-09-28,2026-10-06T22:35:45+00:00,,,,False,Inteligência artificial na escola: proibir ou ensinar a usar?
Arquiteturas digitais e seus impactos na proteção da infância,NIC.br,Notícia coletada,2026-06-08,day,2026-06-08,https://www.nic.br/noticia/na-midia/arquiteturas-digitais-e-seus-impactos-na-protecao-da-infancia/,,False,,,,2026-09-28T21:01:12+00:00,2026-09-28,2026-10-06T22:35:45+00:00,,,,False,Arquiteturas digitais e seus impactos na proteção da infância
Decisão automatizada é tema de workshop em Fórum da Internet no Brasil,NIC.br,Notícia coletada,2026-06-03,day,2026-06-03,https://www.nic.br/noticia/na-midia/decisao-automatizada-e-tema-de-i-workshop-i-em-forum-da-internet-no-brasil/,,True,,Internet,Internet: internet,2026-09-28T21:01:12+00:00,2026-09-28,2026-10-06T22:35:45+00:00,,,,False,Decisão automatizada é tema de workshop em Fórum da Internet no Brasil
Amazônia ganha protagonismo nos debates do Fórum da Internet no Brasil,NIC.br,Notícia coletada,2026-06-03,day,2026-06-03,https://www.nic.br/noticia/na-midia/amazonia-ganha-protagonismo-nos-debates-do-forum-da-internet-no-brasil/,,True,,Internet,Internet: internet,2026-09-28T21:01:12+00:00,2026-09-28,2026-10-06T22:35:45+00:00,,,,False,Amazônia ganha protagonismo nos debates do Fórum da Internet no Brasil
A nova geração se interessa por política ou apenas consome conteúdo?,NIC.br,Notícia coletada,2026-06-03,day,2026-06-03,https://www.nic.br/noticia/na-midia/a-nova-geracao-se-interessa-por-politica-ou-apenas-consome-conteudo/,,False,,,,2026-09-28T21:01:12+00:00,2026-09-28,2026-10-06T22:35:45+00:00,,,,False,A nova geração se interessa por política ou apenas consome conteúdo?
Programe-se para as próximas iniciativas gratuitas do NIC.br,NIC.br,Notícia coletada,2026-06-02,day,2026-06-02,https://www.nic.br/noticia/na-midia/programe-se-para-as-proximas-iniciativas-gratuitas-do-nic-br/,,False,,,,2026-09-28T21:01:12+00:00,2026-09-28,2026-10-06T22:35:45+00:00,,,,False,Programe-se para as próximas iniciativas gratuitas do NIC.br
Fair share : CICS analisará inclusão da ABES em audiência,NIC.br,Notícia coletada,2026-06-02,day,2026-06-02,https://www.nic.br/noticia/na-midia/i-fair-share-i-cics-analisara-inclusao-da-abes-em-audiencia/,,False,,,,2026-09-28T21:01:12+00:00,2026-09-28,2026-10-06T22:35:45+00:00,,,,False,Fair share : CICS analisará inclusão da ABES em audiência
Decreto 12.975 e a competência da ANPD à luz da nova interpretação do art. 19,NIC.br,Notícia coletada,2026-06-02,day,2026-06-02,https://www.nic.br/noticia/na-midia/decreto-12-975-e-a-competencia-da-anpd-a-luz-da-nova-interpretacao-do-art-19/,,True,GDPR/LGPD e proteção de dados,ANPD,ANPD: anpd,2026-09-28T21:01:12+00:00,2026-09-28,2026-10-06T22:35:45+00:00,,,,False,Decreto 12.975 e a competência da ANPD à luz da nova interpretação do art. 19
Último dia do FIB16 discutiu o papel do Congresso na governança tecnológica,NIC.br,Notícia coletada,2026-06-01,day,2026-06-01,https://www.nic.br/noticia/na-midia/fib16-debateu-regulacao-da-ia-soberania-digital-e-papel-do-congresso-na-governanca-tecnologica/,,False,,,,2026-09-28T21:01:12+00:00,2026-09-28,2026-10-06T22:35:45+00:00,,,,False,Último dia do FIB16 discutiu o papel do Congresso na governança tecnológica
FIB16 em Belém: um passeio visual,NIC.br,Notícia coletada,2026-06-01,day,2026-06-01,https://www.nic.br/noticia/na-midia/fib16-em-belem-pa-um-passeio-visual/,,False,,,,2026-09-28T21:01:12+00:00,2026-09-28,2026-10-06T22:35:45+00:00,,,,False,FIB16 em Belém: um passeio visual
"Em trilha parlamentar do FIB16, deputada alerta para risco de colonialismo de dados",NIC.br,Notícia coletada,2026-06-01,day,2026-06-01,https://www.nic.br/noticia/na-midia/deputada-alerta-para-risco-de-colonialismo-de-dados/,,False,,,,2026-09-28T21:01:12+00:00,2026-09-28,2026-10-06T22:35:45+00:00,,,,False,"Em trilha parlamentar do FIB16, deputada alerta para risco de colonialismo de dados"
Transparência e proteção infantojuvenil centralizam debate sobre ECA Digital no FIB16,NIC.br,Notícia coletada,2026-05-29,day,2026-05-29,https://www.nic.br/noticia/notas/transparencia-e-protecao-infantojuvenil-centralizam-debate-sobre-eca-digital-no-fib16/,,True,,Proteção infantil,Proteção infantil: eca digital,2026-09-28T21:01:12+00:00,2026-09-28,2026-10-06T22:35:45+00:00,,,,False,Transparência e proteção infantojuvenil centralizam debate sobre ECA Digital no FIB16
"Renata Mielli participa de debate sobre IA, saúde mental e proteção digital de jovens na Rádio Alepa FM",NIC.br,Notícia coletada,2026-05-29,day,2026-05-29,https://www.nic.br/noticia/na-midia/radio-alepa-fm-promove-debate-sobre-ia-saude-mental-e-protecao-digital-de-jovens-com-a-doutora-no-assunto-renata-mielli/,,True,IA e proteção de dados,Inteligência artificial,Inteligência artificial: ia,2026-09-28T21:01:12+00:00,2026-09-28,2026-10-06T22:35:45+00:00,,,,False,"Renata Mielli participa de debate sobre IA, saúde mental e proteção digital de jovens na Rádio Alepa FM"
FIB16 discute soberania linguística indígena,NIC.br,Notícia coletada,2026-05-29,day,2026-05-29,https://www.nic.br/noticia/na-midia/fib16-debate-soberania-linguistica-indigena/,,False,,,,2026-09-28T21:01:12+00:00,2026-09-28,2026-10-06T22:35:45+00:00,,,,False,FIB16 discute soberania linguística indígena
"FIB 2026: soberania digital, IA e conectividade amazônica marcam debates",NIC.br,Notícia coletada,2026-05-29,day,2026-05-29,https://www.nic.br/noticia/na-midia/fib-2026-soberania-digital-ia-e-conectividade-amazonica-marcam-debates/,,True,IA e proteção de dados; Sul Global,Inteligência artificial; Soberania digital,Inteligência artificial: ia; Soberania digital: soberania digital,2026-09-28T21:01:12+00:00,2026-09-28,2026-10-06T22:35:45+00:00,,,,False,"FIB 2026: soberania digital, IA e conectividade amazônica marcam debates"
Especialistas associam regulação da IA e de plataformas digitais à soberania nacional,NIC.br,Notícia coletada,2026-05-29,day,2026-05-29,https://www.nic.br/noticia/notas/especialistas-associam-regulacao-da-ia-e-de-plataformas-digitais-a-soberania-nacional/,,True,IA e proteção de dados,Inteligência artificial; Plataformas,Inteligência artificial: ia; Plataformas: plataformas digitais,2026-09-28T21:01:12+00:00,2026-09-28,2026-10-06T22:35:45+00:00,,,,False,Especialistas associam regulação da IA e de plataformas digitais à soberania nacional
"Valorização profissional e sustentabilidade criativa são desafios enfrentados por produtores culturais na era da IA, apontam especialistas",NIC.br,Notícia coletada,2026-05-28,day,2026-05-28,https://www.nic.br/noticia/notas/valorizacao-profissional-e-sustentabilidade-criativa-sao-desafios-enfrentados-por-produtores-culturais-na-era-da-ia-apontam-especialistas/,,True,IA e proteção de dados,Inteligência artificial,Inteligência artificial: ia,2026-09-28T21:01:12+00:00,2026-09-28,2026-10-06T22:35:45+00:00,,,,False,"Valorização profissional e sustentabilidade criativa são desafios enfrentados por produtores culturais na era da IA, apontam especialistas"
"Legislação penal de cibersegurança está desatualizada, avalia presidente do conselho consultivo da Anatel",NIC.br,Notícia coletada,2026-05-28,day,2026-05-28,https://www.nic.br/noticia/na-midia/legislacao-penal-de-ciberseguranca-esta-desatualizada-avalia-presidente-do-conselho-consultivo-da-anatel/,,True,,Internet,Internet: ciberseguranca,2026-09-28T21:01:12+00:00,2026-09-28,2026-10-06T22:35:45+00:00,,,,False,"Legislação penal de cibersegurança está desatualizada, avalia presidente do conselho consultivo da Anatel"
Juventude e cidadania digital ganham destaque no FIB16 em Belém,NIC.br,Notícia coletada,2026-05-28,day,2026-05-28,https://www.nic.br/noticia/na-midia/juventude-e-cidadania-digital-ganham-destaque-no-fib16-em-belem/,,False,,,,2026-09-28T21:01:12+00:00,2026-09-28,2026-10-06T22:35:45+00:00,,,,False,Juventude e cidadania digital ganham destaque no FIB16 em Belém
Fórum da Internet no Brasil debate caminhos multissetoriais para a soberania digital,NIC.br,Notícia coletada,2026-05-28,day,2026-05-28,https://www.nic.br/noticia/notas/forum-da-internet-no-brasil-debate-caminhos-multissetoriais-para-a-soberania-digital/,,True,Sul Global,Soberania digital; Internet,Soberania digital: soberania digital; Internet: internet,2026-09-28T21:01:12+00:00,2026-09-28,2026-10-06T22:35:45+00:00,,,,False,Fórum da Internet no Brasil debate caminhos multissetoriais para a soberania digital
"FIB16 debate IA, cibersegurança e proteção de crianças e adolescentes no ambiente digital",NIC.br,Notícia coletada,2026-05-28,day,2026-05-28,https://www.nic.br/noticia/na-midia/fib16-debate-ia-ciberseguranca-e-protecao-de-criancas-e-adolescentes-no-ambiente-digital/,,True,IA e proteção de dados,Inteligência artificial; Internet,Inteligência artificial: ia; Internet: ciberseguranca,2026-09-28T21:01:12+00:00,2026-09-28,2026-10-06T22:35:45+00:00,,,,False,"FIB16 debate IA, cibersegurança e proteção de crianças e adolescentes no ambiente digital"
Pesquisa mostra que 1 em cada 5 estabelecimentos de saúde no Brasil usa IA,NIC.br,Notícia coletada,2026-05-27,day,2026-05-27,https://www.nic.br/noticia/na-midia/pesquisa-mostra-que-1-em-cada-5-estabelecimentos-de-saude-no-brasil-usa-ia/,,True,IA e proteção de dados,Inteligência artificial,Inteligência artificial: ia,2026-09-28T21:01:12+00:00,2026-09-28,2026-10-06T22:35:45+00:00,,,,False,Pesquisa mostra que 1 em cada 5 estabelecimentos de saúde no Brasil usa IA
FIB16: direito dos povos originários precede direitos digitais,NIC.br,Notícia coletada,2026-05-27,day,2026-05-27,https://www.nic.br/noticia/na-midia/fib16-direito-dos-povos-originarios-precede-direitos-digitais/,,False,,,,2026-09-28T21:01:12+00:00,2026-09-28,2026-10-06T22:35:45+00:00,,,,False,FIB16: direito dos povos originários precede direitos digitais
FIB16 movimenta Belém entre segunda e sexta-feira,NIC.br,Notícia coletada,2026-05-27,day,2026-05-27,https://www.nic.br/noticia/na-midia/fib16-movimenta-belem-entre-segunda-e-sexta-feira/,,False,,,,2026-09-28T21:01:12+00:00,2026-09-28,2026-10-06T22:35:45+00:00,,,,False,FIB16 movimenta Belém entre segunda e sexta-feira
"FIB16 vai até sexta com debates em Belém sobre IA, ECA Digital e soberania",NIC.br,Notícia coletada,2026-05-26,day,2026-05-26,https://www.nic.br/noticia/na-midia/fib16-vai-ate-sexta-com-debates-em-belem-sobre-ia-eca-digital-e-soberania/,,True,IA e proteção de dados,Inteligência artificial; Proteção infantil,Inteligência artificial: ia; Proteção infantil: eca digital,2026-09-28T21:01:12+00:00,2026-09-28,2026-10-06T22:35:45+00:00,,,,False,"FIB16 vai até sexta com debates em Belém sobre IA, ECA Digital e soberania"
Encontro discute em Belém temas centrais da agenda digital brasileira,NIC.br,Notícia coletada,2026-05-26,day,2026-05-26,https://www.nic.br/noticia/na-midia/encontro-discute-em-belem-temas-centrais-da-agenda-digital-brasileira/,,False,,,,2026-09-28T21:01:12+00:00,2026-09-28,2026-10-06T22:35:45+00:00,,,,False,Encontro discute em Belém temas centrais da agenda digital brasileira
Caiu em um golpe? Novo fascículo do CERT.br dá orientações sobre como agir,NIC.br,Notícia coletada,2026-05-26,day,2026-05-26,https://www.nic.br/noticia/releases/caiu-em-um-golpe-novo-fasciculo-do-cert-br-da-orientacoes-sobre-como-agir/,,False,,,,2026-09-28T21:01:12+00:00,2026-09-28,2026-10-06T22:35:45+00:00,,,,False,Caiu em um golpe? Novo fascículo do CERT.br dá orientações sobre como agir
CGI.br apoia decretos do MCI e defende dever de cuidado das plataformas,NIC.br,Notícia coletada,2026-05-26,day,2026-05-26,https://www.nic.br/noticia/na-midia/cgi-br-apoia-decretos-do-mci-e-defende-dever-de-cuidado-das-plataformas/,,False,,,,2026-09-28T21:01:12+00:00,2026-09-28,2026-10-06T22:35:45+00:00,,,,False,CGI.br apoia decretos do MCI e defende dever de cuidado das plataformas
FIB retorna a Belém após 13 anos com debates sobre IA e cibersegurança,NIC.br,Notícia coletada,2026-05-25,day,2026-05-25,https://www.nic.br/noticia/na-midia/forum-da-internet-no-brasil-retorna-a-belem-apos-13-anos-com-debates-sobre-ia-e-ciberseguranca/,,True,IA e proteção de dados,Inteligência artificial; Internet,Inteligência artificial: ia; Internet: ciberseguranca,2026-09-28T21:01:12+00:00,2026-09-28,2026-10-06T22:35:45+00:00,,,,False,FIB retorna a Belém após 13 anos com debates sobre IA e cibersegurança
Como o consumo de pornografia na adolescência impacta a saúde mental,NIC.br,Notícia coletada,2026-05-25,day,2026-05-25,https://www.nic.br/noticia/na-midia/como-o-consumo-de-pornografia-na-adolescencia-impacta-a-saude-mental/,,False,,,,2026-09-28T21:01:12+00:00,2026-09-28,2026-10-06T22:35:45+00:00,,,,False,Como o consumo de pornografia na adolescência impacta a saúde mental
CGI.br se manifesta a favor das regras mais duras do Governo Lula às big techs,NIC.br,Notícia coletada,2026-05-25,day,2026-05-25,https://www.nic.br/noticia/na-midia/cgi-br-se-manifesta-a-favor-das-regras-mais-duras-do-governo-lula-as-i-big-techs-i/,,False,,,,2026-09-28T21:01:12+00:00,2026-09-28,2026-10-06T22:35:45+00:00,,,,False,CGI.br se manifesta a favor das regras mais duras do Governo Lula às big techs
O que significa a nova lei para as redes sociais,NIC.br,Notícia coletada,2026-05-22,day,2026-05-22,https://www.nic.br/noticia/na-midia/o-que-significa-a-nova-lei-para-as-redes-sociais/,,True,,Plataformas,Plataformas: redes sociais,2026-09-28T21:01:12+00:00,2026-09-28,2026-10-06T22:35:45+00:00,,,,False,O que significa a nova lei para as redes sociais
FIB16 fala de IA e cibersegurança em Belém,NIC.br,Notícia coletada,2026-05-22,day,2026-05-22,https://www.nic.br/noticia/na-midia/fib16-fala-de-ia-e-ciberseguranca-em-belem/,,True,IA e proteção de dados,Inteligência artificial; Internet,Inteligência artificial: ia; Internet: ciberseguranca,2026-09-28T21:01:12+00:00,2026-09-28,2026-10-06T22:35:45+00:00,,,,False,FIB16 fala de IA e cibersegurança em Belém
"Alana participa do FIB16, principal fórum de Internet do país",NIC.br,Notícia coletada,2026-05-22,day,2026-05-22,https://www.nic.br/noticia/na-midia/alana-participa-do-fib16-principal-forum-de-internet-do-pais/,,True,,Internet,Internet: internet,2026-09-28T21:01:12+00:00,2026-09-28,2026-10-06T22:35:45+00:00,,,,False,"Alana participa do FIB16, principal fórum de Internet do país"
Acessibilidade na Web: W3C reconhecido pela Forbes,NIC.br,Notícia coletada,2026-05-22,day,2026-05-22,https://www.nic.br/noticia/notas/acessibilidade-na-web-w3c-reconhecido-pela-forbes/,,False,,,,2026-09-28T21:01:12+00:00,2026-09-28,2026-10-06T22:35:45+00:00,,,,False,Acessibilidade na Web: W3C reconhecido pela Forbes
"FIB16 acontecerá em Belém, o coração da Amazônia",NIC.br,Notícia coletada,2026-05-21,day,2026-05-21,https://www.nic.br/noticia/na-midia/fib16-acontecera-em-belem-o-coracao-da-amazonia/,,False,,,,2026-09-28T21:01:12+00:00,2026-09-28,2026-10-06T22:35:45+00:00,,,,False,"FIB16 acontecerá em Belém, o coração da Amazônia"
"Em Belém, FIB16 começa na próxima segunda-feira (25)",NIC.br,Notícia coletada,2026-05-21,day,2026-05-21,https://www.nic.br/noticia/na-midia/em-belem-fib16-comeca-na-proxima-segunda-feira-25/,,False,,,,2026-09-28T21:01:12+00:00,2026-09-28,2026-10-06T22:35:45+00:00,,,,False,"Em Belém, FIB16 começa na próxima segunda-feira (25)"
"Com inscrições gratuitas, 16º Fórum da Internet no Brasil discute governança digital",NIC.br,Notícia coletada,2026-05-21,day,2026-05-21,https://www.nic.br/noticia/na-midia/com-inscricoes-gratuitas-16-forum-da-internet-no-brasil-discute-governanca-digital/,,True,,Governança digital; Internet,Governança digital: governanca digital; Internet: internet,2026-09-28T21:01:12+00:00,2026-09-28,2026-10-06T22:35:45+00:00,,,,False,"Com inscrições gratuitas, 16º Fórum da Internet no Brasil discute governança digital"
Lula assina decretos com novas regras para redes sociais,NIC.br,Notícia coletada,2026-05-20,day,2026-05-20,https://www.nic.br/noticia/na-midia/lula-assina-decretos-com-novas-regras-para-redes-sociais/,,True,,Plataformas,Plataformas: redes sociais,2026-09-28T21:01:12+00:00,2026-09-28,2026-10-06T22:35:45+00:00,,,,False,Lula assina decretos com novas regras para redes sociais
Digitalização na saúde avança e 18% dos estabelecimentos usam IA,NIC.br,Notícia coletada,2026-05-20,day,2026-05-20,https://www.nic.br/noticia/na-midia/digitalizacao-na-saude-avanca-e-18-dos-estabelecimentos-usam-ia/,,True,IA e proteção de dados,Inteligência artificial,Inteligência artificial: ia,2026-09-28T21:01:12+00:00,2026-09-28,2026-10-06T22:35:45+00:00,,,,False,Digitalização na saúde avança e 18% dos estabelecimentos usam IA
A IA vai avançar até onde a infraestrutura permitir,NIC.br,Notícia coletada,2026-05-20,day,2026-05-20,https://www.nic.br/noticia/na-midia/a-ia-vai-avancar-ate-onde-a-infraestrutura-permitir/,,True,IA e proteção de dados,Inteligência artificial,Inteligência artificial: ia,2026-09-28T21:01:12+00:00,2026-09-28,2026-10-06T22:35:45+00:00,,,,False,A IA vai avançar até onde a infraestrutura permitir
"Uso de inteligência artificial cresce no setor de saúde, com foco em tarefas administrativa",NIC.br,Notícia coletada,2026-05-19,day,2026-05-19,https://www.nic.br/noticia/na-midia/uso-de-inteligencia-artificial-cresce-no-setor-de-saude-com-foco-em-tarefas-administrativa/,,True,IA e proteção de dados,Inteligência artificial,Inteligência artificial: inteligencia artificial,2026-09-28T21:01:12+00:00,2026-09-28,2026-10-06T22:35:45+00:00,,,,False,"Uso de inteligência artificial cresce no setor de saúde, com foco em tarefas administrativa"
NIC.br abre inscrições para o Desafio BCOP 2026,NIC.br,Notícia coletada,2026-05-19,day,2026-05-19,https://www.nic.br/noticia/na-midia/nic-br-abre-inscricoes-para-o-desafio-bcop-2026-com-novas-categorias-para-provedores-e-usuarios-finais/,,False,,,,2026-09-28T21:01:12+00:00,2026-09-28,2026-10-06T22:35:45+00:00,,,,False,NIC.br abre inscrições para o Desafio BCOP 2026
Inteligência artificial está presente em 18% dos serviços de saúde do país,NIC.br,Notícia coletada,2026-05-19,day,2026-05-19,https://www.nic.br/noticia/na-midia/inteligencia-artificial-esta-presente-em-18-dos-servicos-de-saude-do-pais/,,True,IA e proteção de dados,Inteligência artificial,Inteligência artificial: inteligencia artificial,2026-09-28T21:01:12+00:00,2026-09-28,2026-10-06T22:35:45+00:00,,,,False,Inteligência artificial está presente em 18% dos serviços de saúde do país
EDPB and EDPS support strengthening EU’s cybersecurity and easing compliance while protecting individuals’ personal data,EDPB,Notícia coletada,2026-05-19,day,2026-05-19T12:00:00Z,https://www.edpb.europa.eu/news/edpb-and-edps-support-strengthening-eus-cybersecurity-and-easing-compliance-while-protecting_en,,True,GDPR/LGPD e proteção de dados,Proteção de dados; EDPB; União Europeia; Internet,Proteção de dados: personal data; EDPB: edpb; União Europeia: eu; Internet: cybersecurity,2026-09-28T21:01:12+00:00,2026-09-28,2026-10-06T22:35:45+00:00,,,,False,EDPB and EDPS support strengthening EU’s cybersecurity and easing compliance while protecting individuals’ personal data
NIC.br abre inscrições para Desafio BCOP 2026,NIC.br,Notícia coletada,2026-05-18,day,2026-05-18,https://www.nic.br/noticia/na-midia/nic-br-abre-inscricoes-para-desafio-bcop-2026/,,False,,,,2026-09-28T21:01:12+00:00,2026-09-28,2026-10-06T22:35:45+00:00,,,,False,NIC.br abre inscrições para Desafio BCOP 2026
Governo Lula avalia ampliar decreto sobre big techs com agência fiscalizando deveres,NIC.br,Notícia coletada,2026-05-18,day,2026-05-18,https://www.nic.br/noticia/na-midia/governo-lula-avalia-ampliar-decreto-sobre-i-big-techs-i-com-agencia-fiscalizando-deveres/,,False,,,,2026-09-28T21:01:12+00:00,2026-09-28,2026-10-06T22:35:45+00:00,,,,False,Governo Lula avalia ampliar decreto sobre big techs com agência fiscalizando deveres
"Em entrevista, Demi Getschko alerta que IA cria risco de 'acomodação intelectual'",NIC.br,Notícia coletada,2026-05-18,day,2026-05-18,https://www.nic.br/noticia/na-midia/em-entrevista-demi-getschko-alerta-que-ia-cria-risco-de-acomodacao-intelectual/,,True,IA e proteção de dados,Inteligência artificial,Inteligência artificial: ia,2026-09-28T21:01:12+00:00,2026-09-28,2026-10-06T22:35:45+00:00,,,,False,"Em entrevista, Demi Getschko alerta que IA cria risco de 'acomodação intelectual'"
Sedigi debate regulação de plataformas digitais na Câmara dos Deputados,NIC.br,Notícia coletada,2026-05-15,day,2026-05-15,https://www.nic.br/noticia/na-midia/sedigi-debate-regulacao-de-plataformas-digitais-na-camara-dos-deputados/,,True,,Plataformas,Plataformas: plataformas digitais,2026-09-28T21:01:12+00:00,2026-09-28,2026-10-06T22:35:45+00:00,,,,False,Sedigi debate regulação de plataformas digitais na Câmara dos Deputados
Regulação de plataformas volta ao centro do debate legislativo,NIC.br,Notícia coletada,2026-05-15,day,2026-05-15,https://www.nic.br/noticia/na-midia/regulacao-de-plataformas-volta-ao-centro-do-debate-legislativo/,,False,,,,2026-09-28T21:01:12+00:00,2026-09-28,2026-10-06T22:35:45+00:00,,,,False,Regulação de plataformas volta ao centro do debate legislativo
Regulamentação para acolher nova interpretação do Artigo 19 do MCI fortalecerá ANPD,NIC.br,Notícia coletada,2026-05-15,day,2026-05-15,https://www.nic.br/noticia/na-midia/regulamentacao-para-acolher-nova-interpretacao-do-artigo-19-do-mci-fortalecera-anpd/,,True,GDPR/LGPD e proteção de dados,ANPD,ANPD: anpd,2026-09-28T21:01:12+00:00,2026-09-28,2026-10-06T22:35:45+00:00,,,,False,Regulamentação para acolher nova interpretação do Artigo 19 do MCI fortalecerá ANPD
"Parlamentares da Comissão de Ciência, Tecnologia e Inovação da Câmara dos Deputados visitam instalações do NIC.br em SP",NIC.br,Notícia coletada,2026-05-14,day,2026-05-14,https://www.nic.br/noticia/notas/parlamentares-da-comissao-de-ciencia-tecnologia-e-inovacao-da-camara-dos-deputados-visitam-instalacoes-do-nic-br-em-sp/,,False,,,,2026-09-28T21:01:12+00:00,2026-09-28,2026-10-06T22:35:45+00:00,,,,False,"Parlamentares da Comissão de Ciência, Tecnologia e Inovação da Câmara dos Deputados visitam instalações do NIC.br em SP"
Governo defende regulação “cirúrgica” de plataformas digitais na Câmara,NIC.br,Notícia coletada,2026-05-14,day,2026-05-14,https://www.nic.br/noticia/na-midia/governo-defende-regulacao-cirurgica-de-plataformas-digitais-na-camara/,,True,,Plataformas,Plataformas: plataformas digitais,2026-09-28T21:01:12+00:00,2026-09-28,2026-10-06T22:35:45+00:00,,,,False,Governo defende regulação “cirúrgica” de plataformas digitais na Câmara
Comissão da Câmara debate princípios para regulação de plataformas digitais elaborados pelo CGI.br,NIC.br,Notícia coletada,2026-05-14,day,2026-05-14,https://www.nic.br/noticia/na-midia/cgi-br-apresenta-principios-para-regulacao-de-i-big-techs-i-no-brasil/,,True,,Plataformas,Plataformas: plataformas digitais,2026-09-28T21:01:12+00:00,2026-09-28,2026-10-06T22:35:45+00:00,,,,False,Comissão da Câmara debate princípios para regulação de plataformas digitais elaborados pelo CGI.br
Uso de IA na saúde chega a 18% dos estabelecimentos do país,NIC.br,Notícia coletada,2026-05-13,day,2026-05-13,https://www.nic.br/noticia/na-midia/uso-de-ia-na-saude-chega-a-18-dos-estabelecimentos-do-pais/,,True,IA e proteção de dados,Inteligência artificial,Inteligência artificial: ia,2026-09-28T21:01:12+00:00,2026-09-28,2026-10-06T22:35:45+00:00,,,,False,Uso de IA na saúde chega a 18% dos estabelecimentos do país
NIC.br abre inscrições para o Desafio BCOP 2026 e inaugura novas categorias de participação,NIC.br,Notícia coletada,2026-05-13,day,2026-05-13,https://www.nic.br/noticia/releases/nic-br-abre-inscricoes-para-o-desafio-bcop-2026-e-inaugura-novas-categorias-de-participacao/,,False,,,,2026-09-28T21:01:12+00:00,2026-09-28,2026-10-06T22:35:45+00:00,,,,False,NIC.br abre inscrições para o Desafio BCOP 2026 e inaugura novas categorias de participação
"IA chega a 18% dos estabelecimentos de saúde, mas uso ainda é operacional",NIC.br,Notícia coletada,2026-05-13,day,2026-05-13,https://www.nic.br/noticia/na-midia/ia-chega-a-18-dos-estabelecimentos-de-saude-mas-uso-ainda-e-operacional/,,True,IA e proteção de dados,Inteligência artificial,Inteligência artificial: ia,2026-09-28T21:01:12+00:00,2026-09-28,2026-10-06T22:35:45+00:00,,,,False,"IA chega a 18% dos estabelecimentos de saúde, mas uso ainda é operacional"
"18% das unidades de saúde usam IA no Brasil, diz pesquisa",NIC.br,Notícia coletada,2026-05-13,day,2026-05-13,https://www.nic.br/noticia/na-midia/18-das-unidades-de-saude-usam-ia-no-brasil-diz-pesquisa/,,True,IA e proteção de dados,Inteligência artificial,Inteligência artificial: ia,2026-09-28T21:01:12+00:00,2026-09-28,2026-10-06T22:35:45+00:00,,,,False,"18% das unidades de saúde usam IA no Brasil, diz pesquisa"
"Uso de Inteligência Artificial avança na saúde brasileira, mas ainda se concentra em tarefas operacionais",NIC.br,Notícia coletada,2026-05-12,day,2026-05-12,https://www.nic.br/noticia/releases/uso-de-inteligencia-artificial-avanca-na-saude-brasileira-mas-ainda-se-concentra-em-tarefas-operacionais/,,True,IA e proteção de dados,Inteligência artificial,Inteligência artificial: inteligencia artificial,2026-09-28T21:01:12+00:00,2026-09-28,2026-10-06T22:35:45+00:00,,,,False,"Uso de Inteligência Artificial avança na saúde brasileira, mas ainda se concentra em tarefas operacionais"
Impacto da inteligência artificial na infraestrutura de rede domina debates sobre regulação e taxas de conectividade,NIC.br,Notícia coletada,2026-05-12,day,2026-05-12,https://www.nic.br/noticia/na-midia/impacto-da-inteligencia-artificial-na-infraestrutura-de-rede-domina-debates-sobre-regulacao-e-taxas-de-conectividade/,,True,IA e proteção de dados,Inteligência artificial,Inteligência artificial: inteligencia artificial,2026-09-28T21:01:12+00:00,2026-09-28,2026-10-06T22:35:45+00:00,,,,False,Impacto da inteligência artificial na infraestrutura de rede domina debates sobre regulação e taxas de conectividade
Ferramenta do NIC.br já mediu a qualidade da conexão em 102 mil escolas,NIC.br,Notícia coletada,2026-05-12,day,2026-05-12,https://www.nic.br/noticia/na-midia/ferramenta-do-nic-br-ja-mediu-a-qualidade-da-conexao-em-102-mil-escolas/,,False,,,,2026-09-28T21:01:12+00:00,2026-09-28,2026-10-06T22:35:45+00:00,,,,False,Ferramenta do NIC.br já mediu a qualidade da conexão em 102 mil escolas
FIB retorna a Belém com debates sobre IA e cibersegurança,NIC.br,Notícia coletada,2026-05-12,day,2026-05-12,https://www.nic.br/noticia/na-midia/fib-retorna-a-belem-com-debates-sobre-ia-e-ciberseguranca/,,True,IA e proteção de dados,Inteligência artificial; Internet,Inteligência artificial: ia; Internet: ciberseguranca,2026-09-28T21:01:12+00:00,2026-09-28,2026-10-06T22:35:45+00:00,,,,False,FIB retorna a Belém com debates sobre IA e cibersegurança
Wi-Fi doméstico é desafio para provedores de banda larga,NIC.br,Notícia coletada,2026-05-11,day,2026-05-11,https://www.nic.br/noticia/na-midia/wi-fi-domestico-e-desafio-para-provedores-de-banda-larga/,,False,,,,2026-09-28T21:01:12+00:00,2026-09-28,2026-10-06T22:35:45+00:00,,,,False,Wi-Fi doméstico é desafio para provedores de banda larga
IA para todos?,NIC.br,Notícia coletada,2026-05-11,day,2026-05-11,https://www.nic.br/noticia/na-midia/ia-para-todos/,,True,IA e proteção de dados,Inteligência artificial,Inteligência artificial: ia,2026-09-28T21:01:12+00:00,2026-09-28,2026-10-06T22:35:45+00:00,,,,False,IA para todos?
GSMA defende revisão regulatória para equilibrar assimetrias entre teles e grandes usuários de rede,NIC.br,Notícia coletada,2026-05-11,day,2026-05-11,https://www.nic.br/noticia/na-midia/gsma-defende-revisao-regulatoria-para-equilibrar-assimetrias-entre-teles-e-grandes-usuarios-de-rede/,,False,,,,2026-09-28T21:01:12+00:00,2026-09-28,2026-10-06T22:35:45+00:00,,,,False,GSMA defende revisão regulatória para equilibrar assimetrias entre teles e grandes usuários de rede
Qualidade da conexão é monitorada em 102 mil escolas da Enec,NIC.br,Notícia coletada,2026-05-08,day,2026-05-08,https://www.nic.br/noticia/na-midia/qualidade-da-conexao-e-monitorada-em-102-mil-escolas-da-enec/,,False,,,,2026-09-28T21:01:12+00:00,2026-09-28,2026-10-06T22:35:45+00:00,,,,False,Qualidade da conexão é monitorada em 102 mil escolas da Enec
"Programação do FIB16 terá debates sobre IA, cibersegurança e proteção de crianças e adolescentes no ambiente digital",NIC.br,Notícia coletada,2026-05-08,day,2026-05-08,https://www.nic.br/noticia/releases/programacao-do-fib16-tera-debates-sobre-ia-ciberseguranca-e-protecao-de-criancas-e-adolescentes-no-ambiente-digital/,,True,IA e proteção de dados,Inteligência artificial; Internet,Inteligência artificial: ia; Internet: ciberseguranca,2026-09-28T21:01:12+00:00,2026-09-28,2026-10-06T22:35:45+00:00,,,,False,"Programação do FIB16 terá debates sobre IA, cibersegurança e proteção de crianças e adolescentes no ambiente digital"
Ecossistema digital prepara nova rodada de debate sobre custos de rede,NIC.br,Notícia coletada,2026-05-08,day,2026-05-08,https://www.nic.br/noticia/na-midia/ecossistema-digital-prepara-nova-rodada-de-debate-sobre-custos-de-rede/,,False,,,,2026-09-28T21:01:12+00:00,2026-09-28,2026-10-06T22:35:45+00:00,,,,False,Ecossistema digital prepara nova rodada de debate sobre custos de rede
Belém volta a sediar o FIB após 13 anos,NIC.br,Notícia coletada,2026-05-08,day,2026-05-08,https://www.nic.br/noticia/na-midia/belem-volta-a-sediar-o-fib-apos-13-anos/,,False,,,,2026-09-28T21:01:12+00:00,2026-09-28,2026-10-06T22:35:45+00:00,,,,False,Belém volta a sediar o FIB após 13 anos
Levantamento mapeia 24 anos de digitalização desigual nas escolas brasileiras,NIC.br,Notícia coletada,2026-05-07,day,2026-05-07,https://www.nic.br/noticia/na-midia/levantamento-mapeia-24-anos-de-digitalizacao-desigual-nas-escolas-brasileiras/,,False,,,,2026-09-28T21:01:12+00:00,2026-09-28,2026-10-06T22:35:45+00:00,,,,False,Levantamento mapeia 24 anos de digitalização desigual nas escolas brasileiras
IA exige salto na capacidade energética e desafia conectividade dos data centers,NIC.br,Notícia coletada,2026-05-07,day,2026-05-07,https://www.nic.br/noticia/na-midia/ia-exige-salto-na-capacidade-energetica-e-desafia-conectividade-dos-i-data-centers-i/,,True,IA e proteção de dados,Inteligência artificial,Inteligência artificial: ia,2026-09-28T21:01:12+00:00,2026-09-28,2026-10-06T22:35:45+00:00,,,,False,IA exige salto na capacidade energética e desafia conectividade dos data centers
"Sem investir nos professores, a educação digital vai fracassar",NIC.br,Notícia coletada,2026-05-06,day,2026-05-06,https://www.nic.br/noticia/na-midia/sem-investir-nos-professores-a-educacao-digital-vai-fracassar/,,False,,,,2026-09-28T21:01:12+00:00,2026-09-28,2026-10-06T22:35:45+00:00,,,,False,"Sem investir nos professores, a educação digital vai fracassar"
Eventos internacionais debatem gestão de dados em arquivos digitais,NIC.br,Notícia coletada,2026-05-06,day,2026-05-06,https://www.nic.br/noticia/na-midia/eventos-internacionais-debatem-gestao-de-dados-em-arquivos-digitais/,,False,,,,2026-09-28T21:01:12+00:00,2026-09-28,2026-10-06T22:35:45+00:00,,,,False,Eventos internacionais debatem gestão de dados em arquivos digitais
"Evento ""Princípios e diretrizes para regulação de plataformas digitais"" tem nova data",NIC.br,Notícia coletada,2026-05-06,day,2026-05-06,https://www.nic.br/noticia/na-midia/nova-data-para-debate-sobre-diretrizes-de-regulacao-das-plataformas-digitais/,,True,,Plataformas,Plataformas: plataformas digitais,2026-09-28T21:01:12+00:00,2026-09-28,2026-10-06T22:35:45+00:00,,,,False,"Evento ""Princípios e diretrizes para regulação de plataformas digitais"" tem nova data"
Você não está atrasado: 7 passos para aprender IA em menos de 30 minutos,NIC.br,Notícia coletada,2026-05-05,day,2026-05-05,https://www.nic.br/noticia/na-midia/voce-nao-esta-atrasado-7-passos-para-aprender-ia-em-menos-de-30-minutos/,,True,IA e proteção de dados,Inteligência artificial,Inteligência artificial: ia,2026-09-28T21:01:12+00:00,2026-09-28,2026-10-06T22:35:45+00:00,,,,False,Você não está atrasado: 7 passos para aprender IA em menos de 30 minutos
Meninas e publicidade infantil: entre riscos e novas regras,NIC.br,Notícia coletada,2026-05-05,day,2026-05-05,https://www.nic.br/noticia/na-midia/meninas-e-publicidade-infantil-entre-riscos-e-novas-regras/,,False,,,,2026-09-28T21:01:12+00:00,2026-09-28,2026-10-06T22:35:45+00:00,,,,False,Meninas e publicidade infantil: entre riscos e novas regras
Como posso evitar ser vítima de deepfakes ?,NIC.br,Notícia coletada,2026-05-05,day,2026-05-05,https://www.nic.br/noticia/na-midia/como-posso-evitar-ser-vitima-de-i-deepfakes-i/,,False,,,,2026-09-28T21:01:12+00:00,2026-09-28,2026-10-06T22:35:45+00:00,,,,False,Como posso evitar ser vítima de deepfakes ?
O que as gírias e os memes revelam sobre como estamos nos comunicando,NIC.br,Notícia coletada,2026-05-04,day,2026-05-04,https://www.nic.br/noticia/na-midia/o-que-as-girias-e-os-memes-revelam-sobre-como-estamos-nos-comunicando/,,False,,,,2026-09-28T21:01:12+00:00,2026-09-28,2026-10-06T22:35:45+00:00,,,,False,O que as gírias e os memes revelam sobre como estamos nos comunicando
EDPB annual report 2025: supporting stakeholders through guidance and dialogue,EDPB,Notícia coletada,2026-05-04,day,2026-05-04T12:00:00Z,https://www.edpb.europa.eu/news/edpb-annual-report-2025-supporting-stakeholders-through-guidance-and-dialogue_en,,True,GDPR/LGPD e proteção de dados,EDPB,EDPB: edpb,2026-09-28T21:01:12+00:00,2026-09-28,2026-10-06T22:35:45+00:00,,,,False,EDPB annual report 2025: supporting stakeholders through guidance and dialogue
Caso de suposto aliciamento no Roblox revela riscos online,NIC.br,Notícia coletada,2026-05-04,day,2026-05-04,https://www.nic.br/noticia/na-midia/caso-de-suposto-aliciamento-no-roblox-revela-riscos-i-online-i/,,False,,,,2026-09-28T21:01:12+00:00,2026-09-28,2026-10-06T22:35:45+00:00,,,,False,Caso de suposto aliciamento no Roblox revela riscos online
As transmissões de futebol no Brasil em 2025,NIC.br,Notícia coletada,2026-05-04,day,2026-05-04,https://www.nic.br/noticia/na-midia/as-transmissoes-de-futebol-no-brasil-em-2025/,,False,,,,2026-09-28T21:01:12+00:00,2026-09-28,2026-10-06T22:35:45+00:00,,,,False,As transmissões de futebol no Brasil em 2025
Projeto do NIC.br atinge marca histórica de 1 Tb/s de tráfego total,NIC.br,Notícia coletada,2026-04-30,day,2026-04-30,https://www.nic.br/noticia/na-midia/projeto-do-nic-br-atinge-marca-historica-de-1-tb-s-de-trafego-total/,,False,,,,2026-09-28T21:01:12+00:00,2026-09-28,2026-10-06T22:35:45+00:00,,,,False,Projeto do NIC.br atinge marca histórica de 1 Tb/s de tráfego total
Cartografias das desigualdades no Brasil: do território agrário ao digital,NIC.br,Notícia coletada,2026-04-30,day,2026-04-30,https://www.nic.br/noticia/na-midia/cartografias-das-desigualdades-no-brasil-do-territorio-agrario-ao-digital/,,False,,,,2026-09-28T21:01:12+00:00,2026-09-28,2026-10-06T22:35:45+00:00,,,,False,Cartografias das desigualdades no Brasil: do território agrário ao digital
OpenCDN utiliza infraestrutura do IX.br para descentralizar tráfego,NIC.br,Notícia coletada,2026-04-29,day,2026-04-29,https://www.nic.br/noticia/na-midia/opencdn-chega-a-1-tbps-e-avanca-na-descentralizacao-de-trafego-no-brasil/,,False,,,,2026-09-28T21:01:12+00:00,2026-09-28,2026-10-06T22:35:45+00:00,,,,False,OpenCDN utiliza infraestrutura do IX.br para descentralizar tráfego
OpenCDN atinge 1 Tbps de tráfego agregado no Brasil,NIC.br,Notícia coletada,2026-04-29,day,2026-04-29,https://www.nic.br/noticia/na-midia/opencdn-atinge-1-tbps-de-trafego-agregado-no-brasil/,,False,,,,2026-09-28T21:01:12+00:00,2026-09-28,2026-10-06T22:35:45+00:00,,,,False,OpenCDN atinge 1 Tbps de tráfego agregado no Brasil
OpenCDN bate recorde de dados e atinge marca de 1 Tb/s de tráfego total,NIC.br,Notícia coletada,2026-04-28,day,2026-04-28,https://www.nic.br/noticia/na-midia/opencdn-bate-recorde-de-dados-e-atinge-marca-de-1-tb-s-de-trafego-total/,,False,,,,2026-09-28T21:01:12+00:00,2026-09-28,2026-10-06T22:35:45+00:00,,,,False,OpenCDN bate recorde de dados e atinge marca de 1 Tb/s de tráfego total
OpenCDN atinge marca de 1 Tb/s de tráfego total,NIC.br,Notícia coletada,2026-04-28,day,2026-04-28,https://www.nic.br/noticia/na-midia/opencdn-atinge-marca-de-1-tb-s-de-trafego-total/,,False,,,,2026-09-28T21:01:12+00:00,2026-09-28,2026-10-06T22:35:45+00:00,,,,False,OpenCDN atinge marca de 1 Tb/s de tráfego total
OpenCDN atinge marca de 1 Tb/s de tráfego total,NIC.br,Notícia coletada,2026-04-28,day,2026-04-28,https://www.nic.br/noticia/releases/opencdn-atinge-marca-de-1-tb-s-de-trafego-total/,,False,,,,2026-09-28T21:01:12+00:00,2026-09-28,2026-10-06T22:35:45+00:00,,,,False,OpenCDN atinge marca de 1 Tb/s de tráfego total
"Dia da Educação: estudantes já usam IA, mas só 32% recebem orientação nas escolas",NIC.br,Notícia coletada,2026-04-28,day,2026-04-28,https://www.nic.br/noticia/na-midia/dia-da-educacao-estudantes-ja-usam-ia-mas-so-32-recebem-orientacao-nas-escolas/,,True,IA e proteção de dados,Inteligência artificial,Inteligência artificial: ia,2026-09-28T21:01:12+00:00,2026-09-28,2026-10-06T22:35:45+00:00,,,,False,"Dia da Educação: estudantes já usam IA, mas só 32% recebem orientação nas escolas"
Cetic.br integra Observatório regional de IA na educação liderado pela UNESCO,NIC.br,Notícia coletada,2026-04-28,day,2026-04-28,https://www.nic.br/noticia/notas/cetic-br-integra-observatorio-regional-de-ia-na-educacao-liderado-pela-unesco/,,True,IA e proteção de dados,Inteligência artificial,Inteligência artificial: ia,2026-09-28T21:01:12+00:00,2026-09-28,2026-10-06T22:35:45+00:00,,,,False,Cetic.br integra Observatório regional de IA na educação liderado pela UNESCO
UNESCO e Cetic.br/NIC.br lançam Observatório de Inteligência Artificial na Educação para a América Latina e o Caribe,NIC.br,Notícia coletada,2026-04-27,day,2026-04-27,https://www.nic.br/noticia/na-midia/unesco-lanca-observatorio-de-inteligencia-artificial-na-educacao-para-a-america-latina-e-o-caribe/,,True,IA e proteção de dados,Inteligência artificial,Inteligência artificial: inteligencia artificial,2026-09-28T21:01:12+00:00,2026-09-28,2026-10-06T22:35:45+00:00,,,,False,UNESCO e Cetic.br/NIC.br lançam Observatório de Inteligência Artificial na Educação para a América Latina e o Caribe
Marking 10 years of the GDPR: the evolution of the European data protection landscape,EDPB,Notícia coletada,2026-04-27,day,2026-04-27T12:00:00Z,https://www.edpb.europa.eu/news/marking-10-years-of-the-gdpr-the-evolution-of-the-european-data-protection-landscape_en,,True,GDPR/LGPD e proteção de dados,GDPR; Proteção de dados; União Europeia,GDPR: gdpr; Proteção de dados: data protection; União Europeia: european,2026-09-28T21:01:12+00:00,2026-09-28,2026-10-06T22:35:45+00:00,,,,False,Marking 10 years of the GDPR: the evolution of the European data protection landscape
"Internet supera TV no Brasil, mas deepfakes ameaçam ambiente informacional",NIC.br,Notícia coletada,2026-04-27,day,2026-04-27,https://www.nic.br/noticia/na-midia/internet-supera-tv-no-brasil-mas-i-deepfakes-i-ameacam-ambiente-informacional/,,True,,Internet,Internet: internet,2026-09-28T21:01:12+00:00,2026-09-28,2026-10-06T22:35:45+00:00,,,,False,"Internet supera TV no Brasil, mas deepfakes ameaçam ambiente informacional"
A tecnologia mudou quem você é?,NIC.br,Notícia coletada,2026-04-27,day,2026-04-27,https://www.nic.br/noticia/na-midia/a-tecnologia-mudou-quem-voce-e/,,False,,,,2026-09-28T21:01:12+00:00,2026-09-28,2026-10-06T22:35:45+00:00,,,,False,A tecnologia mudou quem você é?
SaferNet Brasil e Governo do Reino Unido lançam recurso pedagógico inédito sobre Cidadania Digital para crianças,NIC.br,Notícia coletada,2026-04-24,day,2026-04-24,https://www.nic.br/noticia/na-midia/safernet-brasil-e-governo-do-reino-unido-lancam-recurso-pedagogico-inedito-sobre-cidadania-digital-para-criancas/,,False,,,,2026-09-28T21:01:12+00:00,2026-09-28,2026-10-06T22:35:45+00:00,,,,False,SaferNet Brasil e Governo do Reino Unido lançam recurso pedagógico inédito sobre Cidadania Digital para crianças
A saúde digital cresceu e agora precisa amadurecer,NIC.br,Notícia coletada,2026-04-24,day,2026-04-24,https://www.nic.br/noticia/na-midia/a-sau-de-digital-cresceu-e-agora-precisa-amadurecer/,,False,,,,2026-09-28T21:01:12+00:00,2026-09-28,2026-10-06T22:35:45+00:00,,,,False,A saúde digital cresceu e agora precisa amadurecer
Encontro anual da ISOC Brasil em 2026,NIC.br,Notícia coletada,2026-04-23,day,2026-04-23,https://www.nic.br/noticia/na-midia/encontro-anual-da-isoc-brasil-em-2026/,,False,,,,2026-09-28T21:01:12+00:00,2026-09-28,2026-10-06T22:35:45+00:00,,,,False,Encontro anual da ISOC Brasil em 2026
Apatia para checar informações desafia a democracia,NIC.br,Notícia coletada,2026-04-23,day,2026-04-23,https://www.nic.br/noticia/na-midia/apatia-para-checar-informacoes-desafia-a-democracia/,,False,,,,2026-09-28T21:01:12+00:00,2026-09-28,2026-10-06T22:35:45+00:00,,,,False,Apatia para checar informações desafia a democracia
ANPD participa do 1º Seminário de Serviços Públicos Datificados,NIC.br,Notícia coletada,2026-04-23,day,2026-04-23,https://www.nic.br/noticia/na-midia/anpd-participa-do-1-seminario-de-servicos-publicos-datificados/,,True,GDPR/LGPD e proteção de dados,ANPD,ANPD: anpd,2026-09-28T21:01:12+00:00,2026-09-28,2026-10-06T22:35:45+00:00,,,,False,ANPD participa do 1º Seminário de Serviços Públicos Datificados
Checar antes de compartilhar? Brasileiro diz que não,NIC.br,Notícia coletada,2026-04-22,day,2026-04-22,https://www.nic.br/noticia/na-midia/checar-antes-de-compartilhar-brasileiro-diz-que-nao/,,False,,,,2026-09-28T21:01:12+00:00,2026-09-28,2026-10-06T22:35:45+00:00,,,,False,Checar antes de compartilhar? Brasileiro diz que não
"2026, a eleição da inteligência artificial",NIC.br,Notícia coletada,2026-04-22,day,2026-04-22,https://www.nic.br/noticia/na-midia/2026-a-eleicao-da-inteligencia-artificial/,,True,IA e proteção de dados,Inteligência artificial,Inteligência artificial: inteligencia artificial,2026-09-28T21:01:12+00:00,2026-09-28,2026-10-06T22:35:45+00:00,,,,False,"2026, a eleição da inteligência artificial"
Serviços na nuvem e IA aumentam a importância da rede de longa distância gerenciada por software,NIC.br,Notícia coletada,2026-04-17,day,2026-04-17,https://www.nic.br/noticia/na-midia/servicos-na-nuvem-e-ia-aumentam-a-importancia-da-rede-de-longa-distancia-gerenciada-por-i-software-i/,,True,IA e proteção de dados,Inteligência artificial,Inteligência artificial: ia,2026-09-28T21:01:12+00:00,2026-09-28,2026-10-06T22:35:45+00:00,,,,False,Serviços na nuvem e IA aumentam a importância da rede de longa distância gerenciada por software
"Quase metade dos brasileiros desconfia da mídia tradicional, aponta Painel TIC",NIC.br,Notícia coletada,2026-04-17,day,2026-04-17,https://www.nic.br/noticia/na-midia/quase-metade-dos-brasileiros-desconfia-da-midia-tradicional-aponta-painel-tic/,,False,,,,2026-09-28T21:01:12+00:00,2026-09-28,2026-10-06T22:35:45+00:00,,,,False,"Quase metade dos brasileiros desconfia da mídia tradicional, aponta Painel TIC"
IA usa estética infantil para banalizar violência,NIC.br,Notícia coletada,2026-04-17,day,2026-04-17,https://www.nic.br/noticia/na-midia/ia-usa-estetica-infantil-para-banalizar-violencia/,,True,IA e proteção de dados,Inteligência artificial,Inteligência artificial: ia,2026-09-28T21:01:12+00:00,2026-09-28,2026-10-06T22:35:45+00:00,,,,False,IA usa estética infantil para banalizar violência
"EDPB brings clarity to data processing for scientific research, speeds up the finalisation of the anonymisation guidelines and approves first European data protection seal as a tool for transfers",EDPB,Notícia coletada,2026-04-16,day,2026-04-16T12:00:00Z,https://www.edpb.europa.eu/news/edpb-brings-clarity-to-data-processing-for-scientific-research-speeds-up-the-finalisation-of_en,,True,GDPR/LGPD e proteção de dados,Proteção de dados; EDPB; União Europeia,Proteção de dados: data protection; EDPB: edpb; União Europeia: european,2026-09-28T21:01:12+00:00,2026-09-28,2026-10-06T22:35:45+00:00,,,,False,"EDPB brings clarity to data processing for scientific research, speeds up the finalisation of the anonymisation guidelines and approves first European data protection seal as a tool for transfers"
Digitalização da saúde expõe riscos operacionais,NIC.br,Notícia coletada,2026-04-16,day,2026-04-16,https://www.nic.br/noticia/na-midia/digitalizacao-da-saude-expoe-riscos-operacionais/,,False,,,,2026-09-28T21:01:12+00:00,2026-09-28,2026-10-06T22:35:45+00:00,,,,False,Digitalização da saúde expõe riscos operacionais
Currículo de educação digital e midiática depende da autoria docente,NIC.br,Notícia coletada,2026-04-16,day,2026-04-16,https://www.nic.br/noticia/na-midia/curriculo-de-educacao-digital-e-midiatica-depende-da-autoria-docente/,,False,,,,2026-09-28T21:01:12+00:00,2026-09-28,2026-10-06T22:35:45+00:00,,,,False,Currículo de educação digital e midiática depende da autoria docente
Brasileiros desconfiam mais de jornais do que de conteúdo de amigos,NIC.br,Notícia coletada,2026-04-16,day,2026-04-16,https://www.nic.br/noticia/na-midia/brasileiros-desconfiam-mais-de-jornais-do-que-de-conteudo-de-amigos/,,False,,,,2026-09-28T21:01:12+00:00,2026-09-28,2026-10-06T22:35:45+00:00,,,,False,Brasileiros desconfiam mais de jornais do que de conteúdo de amigos
Plataformas superam TV e rádio como fonte de informação no Brasil,NIC.br,Notícia coletada,2026-04-15,day,2026-04-15,https://www.nic.br/noticia/na-midia/plataformas-superam-tv-e-radio-como-fonte-de-informacao-no-brasil/,,False,,,,2026-09-28T21:01:12+00:00,2026-09-28,2026-10-06T22:35:45+00:00,,,,False,Plataformas superam TV e rádio como fonte de informação no Brasil
Mídia digital avança e amplia acesso à informação,NIC.br,Notícia coletada,2026-04-15,day,2026-04-15,https://www.nic.br/noticia/na-midia/midia-digital-avanca-e-amplia-acesso-a-informacao/,,False,,,,2026-09-28T21:01:12+00:00,2026-09-28,2026-10-06T22:35:45+00:00,,,,False,Mídia digital avança e amplia acesso à informação
IA na sala de aula: o Brasil precisa de um debate à altura do desafio,NIC.br,Notícia coletada,2026-04-15,day,2026-04-15,https://www.nic.br/noticia/na-midia/ia-na-sala-de-aula-o-brasil-precisa-de-um-debate-a-altura-do-desafio/,,True,IA e proteção de dados,Inteligência artificial,Inteligência artificial: ia,2026-09-28T21:01:12+00:00,2026-09-28,2026-10-06T22:35:45+00:00,,,,False,IA na sala de aula: o Brasil precisa de um debate à altura do desafio
"No Brasil, 30% não estão preocupados com a verificação de informações",NIC.br,Notícia coletada,2026-04-14,day,2026-04-14,https://www.nic.br/noticia/na-midia/no-brasil-30-nao-estao-preocupados-com-a-verificacao-de-informacoes/,,False,,,,2026-09-28T21:01:12+00:00,2026-09-28,2026-10-06T22:35:45+00:00,,,,False,"No Brasil, 30% não estão preocupados com a verificação de informações"
NIC.br vê riscos na revogação da Norma 4 e pede debate,NIC.br,Notícia coletada,2026-04-14,day,2026-04-14,https://www.nic.br/noticia/na-midia/nic-br-ve-riscos-na-revogacao-da-norma-4-e-pede-debate/,,False,,,,2026-09-28T21:01:12+00:00,2026-09-28,2026-10-06T22:35:45+00:00,,,,False,NIC.br vê riscos na revogação da Norma 4 e pede debate
IA na educação: regulação precisa equilibrar inovação para reduzir desigualdades,NIC.br,Notícia coletada,2026-04-14,day,2026-04-14,https://www.nic.br/noticia/na-midia/ia-na-educacao-regulacao-precisa-equilibrar-inovacao-para-reduzir-desigualdades/,,True,IA e proteção de dados,Inteligência artificial,Inteligência artificial: ia,2026-09-28T21:01:12+00:00,2026-09-28,2026-10-06T22:35:45+00:00,,,,False,IA na educação: regulação precisa equilibrar inovação para reduzir desigualdades
Plataformas digitais vencem TV e rádio na disputa pela atenção informacional do brasileiro,NIC.br,Notícia coletada,2026-04-13,day,2026-04-13,https://www.nic.br/noticia/na-midia/plataformas-digitais-vencem-tv-e-radio-na-disputa-pela-atencao-informacional-do-brasileiro/,,True,,Plataformas,Plataformas: plataformas digitais,2026-09-28T21:01:12+00:00,2026-09-28,2026-10-06T22:35:45+00:00,,,,False,Plataformas digitais vencem TV e rádio na disputa pela atenção informacional do brasileiro
Maioria dos brasileiros desconhece como funcionam os algoritmos e deepfakes são realidade para 41% dos usuários de Internet,NIC.br,Notícia coletada,2026-04-13,day,2026-04-13,https://www.nic.br/noticia/na-midia/maioria-dos-brasileiros-desconhece-como-funcionam-os-algoritmos-e-i-deepfakes-i-sao-realidade-para-41-dos-usuarios-de-internet/,,True,IA e proteção de dados,Algoritmos; Internet,Algoritmos: algoritmos; Internet: internet,2026-09-28T21:01:12+00:00,2026-09-28,2026-10-06T22:35:45+00:00,,,,False,Maioria dos brasileiros desconhece como funcionam os algoritmos e deepfakes são realidade para 41% dos usuários de Internet
"Brasileiros desconfiam, mas têm dificuldades de identificar fakes , aponta pesquisa",NIC.br,Notícia coletada,2026-04-13,day,2026-04-13,https://www.nic.br/noticia/na-midia/brasileiros-desconfiam-mas-tem-dificuldades-de-identificar-i-fakes-i-aponta-pesquisa/,,False,,,,2026-09-28T21:01:12+00:00,2026-09-28,2026-10-06T22:35:45+00:00,,,,False,"Brasileiros desconfiam, mas têm dificuldades de identificar fakes , aponta pesquisa"
"Plataformas da Internet são o principal meio de acesso à informação entre brasileiros, e superam rádio e TV, aponta nova pesquisa",NIC.br,Notícia coletada,2026-04-10,day,2026-04-10,https://www.nic.br/noticia/releases/plataformas-da-internet-sao-o-principal-meio-de-acesso-a-informacao-entre-brasileiros-e-superam-radio-e-tv-aponta-nova-pesquisa/,,True,,Internet,Internet: internet,2026-09-28T21:01:12+00:00,2026-09-28,2026-10-06T22:35:45+00:00,,,,False,"Plataformas da Internet são o principal meio de acesso à informação entre brasileiros, e superam rádio e TV, aponta nova pesquisa"
"Mais da metade dos usuários de Internet brasileiros com 16 anos ou mais se informa diariamente por vídeos curtos, aponta pesquisa inédita",NIC.br,Notícia coletada,2026-04-10,day,2026-04-10,https://www.nic.br/noticia/na-midia/metade-dos-brasileiros-de-ao-menos-16-anos-se-informam-diariamente-por-videos-curtos-aponta-pesquisa-inedita/,,True,,Internet,Internet: internet,2026-09-28T21:01:12+00:00,2026-09-28,2026-10-06T22:35:45+00:00,,,,False,"Mais da metade dos usuários de Internet brasileiros com 16 anos ou mais se informa diariamente por vídeos curtos, aponta pesquisa inédita"
MCTI participa de seminário para debater o futuro digital do Brasil,NIC.br,Notícia coletada,2026-04-10,day,2026-04-10,https://www.nic.br/noticia/na-midia/mcti-participa-de-seminario-para-debater-o-futuro-digital-do-brasil/,,False,,,,2026-09-28T21:01:12+00:00,2026-09-28,2026-10-06T22:35:45+00:00,,,,False,MCTI participa de seminário para debater o futuro digital do Brasil
Brasileiros desconfiam mais de notícias de veículos jornalísticos que de conteúdo de amigos em redes sociais e mensagens,NIC.br,Notícia coletada,2026-04-10,day,2026-04-10,https://www.nic.br/noticia/na-midia/brasileiros-desconfiam-mais-de-noticias-de-veiculos-jornalisticos-que-de-conteudo-de-amigos-em-redes-sociais-e-mensagens/,,True,,Plataformas,Plataformas: redes sociais,2026-09-28T21:01:12+00:00,2026-09-28,2026-10-06T22:35:45+00:00,,,,False,Brasileiros desconfiam mais de notícias de veículos jornalísticos que de conteúdo de amigos em redes sociais e mensagens
Debate aponta caminhos para proteger crianças no ambiente digital,NIC.br,Notícia coletada,2026-04-09,day,2026-04-09,https://www.nic.br/noticia/na-midia/debate-aponta-caminhos-para-proteger-criancas-no-ambiente-digital/,,True,,Proteção infantil,Proteção infantil: proteger criancas,2026-09-28T21:01:12+00:00,2026-09-28,2026-10-06T22:35:45+00:00,,,,False,Debate aponta caminhos para proteger crianças no ambiente digital
4ª Semana Nacional de Jornalismo ABI começa com debate sobre desinformação,NIC.br,Notícia coletada,2026-04-09,day,2026-04-09,https://www.nic.br/noticia/na-midia/4-semana-nacional-de-jornalismo-abi-comeca-com-debate-sobre-desinformacao/,,True,,Moderação,Moderação: desinformacao,2026-09-28T21:01:12+00:00,2026-09-28,2026-10-06T22:35:45+00:00,,,,False,4ª Semana Nacional de Jornalismo ABI começa com debate sobre desinformação
Um guia da dieta de mídia digital brasileira,NIC.br,Notícia coletada,2026-04-08,day,2026-04-08,https://www.nic.br/noticia/na-midia/um-guia-da-dieta-de-midia-digital-brasileira/,,False,,,,2026-09-28T21:01:12+00:00,2026-09-28,2026-10-06T22:35:45+00:00,,,,False,Um guia da dieta de mídia digital brasileira
"Para ser efetivo, ECA Digital depende de mudança de cultura, aponta debate",NIC.br,Notícia coletada,2026-04-08,day,2026-04-08,https://www.nic.br/noticia/na-midia/para-ser-efetivo-eca-digital-depende-de-mudanca-de-cultura-aponta-debate/,,True,,Proteção infantil,Proteção infantil: eca digital,2026-09-28T21:01:12+00:00,2026-09-28,2026-10-06T22:35:45+00:00,,,,False,"Para ser efetivo, ECA Digital depende de mudança de cultura, aponta debate"
9º BlogProg reúne lideranças da comunicação e da política em São Paulo,NIC.br,Notícia coletada,2026-04-08,day,2026-04-08,https://www.nic.br/noticia/na-midia/9-blogprog-reune-liderancas-da-comunicacao-e-da-politica-em-sao-paulo/,,False,,,,2026-09-28T21:01:12+00:00,2026-09-28,2026-10-06T22:35:45+00:00,,,,False,9º BlogProg reúne lideranças da comunicação e da política em São Paulo
"ECA Digital depende de mudança de cultura para ser efetivo, aponta debate",NIC.br,Notícia coletada,2026-04-07,day,2026-04-07,https://www.nic.br/noticia/na-midia/eca-digital-depende-de-mudanca-de-cultura-para-ser-efetivo-aponta-debate/,,True,,Proteção infantil,Proteção infantil: eca digital,2026-09-28T21:01:12+00:00,2026-09-28,2026-10-06T22:35:45+00:00,,,,False,"ECA Digital depende de mudança de cultura para ser efetivo, aponta debate"
CERT.br atualiza cartilha sobre golpes e fraudes online,NIC.br,Notícia coletada,2026-04-07,day,2026-04-07,https://www.nic.br/noticia/na-midia/cert-br-atualiza-cartilha-sobre-golpes-e-fraudes-i-online-i/,,False,,,,2026-09-28T21:01:12+00:00,2026-09-28,2026-10-06T22:35:45+00:00,,,,False,CERT.br atualiza cartilha sobre golpes e fraudes online
Após ECA Digital: Congresso avança com leis para proteger crianças e adolescentes,NIC.br,Notícia coletada,2026-04-07,day,2026-04-07,https://www.nic.br/noticia/na-midia/apos-eca-digital-congresso-avanca-com-leis-para-proteger-criancas-e-adolescentes/,,True,,Proteção infantil,"Proteção infantil: proteger criancas, eca digital",2026-09-28T21:01:12+00:00,2026-09-28,2026-10-06T22:35:45+00:00,,,,False,Após ECA Digital: Congresso avança com leis para proteger crianças e adolescentes
Inteligência emocional: os riscos de crescer com apoio da IA,NIC.br,Notícia coletada,2026-04-06,day,2026-04-06,https://www.nic.br/noticia/na-midia/inteligencia-emocional-os-riscos-de-crescer-com-apoio-da-ia/,,True,IA e proteção de dados,Inteligência artificial,Inteligência artificial: ia,2026-09-28T21:01:12+00:00,2026-09-28,2026-10-06T22:35:45+00:00,,,,False,Inteligência emocional: os riscos de crescer com apoio da IA
"CNCiber publica proposta de lei geral para cibersegurança, com apoio multissetorial e Anatel como autoridade sugerida",NIC.br,Notícia coletada,2026-04-06,day,2026-04-06,https://www.nic.br/noticia/na-midia/cnciber-publica-proposta-de-lei-geral-para-ciberseguranca-com-apoio-multissetorial-e-anatel-como-autoridade-sugerida/,,True,,Internet,Internet: ciberseguranca,2026-09-28T21:01:12+00:00,2026-09-28,2026-10-06T22:35:45+00:00,,,,False,"CNCiber publica proposta de lei geral para cibersegurança, com apoio multissetorial e Anatel como autoridade sugerida"
CERT.br lança novos fascículos da Cartilha de Segurança para Internet com foco na prevenção de golpes e fraudes online,NIC.br,Notícia coletada,2026-04-06,day,2026-04-06,https://www.nic.br/noticia/na-midia/cert-br-lanca-novos-fasciculos-da-cartilha-de-seguranca-para-internet-com-foco-na-prevencao-de-golpes-e-fraudes-i-online-i/,,True,,Internet,Internet: internet,2026-09-28T21:01:12+00:00,2026-09-28,2026-10-06T22:35:45+00:00,,,,False,CERT.br lança novos fascículos da Cartilha de Segurança para Internet com foco na prevenção de golpes e fraudes online
Novos fascículos do CERT.br focam na capacidade crítica e ações práticas do internauta,NIC.br,Notícia coletada,2026-04-02,day,2026-04-02,https://www.nic.br/noticia/na-midia/novos-fasciculos-do-cert-br-focam-na-capacidade-critica-e-acoes-praticas-do-internauta/,,False,,,,2026-09-28T21:01:12+00:00,2026-09-28,2026-10-06T22:35:45+00:00,,,,False,Novos fascículos do CERT.br focam na capacidade crítica e ações práticas do internauta
Novos fascículos do CERT.br alertam para o uso de deepfakes e vazamento de dados em golpes,NIC.br,Notícia coletada,2026-04-02,day,2026-04-02,https://www.nic.br/noticia/na-midia/em-atualizacao-novos-fasciculos-do-cert-br-alertam-para-o-uso-de-i-deepfakes-i-e-vazamento-de-dados-em-golpes/,,False,,,,2026-09-28T21:01:12+00:00,2026-09-28,2026-10-06T22:35:45+00:00,,,,False,Novos fascículos do CERT.br alertam para o uso de deepfakes e vazamento de dados em golpes
Golpes digitais crescem e guias ensinam como se proteger,NIC.br,Notícia coletada,2026-04-02,day,2026-04-02,https://www.nic.br/noticia/na-midia/golpes-digitais-crescem-e-guias-ensinam-como-se-proteger/,,False,,,,2026-09-28T21:01:12+00:00,2026-09-28,2026-10-06T22:35:45+00:00,,,,False,Golpes digitais crescem e guias ensinam como se proteger
Lei Felca: adolescentes mais protegidos nas redes?,NIC.br,Notícia coletada,2026-04-01,day,2026-04-01,https://www.nic.br/noticia/na-midia/lei-felca-adolescentes-mais-protegidos-nas-redes/,,False,,,,2026-09-28T21:01:12+00:00,2026-09-28,2026-10-06T22:35:45+00:00,,,,False,Lei Felca: adolescentes mais protegidos nas redes?
ECA Digital amplia responsabilidade de escolas e pressiona ensino a formar comportamento online,NIC.br,Notícia coletada,2026-04-01,day,2026-04-01,https://www.nic.br/noticia/na-midia/eca-digital-amplia-responsabilidade-de-escolas-e-pressiona-ensino-a-formar-comportamento-i-online-i/,,True,,Proteção infantil,Proteção infantil: eca digital,2026-09-28T21:01:12+00:00,2026-09-28,2026-10-06T22:35:45+00:00,,,,False,ECA Digital amplia responsabilidade de escolas e pressiona ensino a formar comportamento online
CERT.br atualiza cartilha contra golpes online,NIC.br,Notícia coletada,2026-04-01,day,2026-04-01,https://www.nic.br/noticia/na-midia/cert-br-atualiza-cartilha-contra-golpes-i-online-i/,,False,,,,2026-09-28T21:01:12+00:00,2026-09-28,2026-10-06T22:35:45+00:00,,,,False,CERT.br atualiza cartilha contra golpes online
Inteligência artificial e treino aceleram a busca por hiper personalização no bem-estar digital,NIC.br,Notícia coletada,2026-03-31,day,2026-03-31,https://www.nic.br/noticia/na-midia/inteligencia-artificial-e-treino-aceleram-a-busca-por-hiper-personalizacao-no-bem-estar-digital/,,True,IA e proteção de dados,Inteligência artificial,Inteligência artificial: inteligencia artificial,2026-09-28T21:01:12+00:00,2026-09-28,2026-10-06T22:35:45+00:00,,,,False,Inteligência artificial e treino aceleram a busca por hiper personalização no bem-estar digital
Governança digital ainda é gargalo para expansão de provedores no Brasil,NIC.br,Notícia coletada,2026-03-31,day,2026-03-31,https://www.nic.br/noticia/na-midia/governanca-digital-ainda-e-gargalo-para-expansao-de-provedores-no-brasil/,,True,,Governança digital,Governança digital: governanca digital,2026-09-28T21:01:12+00:00,2026-09-28,2026-10-06T22:35:45+00:00,,,,False,Governança digital ainda é gargalo para expansão de provedores no Brasil
Escrever ainda é humano? Como explosão de textos gerados por IA pode 'padronizar’ a linguagem,NIC.br,Notícia coletada,2026-03-31,day,2026-03-31,https://www.nic.br/noticia/na-midia/escrever-ainda-e-humano-como-explosao-de-textos-gerados-por-ia-pode-padronizar-a-linguagem/,,True,IA e proteção de dados,Inteligência artificial,Inteligência artificial: ia,2026-09-28T21:01:12+00:00,2026-09-28,2026-10-06T22:35:45+00:00,,,,False,Escrever ainda é humano? Como explosão de textos gerados por IA pode 'padronizar’ a linguagem
CERT.br lança novos fascículos da Cartilha de Segurança para Internet com foco na prevenção de golpes e fraudes online,NIC.br,Notícia coletada,2026-03-31,day,2026-03-31,https://www.nic.br/noticia/releases/cert-br-lanca-novos-fasciculos-da-cartilha-de-seguranca-para-internet-com-foco-na-prevencao-de-golpes-e-fraudes-i-online-i/,,True,,Internet,Internet: internet,2026-09-28T21:01:12+00:00,2026-09-28,2026-10-06T22:35:45+00:00,,,,False,CERT.br lança novos fascículos da Cartilha de Segurança para Internet com foco na prevenção de golpes e fraudes online
IX.br vai hospedar solução para facilitar a interconexão de voz,NIC.br,Notícia coletada,2026-03-30,day,2026-03-30,https://www.nic.br/noticia/na-midia/ix-br-vai-hospedar-solucao-para-facilitar-a-interconexao-de-voz/,,False,,,,2026-09-28T21:01:12+00:00,2026-09-28,2026-10-06T22:35:45+00:00,,,,False,IX.br vai hospedar solução para facilitar a interconexão de voz
FGV Direito SP promove imersão de estudantes na governança da Internet durante visita ao NIC.br,NIC.br,Notícia coletada,2026-03-30,day,2026-03-30,https://www.nic.br/noticia/na-midia/fgv-direito-sp-promove-imersao-de-estudantes-na-governanca-da-internet-durante-visita-ao-nic-br/,,True,,Governança digital; Internet,Governança digital: governanca da internet; Internet: internet,2026-09-28T21:01:12+00:00,2026-09-28,2026-10-06T22:35:45+00:00,,,,False,FGV Direito SP promove imersão de estudantes na governança da Internet durante visita ao NIC.br
Curso de governança da Internet debate regulação digital no Brasil,NIC.br,Notícia coletada,2026-03-30,day,2026-03-30,https://www.nic.br/noticia/na-midia/curso-de-governanca-da-internet-debate-regulacao-digital-no-brasil/,,True,,Governança digital; Internet,Governança digital: governanca da internet; Internet: internet,2026-09-28T21:01:12+00:00,2026-09-28,2026-10-06T22:35:45+00:00,,,,False,Curso de governança da Internet debate regulação digital no Brasil
Vale do Silício forjou e dissemina design enganoso de apps vetado no Brasil,NIC.br,Notícia coletada,2026-03-27,day,2026-03-27,https://www.nic.br/noticia/na-midia/vale-do-silicio-forjou-e-dissemina-i-design-i-enganoso-de-i-apps-i-vetado-no-brasil/,,False,,,,2026-09-28T21:01:12+00:00,2026-09-28,2026-10-06T22:35:45+00:00,,,,False,Vale do Silício forjou e dissemina design enganoso de apps vetado no Brasil
Seminário marca abertura do curso jurídico da EGI,NIC.br,Notícia coletada,2026-03-27,day,2026-03-27,https://www.nic.br/noticia/na-midia/seminario-marca-abertura-do-curso-juridico-da-egi/,,False,,,,2026-09-28T21:01:12+00:00,2026-09-28,2026-10-06T22:35:45+00:00,,,,False,Seminário marca abertura do curso jurídico da EGI
O potencial tecnológico do Ceará é destaque no IX Fórum Fortaleza,NIC.br,Notícia coletada,2026-03-27,day,2026-03-27,https://www.nic.br/noticia/na-midia/o-potencial-tecnologico-do-ceara-e-destaque-no-ix-forum-fortaleza/,,False,,,,2026-09-28T21:01:12+00:00,2026-09-28,2026-10-06T22:35:45+00:00,,,,False,O potencial tecnológico do Ceará é destaque no IX Fórum Fortaleza
"IX.br hits record 50 Tbit/s of aggregated Internet traffic, driven by content and digital services",NIC.br,Notícia coletada,2026-03-27,day,2026-03-27,https://www.nic.br/noticia/releases/ix-br-hits-record-50-tbit-s-of-aggregated-internet-traffic-driven-by-content-and-digital-services/,,True,,Internet,Internet: internet,2026-09-28T21:01:12+00:00,2026-09-28,2026-10-06T22:35:45+00:00,,,,False,"IX.br hits record 50 Tbit/s of aggregated Internet traffic, driven by content and digital services"
Todos usam IA; poucos sabem por quê,NIC.br,Notícia coletada,2026-03-26,day,2026-03-26,https://www.nic.br/noticia/na-midia/todos-usam-ia-poucos-sabem-por-que/,,True,IA e proteção de dados,Inteligência artificial,Inteligência artificial: ia,2026-09-28T21:01:12+00:00,2026-09-28,2026-10-06T22:35:45+00:00,,,,False,Todos usam IA; poucos sabem por quê
Bloqueios de IP e DNS expõem risco de dano colateral na Internet,NIC.br,Notícia coletada,2026-03-26,day,2026-03-26,https://www.nic.br/noticia/na-midia/bloqueios-de-ip-e-dns-expoem-risco-de-dano-colateral-na-internet/,,True,,Internet,Internet: internet,2026-09-28T21:01:12+00:00,2026-09-28,2026-10-06T22:35:45+00:00,,,,False,Bloqueios de IP e DNS expõem risco de dano colateral na Internet
"A revolução da IA na medicina: inovação, prática clínica e diretrizes éticas",NIC.br,Notícia coletada,2026-03-26,day,2026-03-26,https://www.nic.br/noticia/na-midia/a-revolucao-da-ia-na-medicina-inovacao-pratica-clinica-e-diretrizes-eticas/,,True,IA e proteção de dados,Inteligência artificial,Inteligência artificial: ia,2026-09-28T21:01:12+00:00,2026-09-28,2026-10-06T22:35:45+00:00,,,,False,"A revolução da IA na medicina: inovação, prática clínica e diretrizes éticas"
IX.br bate recorde de 50 Tbit/s de tráfego Internet agregado,NIC.br,Notícia coletada,2026-03-25,day,2026-03-25,https://www.nic.br/noticia/na-midia/ix-br-bate-recorde-de-50-tbit-s-de-trafego-internet-agregado/,,True,,Internet,Internet: internet,2026-09-28T21:01:12+00:00,2026-09-28,2026-10-06T22:35:45+00:00,,,,False,IX.br bate recorde de 50 Tbit/s de tráfego Internet agregado
Ensino de IA nas escolas públicas já é realidade,NIC.br,Notícia coletada,2026-03-25,day,2026-03-25,https://www.nic.br/noticia/na-midia/ensino-de-ia-nas-escolas-publicas-ja-e-realidade/,,True,IA e proteção de dados,Inteligência artificial,Inteligência artificial: ia,2026-09-28T21:01:12+00:00,2026-09-28,2026-10-06T22:35:45+00:00,,,,False,Ensino de IA nas escolas públicas já é realidade
Como a inteligência artificial amplia a desigualdade digital,NIC.br,Notícia coletada,2026-03-25,day,2026-03-25,https://www.nic.br/noticia/na-midia/como-a-inteligencia-artificial-amplia-a-desigualdade-digital/,,True,IA e proteção de dados,Inteligência artificial,Inteligência artificial: inteligencia artificial,2026-09-28T21:01:12+00:00,2026-09-28,2026-10-06T22:35:45+00:00,,,,False,Como a inteligência artificial amplia a desigualdade digital
"IX.br bate novo recorde de troca de tráfego, com 50 Tbps",NIC.br,Notícia coletada,2026-03-24,day,2026-03-24,https://www.nic.br/noticia/na-midia/ix-br-bate-novo-recorde-de-troca-de-trafego-com-50-tbps/,,False,,,,2026-09-28T21:01:12+00:00,2026-09-28,2026-10-06T22:35:45+00:00,,,,False,"IX.br bate novo recorde de troca de tráfego, com 50 Tbps"
Etice completa 26 anos durante o maior evento de infraestrutura da Internet da América Latina,NIC.br,Notícia coletada,2026-03-24,day,2026-03-24,https://www.nic.br/noticia/na-midia/etice-completa-26-anos-durante-o-maior-evento-de-infraestrutura-da-internet-da-america-latina/,,True,,Internet,Internet: internet,2026-09-28T21:01:12+00:00,2026-09-28,2026-10-06T22:35:45+00:00,,,,False,Etice completa 26 anos durante o maior evento de infraestrutura da Internet da América Latina
"Adeus ao ""maior de 18"": sites reforçam verificação após ECA Digital",NIC.br,Notícia coletada,2026-03-24,day,2026-03-24,https://www.nic.br/noticia/na-midia/adeus-ao-maior-de-18-sites-reforcam-verificacao-apos-eca-digital/,,True,,Proteção infantil,Proteção infantil: eca digital,2026-09-28T21:01:12+00:00,2026-09-28,2026-10-06T22:35:45+00:00,,,,False,"Adeus ao ""maior de 18"": sites reforçam verificação após ECA Digital"
"Streaming , redes sociais e serviços em nuvem fazem IX.br bater recorde de 50 Tbit/s de tráfego Internet",NIC.br,Notícia coletada,2026-03-23,day,2026-03-23,https://www.nic.br/noticia/na-midia/i-streaming-i-redes-sociais-e-servicos-em-nuvem-fazem-ix-br-bater-recorde-de-50-tbit-s-de-trafego-internet/,,True,,Plataformas; Internet,Plataformas: redes sociais; Internet: internet,2026-09-28T21:01:12+00:00,2026-09-28,2026-10-06T22:35:45+00:00,,,,False,"Streaming , redes sociais e serviços em nuvem fazem IX.br bater recorde de 50 Tbit/s de tráfego Internet"
Estudo mostra falta de verificação de idade,NIC.br,Notícia coletada,2026-03-23,day,2026-03-23,https://www.nic.br/noticia/na-midia/estudo-mostra-falta-de-verificacao-de-idade/,,True,,Proteção infantil,Proteção infantil: verificacao de idade,2026-09-28T21:01:12+00:00,2026-09-28,2026-10-06T22:35:45+00:00,,,,False,Estudo mostra falta de verificação de idade
"De cada 10 serviços digitais, 8 não checam idade na criação de conta",NIC.br,Notícia coletada,2026-03-23,day,2026-03-23,https://www.nic.br/noticia/na-midia/de-cada-10-servicos-digitais-8-nao-checam-idade-na-criacao-de-conta/,,False,,,,2026-09-28T21:01:12+00:00,2026-09-28,2026-10-06T22:35:45+00:00,,,,False,"De cada 10 serviços digitais, 8 não checam idade na criação de conta"
Serviços digitais não checam idade no momento de criação da conta,NIC.br,Notícia coletada,2026-03-20,day,2026-03-20,https://www.nic.br/noticia/na-midia/servicos-digitais-nao-checam-idade-no-momento-de-criacao-da-conta/,,False,,,,2026-09-28T21:01:12+00:00,2026-09-28,2026-10-06T22:35:45+00:00,,,,False,Serviços digitais não checam idade no momento de criação da conta
Se perdeu no ECA Digital? Entenda o que muda a partir de agora,NIC.br,Notícia coletada,2026-03-20,day,2026-03-20,https://www.nic.br/noticia/na-midia/se-perdeu-no-eca-digital-entenda-o-que-muda-a-partir-de-agora/,,True,,Proteção infantil,Proteção infantil: eca digital,2026-09-28T21:01:12+00:00,2026-09-28,2026-10-06T22:35:45+00:00,,,,False,Se perdeu no ECA Digital? Entenda o que muda a partir de agora
O que muda com o ECA Digital?,NIC.br,Notícia coletada,2026-03-20,day,2026-03-20,https://www.nic.br/noticia/na-midia/o-que-muda-com-o-eca-digital/,,True,,Proteção infantil,Proteção infantil: eca digital,2026-09-28T21:01:12+00:00,2026-09-28,2026-10-06T22:35:45+00:00,,,,False,O que muda com o ECA Digital?
"IX.br bate recorde de 50 Tbit/s de tráfego Internet agregado, impulsionado por conteúdo e serviços digitais",NIC.br,Notícia coletada,2026-03-20,day,2026-03-20,https://www.nic.br/noticia/releases/ix-br-bate-recorde-de-50-tbit-s-de-trafego-internet-agregado-impulsionado-por-conteudo-e-servicos-digitais/,,True,,Internet,Internet: internet,2026-09-28T21:01:12+00:00,2026-09-28,2026-10-06T22:35:45+00:00,,,,False,"IX.br bate recorde de 50 Tbit/s de tráfego Internet agregado, impulsionado por conteúdo e serviços digitais"
"Participação de famílias é desafio do ECA Digital, dizem especialistas",NIC.br,Notícia coletada,2026-03-19,day,2026-03-19,https://www.nic.br/noticia/na-midia/participacao-de-familias-e-desafio-do-eca-digital-dizem-especialistas/,,True,,Proteção infantil,Proteção infantil: eca digital,2026-09-28T21:01:12+00:00,2026-09-28,2026-10-06T22:35:45+00:00,,,,False,"Participação de famílias é desafio do ECA Digital, dizem especialistas"
"Maioria dos serviços digitais não exige aferição de idade no cadastro, aponta estudo",NIC.br,Notícia coletada,2026-03-19,day,2026-03-19,https://www.nic.br/noticia/na-midia/maioria-dos-servicos-digitais-nao-exige-afericao-de-idade-no-cadastro-aponta-estudo/,,True,,Proteção infantil,Proteção infantil: afericao de idade,2026-09-28T21:01:12+00:00,2026-09-28,2026-10-06T22:35:45+00:00,,,,False,"Maioria dos serviços digitais não exige aferição de idade no cadastro, aponta estudo"
ANPD apresenta ECA Digital em seminário do CGI.br e NIC.br,NIC.br,Notícia coletada,2026-03-19,day,2026-03-19,https://www.nic.br/noticia/na-midia/anpd-apresenta-eca-digital-em-evento-do-nic-br/,,True,GDPR/LGPD e proteção de dados,Proteção infantil; ANPD,Proteção infantil: eca digital; ANPD: anpd,2026-09-28T21:01:12+00:00,2026-09-28,2026-10-06T22:35:45+00:00,,,,False,ANPD apresenta ECA Digital em seminário do CGI.br e NIC.br
"Macaé: ECA Digital mostra disposição, mas transformação não é imediata",NIC.br,Notícia coletada,2026-03-18,day,2026-03-18,https://www.nic.br/noticia/na-midia/macae-eca-digital-mostra-disposicao-mas-transformacao-nao-e-imediata/,,True,,Proteção infantil,Proteção infantil: eca digital,2026-09-28T21:01:12+00:00,2026-09-28,2026-10-06T22:35:45+00:00,,,,False,"Macaé: ECA Digital mostra disposição, mas transformação não é imediata"
Estudo inédito mapeia práticas de aferição de idade em serviços digitais no Brasil,NIC.br,Notícia coletada,2026-03-18,day,2026-03-18,https://www.nic.br/noticia/releases/estudo-inedito-mapeia-praticas-de-afericao-de-idade-em-servicos-digitais-no-brasil/,,True,,Proteção infantil,Proteção infantil: afericao de idade,2026-09-28T21:01:12+00:00,2026-09-28,2026-10-06T22:35:45+00:00,,,,False,Estudo inédito mapeia práticas de aferição de idade em serviços digitais no Brasil
"ECA Digital, lei que cria regras para o acesso de crianças e adolescentes à Internet, entra em vigor",NIC.br,Notícia coletada,2026-03-18,day,2026-03-18,https://www.nic.br/noticia/na-midia/eca-digital-estatuto-da-crianca-e-do-adolescente-que-cria-novas-regras-para-o-acesso-de-menores-a-internet-entra-em-vigor/,,True,,Proteção infantil; Internet,Proteção infantil: eca digital; Internet: internet,2026-09-28T21:01:12+00:00,2026-09-28,2026-10-06T22:35:45+00:00,,,,False,"ECA Digital, lei que cria regras para o acesso de crianças e adolescentes à Internet, entra em vigor"
ECA Digital começa a valer nesta terça; confira principais pontos,NIC.br,Notícia coletada,2026-03-18,day,2026-03-18,https://www.nic.br/noticia/na-midia/eca-digital-comeca-a-valer-nesta-terca-confira-principais-pontos/,,True,,Proteção infantil,Proteção infantil: eca digital,2026-09-28T21:01:12+00:00,2026-09-28,2026-10-06T22:35:45+00:00,,,,False,ECA Digital começa a valer nesta terça; confira principais pontos
Plataformas devem verificar idade de usuários a partir desta terça; veja como vai funcionar,NIC.br,Notícia coletada,2026-03-17,day,2026-03-17,https://www.nic.br/noticia/na-midia/plataformas-devem-verificar-idade-de-usuarios-a-partir-desta-terca-veja-como-vai-funcionar/,,False,,,,2026-09-28T21:01:12+00:00,2026-09-28,2026-10-06T22:35:45+00:00,,,,False,Plataformas devem verificar idade de usuários a partir desta terça; veja como vai funcionar
NIC.br e CGI.br reúnem autoridades para discutir implementação do ECA Digital,NIC.br,Notícia coletada,2026-03-17,day,2026-03-17,https://www.nic.br/noticia/na-midia/eca-digital-entra-em-vigor-com-regulacao-por-etapas-na-anpd/,,True,,Proteção infantil,Proteção infantil: eca digital,2026-09-28T21:01:12+00:00,2026-09-28,2026-10-06T22:35:45+00:00,,,,False,NIC.br e CGI.br reúnem autoridades para discutir implementação do ECA Digital
IX Fórum Fortaleza acontece neste mês de março,NIC.br,Notícia coletada,2026-03-17,day,2026-03-17,https://www.nic.br/noticia/na-midia/ix-forum-fortaleza-acontece-nesse-mes-de-marco/,,False,,,,2026-09-28T21:01:12+00:00,2026-09-28,2026-10-06T22:35:45+00:00,,,,False,IX Fórum Fortaleza acontece neste mês de março
"IX Fórum Fortaleza 2026 debate bloqueios na Internet, mudanças regulatórias e uso da faixa de 6 GHz para Wi-Fi",NIC.br,Notícia coletada,2026-03-17,day,2026-03-17,https://www.nic.br/noticia/releases/ix-forum-fortaleza-2026-debate-bloqueios-na-internet-mudancas-regulatorias-e-uso-da-faixa-de-6-ghz-para-i-wi-fi-i/,,True,,Internet,Internet: internet,2026-09-28T21:01:12+00:00,2026-09-28,2026-10-06T22:35:45+00:00,,,,False,"IX Fórum Fortaleza 2026 debate bloqueios na Internet, mudanças regulatórias e uso da faixa de 6 GHz para Wi-Fi"
"TSE cria pacote contra deepfakes com IA nas eleições, mas batalha está só no começo",NIC.br,Notícia coletada,2026-03-16,day,2026-03-16,https://www.nic.br/noticia/na-midia/tse-cria-pacote-contra-i-deepfakes-i-com-ia-nas-eleicoes-mas-batalha-esta-so-no-comeco/,,True,IA e proteção de dados,Inteligência artificial,Inteligência artificial: ia,2026-09-28T21:01:12+00:00,2026-09-28,2026-10-06T22:35:45+00:00,,,,False,"TSE cria pacote contra deepfakes com IA nas eleições, mas batalha está só no começo"
Nova lei reforça proteção de crianças e adolescentes na Internet e amplia responsabilidades das plataformas,NIC.br,Notícia coletada,2026-03-16,day,2026-03-16,https://www.nic.br/noticia/na-midia/eca-digital-nova-lei-reforca-protecao-de-criancas-e-adolescentes-na-internet-e-amplia-responsabilidades-das-plataformas/,,True,,Proteção infantil; Internet,Proteção infantil: criancas e adolescentes na internet; Internet: internet,2026-09-28T21:01:12+00:00,2026-09-28,2026-10-06T22:35:45+00:00,,,,False,Nova lei reforça proteção de crianças e adolescentes na Internet e amplia responsabilidades das plataformas
"ECA Digital começa a valer com pressão sobre grandes plataformas, avalia coordenadora do CGI.br",NIC.br,Notícia coletada,2026-03-16,day,2026-03-16,https://www.nic.br/noticia/na-midia/eca-digital-comeca-a-valer-com-pressao-sobre-grandes-plataformas-avalia-renata-mielli-do-cgi-br/,,True,,Proteção infantil,Proteção infantil: eca digital,2026-09-28T21:01:12+00:00,2026-09-28,2026-10-06T22:35:45+00:00,,,,False,"ECA Digital começa a valer com pressão sobre grandes plataformas, avalia coordenadora do CGI.br"
Uso de Internet por crianças entre 6 e 8 anos dobrou na última década,NIC.br,Notícia coletada,2026-03-13,day,2026-03-13,https://www.nic.br/noticia/na-midia/uso-de-internet-por-criancas-entre-6-e-8-anos-dobrou-na-ultima-decada/,,True,,Internet,Internet: internet,2026-09-28T21:01:12+00:00,2026-09-28,2026-10-06T22:35:45+00:00,,,,False,Uso de Internet por crianças entre 6 e 8 anos dobrou na última década
Levantamento revela jogos de cassino online mais populares de 2025,NIC.br,Notícia coletada,2026-03-13,day,2026-03-13,https://www.nic.br/noticia/na-midia/levantamento-revela-jogos-de-cassino-i-online-i-mais-populares-de-2025/,,False,,,,2026-09-28T21:01:12+00:00,2026-09-28,2026-10-06T22:35:45+00:00,,,,False,Levantamento revela jogos de cassino online mais populares de 2025
Como transformar o “modo de estudo” das IAs em um aliado na preparação para o Enem e vestibulares,NIC.br,Notícia coletada,2026-03-13,day,2026-03-13,https://www.nic.br/noticia/na-midia/como-transformar-o-modo-de-estudo-das-ias-em-um-aliado-na-preparacao-para-o-enem-e-vestibulares/,,False,,,,2026-09-28T21:01:12+00:00,2026-09-28,2026-10-06T22:35:45+00:00,,,,False,Como transformar o “modo de estudo” das IAs em um aliado na preparação para o Enem e vestibulares
Uso inteligente da tecnologia na gestão escolar,NIC.br,Notícia coletada,2026-03-12,day,2026-03-12,https://www.nic.br/noticia/na-midia/uso-inteligente-da-tecnologia-na-gestao-escolar/,,False,,,,2026-09-28T21:01:12+00:00,2026-09-28,2026-10-06T22:35:45+00:00,,,,False,Uso inteligente da tecnologia na gestão escolar
IA preditiva e generativa: entenda as diferenças e quando as empresas podem usar cada uma delas,NIC.br,Notícia coletada,2026-03-12,day,2026-03-12,https://www.nic.br/noticia/na-midia/ia-preditiva-e-generativa-entenda-as-diferencas-e-quando-as-empresas-podem-usar-cada-uma-delas/,,True,IA e proteção de dados,Inteligência artificial,Inteligência artificial: ia,2026-09-28T21:01:12+00:00,2026-09-28,2026-10-06T22:35:45+00:00,,,,False,IA preditiva e generativa: entenda as diferenças e quando as empresas podem usar cada uma delas
CGI.br defende transparência e modelo de risco na regulação da IA no Brasil,NIC.br,Notícia coletada,2026-03-12,day,2026-03-12,https://www.nic.br/noticia/na-midia/cgi-br-defende-transparencia-e-modelo-de-risco-na-regulacao-da-ia-no-brasil/,,True,IA e proteção de dados,Inteligência artificial,Inteligência artificial: ia,2026-09-28T21:01:12+00:00,2026-09-28,2026-10-06T22:35:45+00:00,,,,False,CGI.br defende transparência e modelo de risco na regulação da IA no Brasil
Governança em Saúde Digital: Estratégia Nacional de Saúde Digital à luz das transformações do setor,NIC.br,Notícia coletada,2026-03-11,day,2026-03-11,https://www.nic.br/noticia/na-midia/governanca-em-saude-digital-estrategia-nacional-de-saude-digital-a-luz-das-transformacoes-do-setor/,,False,,,,2026-09-28T21:01:12+00:00,2026-09-28,2026-10-06T22:35:45+00:00,,,,False,Governança em Saúde Digital: Estratégia Nacional de Saúde Digital à luz das transformações do setor
Demi Getschko conta como a Internet realmente chegou ao Brasil,NIC.br,Notícia coletada,2026-03-11,day,2026-03-11,https://www.nic.br/noticia/na-midia/demi-getschko-conta-como-a-internet-realmente-chegou-ao-brasil/,,True,,Internet,Internet: internet,2026-09-28T21:01:12+00:00,2026-09-28,2026-10-06T22:35:45+00:00,,,,False,Demi Getschko conta como a Internet realmente chegou ao Brasil
"Com alunos adotando IA em massa, CNE vota diretrizes para uso da tecnologia nas escolas",NIC.br,Notícia coletada,2026-03-11,day,2026-03-11,https://www.nic.br/noticia/na-midia/com-alunos-adotando-ia-em-massa-cne-vota-diretrizes-para-uso-da-tecnologia-nas-escolas/,,True,IA e proteção de dados,Inteligência artificial,Inteligência artificial: ia,2026-09-28T21:01:12+00:00,2026-09-28,2026-10-06T22:35:45+00:00,,,,False,"Com alunos adotando IA em massa, CNE vota diretrizes para uso da tecnologia nas escolas"
Ceweb.br lança podcast para estimular aplicação da norma brasileira de acessibilidade digital,NIC.br,Notícia coletada,2026-03-11,day,2026-03-11,https://www.nic.br/noticia/notas/ceweb-br-lanca-podcast-para-estimular-aplicacao-da-norma-brasileira-de-acessibilidade-digital/,,False,,,,2026-09-28T21:01:12+00:00,2026-09-28,2026-10-06T22:35:45+00:00,,,,False,Ceweb.br lança podcast para estimular aplicação da norma brasileira de acessibilidade digital
CGI.br abre inscrições para 16º Fórum da Internet no Brasil e divulga workshops selecionados,NIC.br,Notícia coletada,2026-03-11,day,2026-03-11,https://www.nic.br/noticia/releases/cgi-br-abre-inscricoes-para-16-forum-da-internet-no-brasil-e-divulga-i-workshops-i-selecionados/,,True,,Internet,Internet: internet,2026-09-28T21:01:12+00:00,2026-09-28,2026-10-06T22:35:45+00:00,,,,False,CGI.br abre inscrições para 16º Fórum da Internet no Brasil e divulga workshops selecionados
Mensageria com IA integrada antecipa novo campo de disputa informacional para as eleições de 2026,NIC.br,Notícia coletada,2026-03-10,day,2026-03-10,https://www.nic.br/noticia/na-midia/mensageria-com-ia-integrada-antecipa-novo-campo-de-disputa-informacional-para-as-eleicoes-de-2026/,,True,IA e proteção de dados,Inteligência artificial,Inteligência artificial: ia,2026-09-28T21:01:12+00:00,2026-09-28,2026-10-06T22:35:45+00:00,,,,False,Mensageria com IA integrada antecipa novo campo de disputa informacional para as eleições de 2026
Evento debate perspectivas globais e multissetoriais para a implementação do ECA Digital,NIC.br,Notícia coletada,2026-03-10,day,2026-03-10,https://www.nic.br/noticia/releases/evento-debate-perspectivas-globais-e-multissetoriais-para-a-implementacao-do-eca-digital/,,True,,Proteção infantil,Proteção infantil: eca digital,2026-09-28T21:01:12+00:00,2026-09-28,2026-10-06T22:35:45+00:00,,,,False,Evento debate perspectivas globais e multissetoriais para a implementação do ECA Digital
ECA Digital entra em vigor e inaugura nova fase de proteção de crianças e adolescentes no ambiente online,NIC.br,Notícia coletada,2026-03-10,day,2026-03-10,https://www.nic.br/noticia/na-midia/eca-digital-entra-em-vigor-e-inaugura-nova-fase-de-protecao-de-criancas-e-adolescentes-no-ambiente-i-online-i/,,True,,Proteção infantil,Proteção infantil: eca digital,2026-09-28T21:01:12+00:00,2026-09-28,2026-10-06T22:35:45+00:00,,,,False,ECA Digital entra em vigor e inaugura nova fase de proteção de crianças e adolescentes no ambiente online
"PL da IA: CGI.br quer análise de risco, controle de biometria e regras mais fortes contra abuso sexual",NIC.br,Notícia coletada,2026-03-09,day,2026-03-09,https://www.nic.br/noticia/na-midia/pl-da-ia-cgi-br-quer-analise-de-risco-controle-de-biometria-e-regras-mais-fortes-contra-abuso-sexual/,,True,IA e proteção de dados,Inteligência artificial,Inteligência artificial: ia,2026-09-28T21:01:12+00:00,2026-09-28,2026-10-06T22:35:45+00:00,,,,False,"PL da IA: CGI.br quer análise de risco, controle de biometria e regras mais fortes contra abuso sexual"
CGI.br pede ajustes no PL do marco regulatório de inteligência artificial,NIC.br,Notícia coletada,2026-03-09,day,2026-03-09,https://www.nic.br/noticia/na-midia/cgi-br-pede-ajustes-no-pl-do-marco-regulatorio-de-inteligencia-artificial/,,True,IA e proteção de dados,Inteligência artificial,Inteligência artificial: inteligencia artificial,2026-09-28T21:01:12+00:00,2026-09-28,2026-10-06T22:35:45+00:00,,,,False,CGI.br pede ajustes no PL do marco regulatório de inteligência artificial
CGI.br destaca avanços e aponta aprimoramentos necessários no Marco Regulatório da Inteligência Artificial,NIC.br,Notícia coletada,2026-03-09,day,2026-03-09,https://www.nic.br/noticia/na-midia/cgi-br-destaca-avancos-e-aponta-aprimoramentos-necessarios-no-marco-regulatorio-da-inteligencia-artificial/,,True,IA e proteção de dados,Inteligência artificial,Inteligência artificial: inteligencia artificial,2026-09-28T21:01:12+00:00,2026-09-28,2026-10-06T22:35:45+00:00,,,,False,CGI.br destaca avanços e aponta aprimoramentos necessários no Marco Regulatório da Inteligência Artificial
"OKBR participa da instalação de nova Câmara do CGI.br sobre tecnologias emergentes, soberania e inovação",NIC.br,Notícia coletada,2026-03-06,day,2026-03-06,https://www.nic.br/noticia/na-midia/okbr-integra-nova-camara-do-cgi-br-sobre-tecnologias-emergentes-soberania-e-inovacao/,,False,,,,2026-09-28T21:01:12+00:00,2026-09-28,2026-10-06T22:35:45+00:00,,,,False,"OKBR participa da instalação de nova Câmara do CGI.br sobre tecnologias emergentes, soberania e inovação"
MPF recomenda que prefeitura de Alcântara (MA) instale medidores de Internet em escolas públicas,NIC.br,Notícia coletada,2026-03-06,day,2026-03-06,https://www.nic.br/noticia/na-midia/mpf-recomenda-que-prefeitura-de-alcantara-ma-instale-medidores-de-internet-em-escolas-publicas/,,True,,Internet,Internet: internet,2026-09-28T21:01:12+00:00,2026-09-28,2026-10-06T22:35:45+00:00,,,,False,MPF recomenda que prefeitura de Alcântara (MA) instale medidores de Internet em escolas públicas
Bloquear redes sociais até os 16 anos protege adolescentes? Entenda prós e contras,NIC.br,Notícia coletada,2026-03-06,day,2026-03-06,https://www.nic.br/noticia/na-midia/bloquear-redes-sociais-ate-os-16-anos-protege-adolescentes-entenda-pros-e-contras/,,True,,Plataformas,Plataformas: redes sociais,2026-09-28T21:01:12+00:00,2026-09-28,2026-10-06T22:35:45+00:00,,,,False,Bloquear redes sociais até os 16 anos protege adolescentes? Entenda prós e contras
Pós-doutorado em aprendizado de máquina na Unicamp,NIC.br,Notícia coletada,2026-03-05,day,2026-03-05,https://www.nic.br/noticia/na-midia/pos-doutorado-em-aprendizado-de-maquina-na-unicamp/,,False,,,,2026-09-28T21:01:12+00:00,2026-09-28,2026-10-06T22:35:45+00:00,,,,False,Pós-doutorado em aprendizado de máquina na Unicamp
Cyberbullying na escola: como proteger crianças e adolescentes,NIC.br,Notícia coletada,2026-03-05,day,2026-03-05,https://www.nic.br/noticia/na-midia/i-cyberbullying-i-na-escola-como-proteger-criancas-e-adolescentes/,,True,,Proteção infantil,Proteção infantil: proteger criancas,2026-09-28T21:01:12+00:00,2026-09-28,2026-10-06T22:35:45+00:00,,,,False,Cyberbullying na escola: como proteger crianças e adolescentes
Assuntos relevantes que devem ser objeto de gestão pública,NIC.br,Notícia coletada,2026-03-05,day,2026-03-05,https://www.nic.br/noticia/na-midia/assuntos-relevantes-que-devem-ser-objeto-de-gestao-publica/,,False,,,,2026-09-28T21:01:12+00:00,2026-09-28,2026-10-06T22:35:45+00:00,,,,False,Assuntos relevantes que devem ser objeto de gestão pública
O papel do setor privado na dependência tecnológica brasileira,NIC.br,Notícia coletada,2026-03-04,day,2026-03-04,https://www.nic.br/noticia/na-midia/o-papel-do-setor-privado-na-dependencia-tecnologica-brasileira/,,False,,,,2026-09-28T21:01:12+00:00,2026-09-28,2026-10-06T22:35:45+00:00,,,,False,O papel do setor privado na dependência tecnológica brasileira
Imprensa Jovem participa do Dia da Internet Segura e realiza cobertura sobre cidadania digital,NIC.br,Notícia coletada,2026-03-04,day,2026-03-04,https://www.nic.br/noticia/na-midia/imprensa-jovem-participa-do-dia-da-internet-segura-e-realiza-cobertura-sobre-cidadania-digital/,,True,,Internet,Internet: internet,2026-09-28T21:01:12+00:00,2026-09-28,2026-10-06T22:35:45+00:00,,,,False,Imprensa Jovem participa do Dia da Internet Segura e realiza cobertura sobre cidadania digital
Como as plataformas digitais controlam a opinião pública?,NIC.br,Notícia coletada,2026-03-04,day,2026-03-04,https://www.nic.br/noticia/na-midia/como-as-plataformas-digitais-controlam-a-opiniao-publica/,,True,,Plataformas,Plataformas: plataformas digitais,2026-09-28T21:01:12+00:00,2026-09-28,2026-10-06T22:35:45+00:00,,,,False,Como as plataformas digitais controlam a opinião pública?
Projeto educacional leva robôs humanoides e IA às salas de aula no Centro-Oeste,NIC.br,Notícia coletada,2026-03-03,day,2026-03-03,https://www.nic.br/noticia/na-midia/projeto-educacional-leva-robos-humanoides-e-ia-as-salas-de-aula-no-centro-oeste/,,True,IA e proteção de dados,Inteligência artificial,Inteligência artificial: ia,2026-09-28T21:01:12+00:00,2026-09-28,2026-10-06T22:35:45+00:00,,,,False,Projeto educacional leva robôs humanoides e IA às salas de aula no Centro-Oeste
Internet entre crianças e adolescentes exige atenção,NIC.br,Notícia coletada,2026-03-03,day,2026-03-03,https://www.nic.br/noticia/na-midia/internet-entre-criancas-e-adolescentes-exige-atencao/,,True,,Internet,Internet: internet,2026-09-28T21:01:12+00:00,2026-09-28,2026-10-06T22:35:45+00:00,,,,False,Internet entre crianças e adolescentes exige atenção
Como alunos e professores usam IA nas escolas do Ceará,NIC.br,Notícia coletada,2026-03-03,day,2026-03-03,https://www.nic.br/noticia/na-midia/como-alunos-e-professores-usam-ia-nas-escolas-do-ceara/,,True,IA e proteção de dados,Inteligência artificial,Inteligência artificial: ia,2026-09-28T21:01:12+00:00,2026-09-28,2026-10-06T22:35:45+00:00,,,,False,Como alunos e professores usam IA nas escolas do Ceará
Verificação de idade e privacidade: convivência impossível?,NIC.br,Notícia coletada,2026-03-02,day,2026-03-02,https://www.nic.br/noticia/na-midia/verificacao-de-idade-e-privacidade-convivencia-impossivel/,,True,GDPR/LGPD e proteção de dados,Privacidade; Proteção infantil,Privacidade: privacidade; Proteção infantil: verificacao de idade,2026-09-28T21:01:12+00:00,2026-09-28,2026-10-06T22:35:45+00:00,,,,False,Verificação de idade e privacidade: convivência impossível?
Tendências tecnológicas para o setor público em 2026,NIC.br,Notícia coletada,2026-03-02,day,2026-03-02,https://www.nic.br/noticia/na-midia/tendencias-tecnologicas-para-o-setor-publico-em-2026/,,False,,,,2026-09-28T21:01:12+00:00,2026-09-28,2026-10-06T22:35:45+00:00,,,,False,Tendências tecnológicas para o setor público em 2026
Educação entra em pleno ciclo de reinvenção,NIC.br,Notícia coletada,2026-03-02,day,2026-03-02,https://www.nic.br/noticia/na-midia/educacao-entra-em-pleno-ciclo-de-reinvencao/,,False,,,,2026-09-28T21:01:12+00:00,2026-09-28,2026-10-06T22:35:45+00:00,,,,False,Educação entra em pleno ciclo de reinvenção
"Copa do Mundo feminina de futebol 2027: novas regras, velhos hábitos",NIC.br,Notícia coletada,2026-02-27,day,2026-02-27,https://www.nic.br/noticia/na-midia/copa-do-mundo-feminina-de-futebol-2027-novas-regras-velhos-habitos/,,False,,,,2026-09-28T21:01:12+00:00,2026-09-28,2026-10-06T22:35:45+00:00,,,,False,"Copa do Mundo feminina de futebol 2027: novas regras, velhos hábitos"
CDR promove evento sobre regulação de plataformas,NIC.br,Notícia coletada,2026-02-27,day,2026-02-27,https://www.nic.br/noticia/na-midia/cdr-promove-evento-sobre-regulacao-de-plataformas/,,False,,,,2026-09-28T21:01:12+00:00,2026-09-28,2026-10-06T22:35:45+00:00,,,,False,CDR promove evento sobre regulação de plataformas
19% dos internautas brasileiros fizeram apostas online em 2025,NIC.br,Notícia coletada,2026-02-27,day,2026-02-27,https://www.nic.br/noticia/na-midia/19-dos-internautas-brasileiros-fizeram-apostas-i-online-i-em-2025/,,False,,,,2026-09-28T21:01:12+00:00,2026-09-28,2026-10-06T22:35:45+00:00,,,,False,19% dos internautas brasileiros fizeram apostas online em 2025
Unesco aponta para baixa implementação da educação midiática nos currículos mundo afora,NIC.br,Notícia coletada,2026-02-26,day,2026-02-26,https://www.nic.br/noticia/na-midia/unesco-aponta-para-baixa-implementacao-da-educacao-midiatica-nos-curriculos-mundo-afora/,,False,,,,2026-09-28T21:01:12+00:00,2026-09-28,2026-10-06T22:35:45+00:00,,,,False,Unesco aponta para baixa implementação da educação midiática nos currículos mundo afora
Páginas de venda de ingressos viram alvo de golpistas,NIC.br,Notícia coletada,2026-02-26,day,2026-02-26,https://www.nic.br/noticia/na-midia/paginas-de-venda-de-ingressos-viram-alvo-de-golpistas/,,False,,,,2026-09-28T21:01:12+00:00,2026-09-28,2026-10-06T22:35:45+00:00,,,,False,Páginas de venda de ingressos viram alvo de golpistas
Adolescência e os desafios na construção da identidade,NIC.br,Notícia coletada,2026-02-26,day,2026-02-26,https://www.nic.br/noticia/na-midia/adolescencia-e-os-desafios-na-construcao-da-identidade/,,False,,,,2026-09-28T21:01:12+00:00,2026-09-28,2026-10-06T22:35:45+00:00,,,,False,Adolescência e os desafios na construção da identidade
"IA não substitui o médico, mas já está transformando a medicina",NIC.br,Notícia coletada,2026-02-25,day,2026-02-25,https://www.nic.br/noticia/na-midia/ia-nao-substitui-o-medico-mas-ja-esta-transformando-a-medicina/,,True,IA e proteção de dados,Inteligência artificial,Inteligência artificial: ia,2026-09-28T21:01:12+00:00,2026-09-28,2026-10-06T22:35:45+00:00,,,,False,"IA não substitui o médico, mas já está transformando a medicina"
Do clique ao endividamento: apostas online avançam e colocam famílias em risco,NIC.br,Notícia coletada,2026-02-25,day,2026-02-25,https://www.nic.br/noticia/na-midia/do-clique-ao-endividamento-apostas-i-online-i-avancam-e-colocam-familias-em-risco/,,False,,,,2026-09-28T21:01:12+00:00,2026-09-28,2026-10-06T22:35:45+00:00,,,,False,Do clique ao endividamento: apostas online avançam e colocam famílias em risco
Caso Orelha e a cultura de violência entre adolescentes,NIC.br,Notícia coletada,2026-02-25,day,2026-02-25,https://www.nic.br/noticia/na-midia/caso-orelha-e-a-cultura-de-violencia-entre-adolescentes/,,False,,,,2026-09-28T21:01:12+00:00,2026-09-28,2026-10-06T22:35:45+00:00,,,,False,Caso Orelha e a cultura de violência entre adolescentes
Reflexões sobre um ecossistema de interconexão transformador,NIC.br,Notícia coletada,2026-02-24,day,2026-02-24,https://www.nic.br/noticia/na-midia/reflexoes-sobre-um-ecossistema-de-interconexao-transformador/,,False,,,,2026-09-28T21:01:12+00:00,2026-09-28,2026-10-06T22:35:45+00:00,,,,False,Reflexões sobre um ecossistema de interconexão transformador
Como documentos digitais evitam atrasos em serviços e processos,NIC.br,Notícia coletada,2026-02-24,day,2026-02-24,https://www.nic.br/noticia/na-midia/como-documentos-digitais-evitam-atrasos-em-servicos-e-processos/,,False,,,,2026-09-28T21:01:12+00:00,2026-09-28,2026-10-06T22:35:45+00:00,,,,False,Como documentos digitais evitam atrasos em serviços e processos
Ao menos 19% dos usuários de Internet no Brasil fizeram apostas online em 2025,NIC.br,Notícia coletada,2026-02-24,day,2026-02-24,https://www.nic.br/noticia/na-midia/ao-menos-19-dos-usuarios-de-internet-no-brasil-fizeram-apostas-i-online-i-em-2025/,,True,,Internet,Internet: internet,2026-09-28T21:01:12+00:00,2026-09-28,2026-10-06T22:35:45+00:00,,,,False,Ao menos 19% dos usuários de Internet no Brasil fizeram apostas online em 2025
Regulamentação para IA na educação mira veto à correção de questão dissertativa sem professor,NIC.br,Notícia coletada,2026-02-23,day,2026-02-23,https://www.nic.br/noticia/na-midia/regulamentacao-para-ia-na-educacao-mira-veto-a-correcao-de-questao-dissertativa-sem-professor/,,True,IA e proteção de dados,Inteligência artificial,Inteligência artificial: ia,2026-09-28T21:01:12+00:00,2026-09-28,2026-10-02T13:24:35+00:00,,,,False,Regulamentação para IA na educação mira veto à correção de questão dissertativa sem professor
Projeto da UFSC lança jogo educativo sobre segurança digital voltado para jovens e adolescentes,NIC.br,Notícia coletada,2026-02-23,day,2026-02-23,https://www.nic.br/noticia/na-midia/projeto-da-ufsc-lanca-jogo-educativo-sobre-seguranca-digital-voltado-para-jovens-e-adolescentes/,,False,,,,2026-09-28T21:01:12+00:00,2026-09-28,2026-10-02T13:24:35+00:00,,,,False,Projeto da UFSC lança jogo educativo sobre segurança digital voltado para jovens e adolescentes
Centro de Pesquisa Aplicada em Inteligência Artificial abre duas vagas de pós-doutorado,NIC.br,Notícia coletada,2026-02-23,day,2026-02-23,https://www.nic.br/noticia/na-midia/centro-de-pesquisa-aplicada-em-inteligencia-artificial-abre-duas-vagas-de-pos-doutorado/,,True,IA e proteção de dados,Inteligência artificial,Inteligência artificial: inteligencia artificial,2026-09-28T21:01:12+00:00,2026-09-28,2026-10-02T13:24:35+00:00,,,,False,Centro de Pesquisa Aplicada em Inteligência Artificial abre duas vagas de pós-doutorado
Transformação digital: do clique à conversa (e da promessa à resolução),NIC.br,Notícia coletada,2026-02-20,day,2026-02-20,https://www.nic.br/noticia/na-midia/transformacao-digital-do-clique-a-conversa-e-da-promessa-a-resolucao/,,False,,,,2026-09-28T21:01:12+00:00,2026-09-28,2026-10-02T13:24:35+00:00,,,,False,Transformação digital: do clique à conversa (e da promessa à resolução)
O dilema das telas: como elas impactam o desenvolvimento infantil,NIC.br,Notícia coletada,2026-02-20,day,2026-02-20,https://www.nic.br/noticia/na-midia/o-dilema-das-telas-como-elas-impactam-o-desenvolvimento-infantil/,,False,,,,2026-09-28T21:01:12+00:00,2026-09-28,2026-10-02T13:24:35+00:00,,,,False,O dilema das telas: como elas impactam o desenvolvimento infantil
CNMP destaca acordo que garante acesso a dados estratégicos para proteção de direitos humanos na Internet,NIC.br,Notícia coletada,2026-02-20,day,2026-02-20,https://www.nic.br/noticia/na-midia/cnmp-destaca-acordo-que-garante-acesso-a-dados-estrategicos-para-protecao-de-direitos-humanos-na-internet/,,True,,Internet,Internet: internet,2026-09-28T21:01:12+00:00,2026-09-28,2026-10-02T13:24:35+00:00,,,,False,CNMP destaca acordo que garante acesso a dados estratégicos para proteção de direitos humanos na Internet
"IEA abre inscrições para curso de extensão sobre economia, cultura e poder na Internet",NIC.br,Notícia coletada,2026-02-19,day,2026-02-19,https://www.nic.br/noticia/na-midia/iea-abre-inscricoes-para-curso-de-extensao-sobre-economia-cultura-e-poder-na-internet/,,True,,Internet,Internet: internet,2026-09-28T21:01:12+00:00,2026-09-28,2026-10-02T13:24:35+00:00,,,,False,"IEA abre inscrições para curso de extensão sobre economia, cultura e poder na Internet"
Discord implementa novas políticas de restrição de idade,NIC.br,Notícia coletada,2026-02-19,day,2026-02-19,https://www.nic.br/noticia/na-midia/discord-implementa-novas-politicas-de-restricao-de-idade/,,False,,,,2026-09-28T21:01:12+00:00,2026-09-28,2026-10-02T13:24:35+00:00,,,,False,Discord implementa novas políticas de restrição de idade
Adolescentes buscam tratamentos contra o vício em redes sociais,NIC.br,Notícia coletada,2026-02-19,day,2026-02-19,https://www.nic.br/noticia/na-midia/adolescentes-buscam-tratamentos-contra-o-vicio-em-redes-sociais/,,True,,Plataformas,Plataformas: redes sociais,2026-09-28T21:01:12+00:00,2026-09-28,2026-10-02T13:24:35+00:00,,,,False,Adolescentes buscam tratamentos contra o vício em redes sociais
Por que a Internet cai com frequência no Brasil?,NIC.br,Notícia coletada,2026-02-13,day,2026-02-13,https://www.nic.br/noticia/na-midia/por-que-a-internet-cai-com-frequencia-no-brasil/,,True,,Internet,Internet: internet,2026-09-28T21:01:12+00:00,2026-09-28,2026-10-02T13:24:35+00:00,,,,False,Por que a Internet cai com frequência no Brasil?
ECA Digital: aferição de idade será prioridade da ANPD em 2027,NIC.br,Notícia coletada,2026-02-13,day,2026-02-13,https://www.nic.br/noticia/na-midia/eca-digital-afericao-de-idade-sera-prioridade-da-anpd-em-2027/,,True,GDPR/LGPD e proteção de dados,Proteção infantil; ANPD,"Proteção infantil: afericao de idade, eca digital; ANPD: anpd",2026-09-28T21:01:12+00:00,2026-09-28,2026-10-02T13:24:35+00:00,,,,False,ECA Digital: aferição de idade será prioridade da ANPD em 2027
A digitalização como aliada da inclusão educacional,NIC.br,Notícia coletada,2026-02-13,day,2026-02-13,https://www.nic.br/noticia/na-midia/a-digitalizacao-como-aliada-da-inclusao-educacional/,,False,,,,2026-09-28T21:01:12+00:00,2026-09-28,2026-10-02T13:24:35+00:00,,,,False,A digitalização como aliada da inclusão educacional
Jurista explica por que print de tela não é prova no processo judicial,NIC.br,Notícia coletada,2026-02-12,day,2026-02-12,https://www.nic.br/noticia/na-midia/jurista-explica-por-que-i-print-i-de-tela-nao-e-prova-no-processo-judicial/,,False,,,,2026-09-28T21:01:12+00:00,2026-09-28,2026-09-29T23:31:45+00:00,,,,False,Jurista explica por que print de tela não é prova no processo judicial
ECA Digital opõe modelo biométrico ao chamado Zero-Knowledge Proof,NIC.br,Notícia coletada,2026-02-12,day,2026-02-12,https://www.nic.br/noticia/na-midia/eca-digital-opoe-modelo-biometrico-ao-chamado-zero-knowledge-proof/,,True,,Proteção infantil,Proteção infantil: eca digital,2026-09-28T21:01:12+00:00,2026-09-28,2026-09-29T23:31:45+00:00,,,,False,ECA Digital opõe modelo biométrico ao chamado Zero-Knowledge Proof
Consulta pública sugere mais rigidez na aferição de idade na Internet,NIC.br,Notícia coletada,2026-02-12,day,2026-02-12,https://www.nic.br/noticia/na-midia/consulta-publica-sugere-mais-rigidez-na-afericao-de-idade-na-internet/,,True,,Proteção infantil; Internet,Proteção infantil: afericao de idade; Internet: internet,2026-09-28T21:01:12+00:00,2026-09-28,2026-09-29T23:31:45+00:00,,,,False,Consulta pública sugere mais rigidez na aferição de idade na Internet
O que as empresas estão fazendo para se adequarem ao ECA Digital,NIC.br,Notícia coletada,2026-02-11,day,2026-02-11,https://www.nic.br/noticia/na-midia/o-que-as-empresas-estao-fazendo-para-se-adequarem-ao-eca-digital/,,True,,Proteção infantil,Proteção infantil: eca digital,2026-09-28T21:01:12+00:00,2026-09-28,2026-09-29T23:31:45+00:00,,,,False,O que as empresas estão fazendo para se adequarem ao ECA Digital
Denúncias de crimes cibernéticos crescem 28% em 2025,NIC.br,Notícia coletada,2026-02-11,day,2026-02-11,https://www.nic.br/noticia/na-midia/denuncias-de-crimes-ciberneticos-crescem-28-em-2025/,,False,,,,2026-09-28T21:01:12+00:00,2026-09-28,2026-09-29T23:31:45+00:00,,,,False,Denúncias de crimes cibernéticos crescem 28% em 2025
ANPD intensifica monitoramento de plataformas com foco no ECA Digital,NIC.br,Notícia coletada,2026-02-11,day,2026-02-11,https://www.nic.br/noticia/na-midia/anpd-intensifica-monitoramento-de-plataformas-com-foco-no-eca-digital/,,True,GDPR/LGPD e proteção de dados,Proteção infantil; ANPD,Proteção infantil: eca digital; ANPD: anpd,2026-09-28T21:01:12+00:00,2026-09-28,2026-09-29T23:31:45+00:00,,,,False,ANPD intensifica monitoramento de plataformas com foco no ECA Digital
Um dia para a defesa dos Direitos Humanos na Internet,NIC.br,Notícia coletada,2026-02-10,day,2026-02-10,https://www.nic.br/noticia/na-midia/um-dia-para-a-defesa-dos-direitos-humanos-na-internet/,,True,,Internet,Internet: internet,2026-09-28T21:01:12+00:00,2026-09-28,2026-09-28T21:01:12+00:00,,,,False,Um dia para a defesa dos Direitos Humanos na Internet
Por que apagar o foguinho do TikTok antes que cause um incêndio?,NIC.br,Notícia coletada,2026-02-10,day,2026-02-10,https://www.nic.br/noticia/na-midia/por-que-apagar-o-foguinho-do-tiktok-antes-que-cause-um-incendio/,,False,,,,2026-09-28T21:01:12+00:00,2026-09-28,2026-09-29T23:31:45+00:00,,,,False,Por que apagar o foguinho do TikTok antes que cause um incêndio?
"Denúncias de crimes cibernéticos crescem 28% em 2025, mostra SaferNet",NIC.br,Notícia coletada,2026-02-10,day,2026-02-10,https://www.nic.br/noticia/na-midia/denuncias-de-crimes-ciberneticos-crescem-28-em-2025-mostra-safernet/,,False,,,,2026-09-28T21:01:12+00:00,2026-09-28,2026-09-28T21:01:12+00:00,,,,False,"Denúncias de crimes cibernéticos crescem 28% em 2025, mostra SaferNet"
"Dia da Internet Segura 2026: edição brasileira discute ECA Digital, verificação etária online e deepfakes",NIC.br,Notícia coletada,2026-02-09,day,2026-02-09,https://www.nic.br/noticia/na-midia/i-dia-da-internet-segura-i-2026-edicao-brasileira-discute-eca-digital-verificacao-etaria-i-online-i-e-i-deepfakes-i/,,True,,Proteção infantil; Internet,Proteção infantil: eca digital; Internet: internet,2026-09-28T21:01:12+00:00,2026-09-28,2026-09-28T21:01:12+00:00,,,,False,"Dia da Internet Segura 2026: edição brasileira discute ECA Digital, verificação etária online e deepfakes"
