source_id,source,country,region,institution,record_type,title,published_date,raw_date,url,summary,origins,notebooks
senado_federal,Agência Senado,Brasil,Mercosul,Agência Senado,Notícia/comunicado,Zenaide Maia defende o fim da escala 6x1 e pede atenção para a vacinação de crianças,2026-10-06,2026-10-06,https://www12.senado.leg.br/noticias/materias/2026/10/06/zenaide-maia-defende-o-fim-da-escala-6x1-e-pede-atencao-para-a-vacinacao-de-criancas,,GitHub weekly,workflow semanal
senado_federal,Agência Senado,Brasil,Mercosul,Agência Senado,Notícia/comunicado,Davi prevê primeira votação da PEC do fim da escala 6x1 na semana que vem,2026-10-06,2026-10-06,https://www12.senado.leg.br/noticias/materias/2026/10/06/davi-preve-primeira-votacao-da-pec-do-fim-da-escala-6x1-na-semana-que-vem,,GitHub weekly,workflow semanal
mercociudades,Mercociudades,Regional,Mercosul,Mercociudades,Notícia/comunicado,"Dialogamos sobre ciudades del cuidado, innovación pública y cooperación internacional en Córdoba",2026-10-06,2026-10-06,https://mercociudades.org/dialogamos-sobre-ciudades-del-cuidado-innovacion-publica-y-cooperacion-internacional-en-cordoba,,GitHub weekly,workflow semanal
nic,NIC.br,Brasil,Mercosul,NIC.br,Notícia/comunicado,"Bertrand de La Chapelle, referência na governança global da Internet, é homenageado em encontro virtual",2026-10-06,2026-10-06,https://www.nic.br/noticia/notas/bertrand-de-la-chapelle-referencia-na-governanca-global-da-internet-e-homenageado-em-encontro-virtual,,GitHub weekly,workflow semanal
nic,NIC.br,Brasil,Mercosul,NIC.br,Notícia/comunicado,Bets começam a sair do ar nesta terça-feira,2026-10-06,2026-10-06,https://www.nic.br/noticia/na-midia/i-bets-i-comecam-a-sair-do-ar-nesta-terca-feira,,GitHub weekly,workflow semanal
mercociudades,Mercociudades,Regional,Mercosul,Mercociudades,Notícia/comunicado,Unidad Temática de Turismo invita al «Ciclo de Formación 2026»,2026-10-06,2026-10-06,https://mercociudades.org/unidad-tematica-turismo-invita-ciclo-formacion-2026,,GitHub weekly,workflow semanal
nic,NIC.br,Brasil,Mercosul,NIC.br,Notícia/comunicado,Projeto mostra opção nacional para levar banda larga de alta capacidade e baixo custo a áreas rurais e remotas,2026-10-06,2026-10-06,https://www.nic.br/noticia/releases/projeto-mostra-opcao-nacional-para-levar-banda-larga-de-alta-capacidade-e-baixo-custo-a-areas-rurais-e-remotas,,GitHub weekly,workflow semanal
senado_federal,Agência Senado,Brasil,Mercosul,Agência Senado,Notícia/comunicado,Confúcio parabeniza candidatos eleitos por Rondônia,2026-10-06,2026-10-06,https://www12.senado.leg.br/noticias/materias/2026/10/06/confucio-parabeniza-candidatos-eleitos-por-rondonia,,GitHub weekly,workflow semanal
senado_federal,Agência Senado,Brasil,Mercosul,Agência Senado,Notícia/comunicado,Davi prega ‘serenidade’ no debate político,2026-10-06,2026-10-06,https://www12.senado.leg.br/noticias/materias/2026/10/06/davi-prega-2018serenidade2019-no-debate-politico,,GitHub weekly,workflow semanal
senado_federal,Agência Senado,Brasil,Mercosul,Agência Senado,Notícia/comunicado,Cobertura integrada das eleições mobiliza comunicação do Poder Legislativo,2026-10-06,2026-10-06,https://www12.senado.leg.br/noticias/materias/2026/10/06/cobertura-integrada-das-eleicoes-mobiliza-comunicacao-do-poder-legislativo,,GitHub weekly,workflow semanal
senado_federal,Agência Senado,Brasil,Mercosul,Agência Senado,Notícia/comunicado,"Eleições demonstraram insatisfação com governo e STF, diz Damares",2026-10-06,2026-10-06,https://www12.senado.leg.br/noticias/materias/2026/10/06/eleicoes-demonstraram-insatisfacao-com-governo-e-stf-diz-damares,,GitHub weekly,workflow semanal
senado_federal,Agência Senado,Brasil,Mercosul,Agência Senado,Notícia/comunicado,Humberto Costa agradece a Pernambuco por inédita terceira eleição consecutiva,2026-10-06,2026-10-06,https://www12.senado.leg.br/noticias/materias/2026/10/06/humberto-costa-agradece-eleitores-por-inedita-terceira-eleicao-consecutiva,,GitHub weekly,workflow semanal
senado_federal,Agência Senado,Brasil,Mercosul,Agência Senado,Notícia/comunicado,Paulo Paim defende que fim da escala 6x1 avance esta semana no Senado,2026-10-06,2026-10-06,https://www12.senado.leg.br/noticias/materias/2026/10/06/paulo-paim-defende-que-fim-da-escala-6x1-avance-esta-semana-no-senado,,GitHub weekly,workflow semanal
senado_federal,Agência Senado,Brasil,Mercosul,Agência Senado,Notícia/comunicado,PEC que acaba com escala 6x1 começa a tramitar no Plenário,2026-10-06,2026-10-06,https://www12.senado.leg.br/noticias/materias/2026/10/06/pec-que-acaba-com-escala-6x1-comeca-a-tramitar-no-plenario,,GitHub weekly,workflow semanal
senado_federal,Agência Senado,Brasil,Mercosul,Agência Senado,Notícia/comunicado,Projeto cria política de promoção da independência financeira das mulheres,2026-10-06,2026-10-06,https://www12.senado.leg.br/noticias/materias/2026/10/06/projeto-cria-politica-de-promocao-da-independencia-financeira-das-mulheres,,GitHub weekly,workflow semanal
senado_federal,Agência Senado,Brasil,Mercosul,Agência Senado,Notícia/comunicado,Projeto prevê alerta em veículos novos contra esquecimento de crianças e pets,2026-10-06,2026-10-06,https://www12.senado.leg.br/noticias/materias/2026/10/06/projeto-preve-alerta-em-veiculos-novos-contra-esquecimento-de-criancas-e-pets,,GitHub weekly,workflow semanal
senado_federal,Agência Senado,Brasil,Mercosul,Agência Senado,Notícia/comunicado,Toma posse a senadora Leany Lemos,2026-10-06,2026-10-06,https://www12.senado.leg.br/noticias/materias/2026/10/06/toma-posse-a-senadora-leany-lemos,,GitHub weekly,workflow semanal
nic,NIC.br,Brasil,Mercosul,NIC.br,Notícia/comunicado,GTER e GTS recebem propostas para encontros de dezembro,2026-10-06,2026-10-06,https://www.nic.br/noticia/na-midia/gter-e-gts-recebem-propostas-para-encontros-de-dezembro,,GitHub weekly,workflow semanal
senado_federal,Agência Senado,Brasil,Mercosul,Agência Senado,Notícia/comunicado,Senado sedia encontro sobre liderança feminina na administração pública,2026-10-05,2026-10-05,https://www12.senado.leg.br/noticias/materias/2026/10/05/senado-sedia-encontro-sobre-lideranca-feminina-na-administracao-publica,,GitHub weekly,workflow semanal
senado_federal,Agência Senado,Brasil,Mercosul,Agência Senado,Notícia/comunicado,Primeiro videocast do Senado destaca mulheres no topo da gestão pública,2026-10-05,2026-10-05,https://www12.senado.leg.br/noticias/materias/2026/10/05/primeiro-videocast-do-senado-destaca-mulheres-no-topo-da-gestao-publica,,GitHub weekly,workflow semanal
nic,NIC.br,Brasil,Mercosul,NIC.br,Notícia/comunicado,IA e deepfakes criam nova ameaça digital para as eleições no Brasil e dificultam combate à desinformação,2026-10-05,2026-10-05,https://www.nic.br/noticia/na-midia/ia-e-i-deepfakes-i-criam-nova-ameaca-digital-para-as-eleicoes-no-brasil-e-dificultam-combate-a-desinformacao,,GitHub weekly,workflow semanal
mercociudades,Mercociudades,Regional,Mercosul,Mercociudades,Notícia/comunicado,Economía Social y Solidaria invita al taller «La deuda con las emprendedoras»,2026-10-05,2026-10-05,https://mercociudades.org/economia-social-solidaria-invita-taller-deuda-emprendedoras,,GitHub weekly,workflow semanal
nic,NIC.br,Brasil,Mercosul,NIC.br,Notícia/comunicado,IA pode ser o maior instrumento de igualdade já criado ou a pior fonte de injustiça,2026-10-05,2026-10-05,https://www.nic.br/noticia/na-midia/a-inteligencia-artificial-pode-ser-o-maior-instrumento-de-igualdade-ja-criado-ou-a-pior-fonte-de-injustica,,GitHub weekly,workflow semanal
nic,NIC.br,Brasil,Mercosul,NIC.br,Notícia/comunicado,Prazo para sacar o dinheiro nas bets termina nesta segunda,2026-10-05,2026-10-05,https://www.nic.br/noticia/na-midia/prazo-para-sacar-o-dinheiro-nas-i-bets-i-termina-nesta-segunda-veja-perguntas-e-respostas,,GitHub weekly,workflow semanal
nic,NIC.br,Brasil,Mercosul,NIC.br,Notícia/comunicado,STF garante acesso sem franquia a serviços da Justiça Eleitoral e sites de checagem nas eleições de 2026,2026-10-02,2026-10-02,https://www.nic.br/noticia/na-midia/stf-garante-acesso-sem-franquia-a-servicos-da-justica-eleitoral-e-sites-de-checagem-nas-eleicoes-de-2026,,GitHub weekly,workflow semanal
nic,NIC.br,Brasil,Mercosul,NIC.br,Notícia/comunicado,Eleições 2026: como evitar fake news ?,2026-10-02,2026-10-02,https://www.nic.br/noticia/na-midia/eleicoes-2026-como-evitar-i-fake-news-i,,GitHub weekly,workflow semanal
nic,NIC.br,Brasil,Mercosul,NIC.br,Notícia/comunicado,Escola de Governança da Internet no Brasil promove formação para corpo técnico da ANPD,2026-10-02,2026-10-02,https://www.nic.br/noticia/notas/escola-de-governanca-da-internet-no-brasil-promove-formacao-para-corpo-tecnico-da-anpd,,GitHub weekly,workflow semanal
nic,NIC.br,Brasil,Mercosul,NIC.br,Notícia/comunicado,NIC.br e CGI.br abrem inscrições gratuitas para o 11º Simpósio Crianças e Adolescentes na Internet,2026-10-02,2026-10-02,https://www.nic.br/noticia/na-midia/nic-br-e-cgi-br-abrem-inscricoes-gratuitas-para-o-11-simposio-criancas-e-adolescentes-na-internet,,GitHub weekly,workflow semanal
nic,NIC.br,Brasil,Mercosul,NIC.br,Notícia/comunicado,WhatsApp amplia ferramentas de controle parental no Brasil,2026-10-01,2026-10-01,https://www.nic.br/noticia/na-midia/whatsapp-amplia-ferramentas-de-controle-parental-no-brasil,,GitHub weekly,workflow semanal
nic,NIC.br,Brasil,Mercosul,NIC.br,Notícia/comunicado,STF libera zero rating também para sites de agências parceiras de checagem da Fato ou Boato,2026-10-01,2026-10-01,https://www.nic.br/noticia/na-midia/stf-libera-i-zero-rating-i-tambem-para-i-sites-i-de-agencias-parceiras-de-checagem-da-fato-ou-boato,,GitHub weekly,workflow semanal
mercociudades,Mercociudades,Regional,Mercosul,Mercociudades,Notícia/comunicado,Deportes invita a participar de su próximo encuentro y abre llamado para presentar experiencias en Deportes y Cuidados,2026-10-01,2026-10-01,https://mercociudades.org/deportes-invita-a-participar-de-su-proximo-encuentro-y-abre-llamado-para-presentar-experiencias-en-deportes-y-cuidados,,GitHub weekly,workflow semanal
nic,NIC.br,Brasil,Mercosul,NIC.br,Notícia/comunicado,CERT.br vai lançar novos guias para proteger crianças na Internet,2026-10-01,2026-10-01,https://www.nic.br/noticia/na-midia/cert-br-vai-lancar-novos-guias-para-proteger-criancas-na-internet,,GitHub weekly,workflow semanal
mercociudades,Mercociudades,Regional,Mercosul,Mercociudades,Notícia/comunicado,Mercociudades e ICLEI invitan a la presentación de los posicionamientos hacia las COP de Biodiversidad y de Cambio Climático,2026-10-01,2026-10-01,https://mercociudades.org/mercociudades-e-iclei-invitan-a-la-presentacion-de-los-posicionamientos-hacia-las-cop-de-biodiversidad-y-de-cambio-climatico,,GitHub weekly,workflow semanal
senado_federal,Agência Senado,Brasil,Mercosul,Agência Senado,Notícia/comunicado,CCS debate audiovisual e comunicação pública na segunda-feira,2026-10-01,2026-10-01,https://www12.senado.leg.br/noticias/materias/2026/10/01/ccs-debate-audiovisual-e-comunicacao-publica-na-segunda-feira-5,,GitHub weekly,workflow semanal
senado_federal,Agência Senado,Brasil,Mercosul,Agência Senado,Notícia/comunicado,CDH faz na segunda último debate de ciclo sobre violência contra criança,2026-10-01,2026-10-01,https://www12.senado.leg.br/noticias/materias/2026/10/01/cdh-faz-na-segunda-ultimo-debate-de-ciclo-sobre-violencia-contra-crianca,,GitHub weekly,workflow semanal
nic,NIC.br,Brasil,Mercosul,NIC.br,Notícia/comunicado,NIC.br e CGI.br abrem inscrições gratuitas para o 11º Simpósio Crianças e Adolescentes na Internet,2026-09-30,2026-09-30,https://www.nic.br/noticia/releases/nic-br-e-cgi-br-abrem-inscricoes-gratuitas-para-o-11-simposio-criancas-e-adolescentes-na-internet,,GitHub weekly,workflow semanal
nic,NIC.br,Brasil,Mercosul,NIC.br,Notícia/comunicado,CGI.br quer acesso ao domínio .jus.br sem franquia como regra,2026-09-30,2026-09-30,https://www.nic.br/noticia/na-midia/cgi-br-quer-acesso-ao-dominio-jus-br-sem-franquia-como-regra,,GitHub weekly,workflow semanal
senado_federal,Agência Senado,Brasil,Mercosul,Agência Senado,Notícia/comunicado,Confira o que pode e o que não pode até o dia da votação,2026-09-30,2026-09-30,https://www12.senado.leg.br/noticias/materias/2026/09/30/confira-o-que-pode-e-o-que-nao-pode-ate-o-dia-da-votacao,,GitHub weekly,workflow semanal
senado_federal,Agência Senado,Brasil,Mercosul,Agência Senado,Notícia/comunicado,Lei fortalece seguro rural e fundo para catástrofes que atinjam a produção,2026-09-30,2026-09-30,https://www12.senado.leg.br/noticias/materias/2026/09/30/lei-fortalece-seguro-rural-e-fundo-para-catastrofes-que-atinjam-a-producao,,GitHub weekly,workflow semanal
senado_federal,Agência Senado,Brasil,Mercosul,Agência Senado,Notícia/comunicado,Renzo Braz toma posse como senador por Minas Gerais,2026-09-30,2026-09-30,https://www12.senado.leg.br/noticias/materias/2026/09/30/renzo-braz-toma-posse-como-senador-por-minas-gerais,,GitHub weekly,workflow semanal
nic,NIC.br,Brasil,Mercosul,NIC.br,Notícia/comunicado,"Planos de governos querem Estado mais digital, falta o brasileiro ter acesso a ele",2026-09-30,2026-09-30,https://www.nic.br/noticia/na-midia/planos-de-governos-querem-estado-mais-digital-falta-o-brasileiro-ter-acesso-a-ele,,GitHub weekly,workflow semanal
nic,NIC.br,Brasil,Mercosul,NIC.br,Notícia/comunicado,"Proibição das bets : governo diz que já pediu o bloqueio de mais de 5,2 mil sites e retirada de quase 200 apps de lojas",2026-09-30,2026-09-30,https://www.nic.br/noticia/na-midia/proibicao-das-i-bets-i-governo-diz-que-ja-pediu-o-bloqueio-de-mais-de-5-2-mil-i-sites-i-e-retirada-de-quase-200-i-apps-i-de-lojas,,GitHub weekly,workflow semanal
nic,NIC.br,Brasil,Mercosul,NIC.br,Notícia/comunicado,IPv6 entra em nova fase e desafia provedores a avançarem na maturidade das redes,2026-09-29,2026-09-29,https://www.nic.br/noticia/na-midia/ipv6-entra-em-nova-fase-e-desafia-provedores-a-avancarem-na-maturidade-das-redes,,GitHub weekly,workflow semanal
nic,NIC.br,Brasil,Mercosul,NIC.br,Notícia/comunicado,ANJL vai ao STF tentar impedir bloqueio de bets pela Anatel,2026-09-29,2026-09-29,https://www.nic.br/noticia/na-midia/anjl-vai-ao-stf-tentar-impedir-bloqueio-de-i-bets-i-pela-anatel,,GitHub weekly,workflow semanal
nic,NIC.br,Brasil,Mercosul,NIC.br,Notícia/comunicado,IGF Lusófono aconteceu em Angola e refletiu os desafios para a diversidade linguística da lusofonia,2026-09-29,2026-09-29,https://www.nic.br/noticia/na-midia/4-igf-lusofono-aconteceu-na-angola-e-abordou-ciberseguranca-protecao-de-dados-e-a-promocao-de-conteudos-em-lingua-portuguesa,,GitHub weekly,workflow semanal
senado_federal,Agência Senado,Brasil,Mercosul,Agência Senado,Notícia/comunicado,Lei torna futebol feminino prioridade na política de esporte,2026-09-29,2026-09-29,https://www12.senado.leg.br/noticias/materias/2026/09/29/lei-torna-futebol-feminino-prioridade-na-politica-de-esporte-1,,GitHub weekly,workflow semanal
senado_federal,Agência Senado,Brasil,Mercosul,Agência Senado,Notícia/comunicado,Sancionado repasse de loterias para Comitê Brasileiro de Clubes,2026-09-29,2026-09-29,https://www12.senado.leg.br/noticias/materias/2026/09/29/sancionado-repasse-de-loterias-para-comite-brasileiro-de-clubes,,GitHub weekly,workflow semanal
senado_federal,Agência Senado,Brasil,Mercosul,Agência Senado,Notícia/comunicado,Lei determina avaliação da qualidade de hospitais,2026-09-29,2026-09-29,https://www12.senado.leg.br/noticias/materias/2026/09/29/lei-determina-avaliacao-da-qualidade-de-hospitais,,GitHub weekly,workflow semanal
senado_federal,Agência Senado,Brasil,Mercosul,Agência Senado,Notícia/comunicado,Lei reduz CSLL de resseguradoras locais para 9% a partir de 2027,2026-09-29,2026-09-29,https://www12.senado.leg.br/noticias/materias/2026/09/29/lei-reduz-csll-de-resseguradoras-locais-para-9-a-partir-de-2027,,GitHub weekly,workflow semanal
senado_federal,Agência Senado,Brasil,Mercosul,Agência Senado,Notícia/comunicado,Eleições 2026: veja o que é fato sobre o voto para o Senado,2026-09-28,2026-09-28,https://www12.senado.leg.br/noticias/materias/2026/09/28/eleicoes-2026-veja-o-que-e-fato-sobre-o-voto-para-o-senado,,GitHub weekly,workflow semanal
nic,NIC.br,Brasil,Mercosul,NIC.br,Notícia/comunicado,Lula assina medida provisória que proíbe os sites de aposta no Brasil,2026-09-28,2026-09-28,https://www.nic.br/noticia/na-midia/lula-assina-medida-provisoria-que-proibe-os-i-sites-i-de-aposta-no-brasil,,GitHub weekly,workflow semanal
mercociudades,Mercociudades,Regional,Mercosul,Mercociudades,Notícia/comunicado,"Convocatoria a la reunión de la Unidad Temática Autonomía, Gestión y Participación",2026-09-28,2026-09-28,https://mercociudades.org/pt-br/convocatoria-a-la-reunion-de-la-unidad-tematica-autonomia-gestion-y-participacion,,GitHub weekly,workflow semanal
senado_federal,Agência Senado,Brasil,Mercosul,Agência Senado,Notícia/comunicado,Chega ao Congresso projeto que torna crime a exploração de bets,2026-09-28,2026-09-28,https://www12.senado.leg.br/noticias/materias/2026/09/28/chega-ao-congresso-projeto-que-torna-crime-a-exploracao-de-bets,,GitHub weekly,workflow semanal
senado_federal,Agência Senado,Brasil,Mercosul,Agência Senado,Notícia/comunicado,Congresso passa a ter agendamento prévio para visitação,2026-09-28,2026-09-28,https://www12.senado.leg.br/noticias/materias/2026/09/28/congresso-passa-a-ter-agendamento-previo-para-visitacao,,GitHub weekly,workflow semanal
senado_federal,Agência Senado,Brasil,Mercosul,Agência Senado,Notícia/comunicado,Desenrola Brasil 3.0 já está em vigor; veja como funciona,2026-09-28,2026-09-28,https://www12.senado.leg.br/noticias/materias/2026/09/28/desenrola-brasil-3-0-ja-esta-em-vigor-veja-como-funciona,,GitHub weekly,workflow semanal
nic,NIC.br,Brasil,Mercosul,NIC.br,Notícia/comunicado,Partido Verde e CNTE pedem que STF determine à Anatel liberação de Internet ilimitada 72 horas antes das eleições,2026-09-28,2026-09-28,https://www.nic.br/noticia/na-midia/partido-verde-e-cnte-pedem-que-stf-determine-a-anatel-liberacao-de-internet-ilimitada-72-horas-antes-das-eleicoes,,GitHub weekly,workflow semanal
nic,NIC.br,Brasil,Mercosul,NIC.br,Notícia/comunicado,Governo vai fiscalizar sites e pagamentos para combater bets clandestinas,2026-09-28,2026-09-28,https://www.nic.br/noticia/na-midia/governo-vai-fiscalizar-i-sites-i-e-pagamentos-para-combater-i-bets-i-clandestinas,,GitHub weekly,workflow semanal
senado_federal,Agência Senado,Brasil,Mercosul,Agência Senado,Notícia/comunicado,MP proíbe bets e determina encerramento das operações em 30 dias,2026-09-28,2026-09-28,https://www12.senado.leg.br/noticias/materias/2026/09/28/mp-proibe-bets-e-determina-encerramento-das-operacoes-em-30-dias,,GitHub weekly,workflow semanal
nic,NIC.br,Brasil,Mercosul,NIC.br,Notícia/comunicado,"Vídeos falsos e IA superam fake news como ameaça à democracia, alerta novo guia do CGI.br",2026-09-25,2026-09-25,https://www.nic.br/noticia/na-midia/videos-falsos-e-ia-superam-i-fake-news-i-como-ameaca-a-democracia-alerta-novo-guia-do-cgi-br,,GitHub weekly,workflow semanal
nic,NIC.br,Brasil,Mercosul,NIC.br,Notícia/comunicado,IX.br inaugura 40º Ponto de Troca de Tráfego no Amapá,2026-09-25,2026-09-25,https://www.nic.br/noticia/na-midia/ix-br-inaugura-40-ponto-de-troca-de-trafego-no-amapa,,GitHub weekly,workflow semanal
senado_federal,Agência Senado,Brasil,Mercosul,Agência Senado,Notícia/comunicado,Sessão destaca excelência do ensino da Escola Superior de Ciências da Saúde,2026-09-25,2026-09-25,https://www12.senado.leg.br/noticias/materias/2026/09/25/sessao-destaca-excelencia-do-ensino-da-escola-superior-de-ciencias-da-saude,,GitHub weekly,workflow semanal
senado_federal,Agência Senado,Brasil,Mercosul,Agência Senado,Notícia/comunicado,Editadas medidas provisórias contra bets e endividamento das famílias,2026-09-25,2026-09-25,https://www12.senado.leg.br/noticias/materias/2026/09/25/poder-executivo-anuncia-mps-contra-bets-e-endividamento-das-familias,,GitHub weekly,workflow semanal
nic,NIC.br,Brasil,Mercosul,NIC.br,Notícia/comunicado,"Deepfakes viram principal ameaça digital às eleições, diz guia",2026-09-25,2026-09-25,https://www.nic.br/noticia/na-midia/i-deepfakes-i-viram-principal-ameaca-digital-as-eleicoes-diz-guia,,GitHub weekly,workflow semanal
mercociudades,Mercociudades,Regional,Mercosul,Mercociudades,Notícia/comunicado,"Chamada para a Comunidade de Aprendizagem “Experiências, realidades, desafios e oportunidades dos Cuidados Comunitários”",2026-09-24,2026-09-24,https://mercociudades.org/pt-br/convocatoria-a-la-comunidad-de-aprendizaje-experiencias-realidades-retos-y-oportunidades-de-los-cuidados-comunitarios,,GitHub weekly,workflow semanal
nic,NIC.br,Brasil,Mercosul,NIC.br,Notícia/comunicado,IX.br chega ao Amapá e PPTs estão em todos os estados do país,2026-09-24,2026-09-24,https://www.nic.br/noticia/na-midia/ix-br-chega-ao-amapa-e-ppts-estao-em-todos-os-estados-do-pais,,GitHub weekly,workflow semanal
nic,NIC.br,Brasil,Mercosul,NIC.br,Notícia/comunicado,Avanço da IA e fake news acendem alerta sobre moderação das redes,2026-09-24,2026-09-24,https://www.nic.br/noticia/na-midia/avanco-da-ia-e-i-fake-news-i-acendem-alerta-sobre-moderacao-das-redes,,GitHub weekly,workflow semanal
nic,NIC.br,Brasil,Mercosul,NIC.br,Notícia/comunicado,IX.br inaugura no Amapá 40º Ponto de Troca de Tráfego e alcança todos os estados brasileiros,2026-09-23,2026-09-23,https://www.nic.br/noticia/releases/ix-br-inaugura-no-amapa-40-ponto-de-troca-de-trafego-e-alcanca-todos-os-estados-brasileiros,,GitHub weekly,workflow semanal
mercociudades,Mercociudades,Regional,Mercosul,Mercociudades,Notícia/comunicado,Chamada aberta: Reconhecimento de boas práticas em inovação educacional local,2026-09-23,2026-09-23,https://mercociudades.org/pt-br/convocatoria-abierta-reconocimiento-buenas-practicas-innovacion-educativa-local,,GitHub weekly,workflow semanal
nic,NIC.br,Brasil,Mercosul,NIC.br,Notícia/comunicado,CGI.br alerta para impacto de IA e algoritmos nas eleições de 2026,2026-09-23,2026-09-23,https://www.nic.br/noticia/na-midia/cgi-br-alerta-para-impacto-de-ia-e-algoritmos-nas-eleicoes-de-2026,,GitHub weekly,workflow semanal
nic,NIC.br,Brasil,Mercosul,NIC.br,Notícia/comunicado,IA e vídeos falsos superam fake news como maior ameaça à democracia,2026-09-23,2026-09-23,https://www.nic.br/noticia/na-midia/ia-e-videos-falsos-superam-i-fake-news-i-como-maior-ameaca-a-democracia,,GitHub weekly,workflow semanal
nic,NIC.br,Brasil,Mercosul,NIC.br,Notícia/comunicado,Diretrizes do CGI.br para regulação das redes sociais,2026-09-22,2026-09-22,https://www.nic.br/noticia/na-midia/diretrizes-do-cgi-br-para-regulacao-das-redes-sociais,,GitHub weekly,workflow semanal
nic,NIC.br,Brasil,Mercosul,NIC.br,Notícia/comunicado,O mito dos nativos digitais,2026-09-22,2026-09-22,https://www.nic.br/noticia/na-midia/saber-usar-o-celular-nao-e-saber-trabalhar-com-ele,,GitHub weekly,workflow semanal
nic,NIC.br,Brasil,Mercosul,NIC.br,Notícia/comunicado,"As novas gerações são, de fato, mais violentas?",2026-09-22,2026-09-22,https://www.nic.br/noticia/na-midia/as-novas-geracoes-sao-de-fato-mais-violentas,,GitHub weekly,workflow semanal
nic,NIC.br,Brasil,Mercosul,NIC.br,Notícia/comunicado,Comitê Gestor da Internet publica diretrizes para regular redes sociais,2026-09-21,2026-09-21,https://www.nic.br/noticia/na-midia/comite-gestor-da-internet-publica-diretrizes-para-regular-redes-sociais,,GitHub weekly,workflow semanal
nic,NIC.br,Brasil,Mercosul,NIC.br,Notícia/comunicado,CGI.br divulga 46 diretrizes para orientar o debate e a regulação de redes sociais no país,2026-09-21,2026-09-21,https://www.nic.br/noticia/na-midia/comite-propoe-freio-a-algoritmos-e-responsabilidade-de-plataformas,,GitHub weekly,workflow semanal
nic,NIC.br,Brasil,Mercosul,NIC.br,Notícia/comunicado,Regulação das redes sociais: regras podem variar conforme a empresa,2026-09-21,2026-09-21,https://www.nic.br/noticia/na-midia/regulacao-das-redes-sociais-regras-podem-variar-conforme-a-empresa,,GitHub weekly,workflow semanal
edpb,EDPB,União Europeia,UE,EDPB,Notícia/comunicado,EDPB harmonises fining methodology and adopts final DSA-GDPR guidelines,2026-09-21,2026-09-21,https://www.edpb.europa.eu/news/edpb-harmonises-fining-methodology-and-adopts-final-dsa-gdpr-guidelines_en,,GitHub weekly,workflow semanal
mercociudades,Mercociudades,Regional,Mercosul,Mercociudades,Notícia/comunicado,Mercocidades e ICLEI convidam as cidades a contribuírem para as posições regionais da COP17 e da COP31,2026-09-21,2026-09-21,https://mercociudades.org/pt-br/mercociudades-iclei-convocan-ciudades-contribuir-posicionamientos-regionales-rumbo-cop17-cop31,,GitHub weekly,workflow semanal
mercociudades,Mercociudades,Regional,Mercosul,Mercociudades,Notícia/comunicado,Encontro da Mercocidades na Feira Internacional de Turismo da América Latina,2026-09-21,2026-09-21,https://mercociudades.org/pt-br/encuentro-de-mercociudades-en-la-feria-internacional-de-turismo-de-america-latina-2,,GitHub weekly,workflow semanal
nic,NIC.br,Brasil,Mercosul,NIC.br,Notícia/comunicado,Comitê Gestor da Internet lança diretrizes para regulação de redes sociais,2026-09-18,2026-09-18,https://www.nic.br/noticia/na-midia/comite-gestor-da-internet-lanca-diretrizes-para-regulacao-de-redes-sociais,,GitHub weekly,workflow semanal
nic,NIC.br,Brasil,Mercosul,NIC.br,Notícia/comunicado,Fascículo gratuito do CERT.br ensina como usar a IA com segurança,2026-09-18,2026-09-18,https://www.nic.br/noticia/na-midia/fasciculo-gratuito-do-cert-br-ensina-como-usar-a-ia-com-seguranca,,GitHub weekly,workflow semanal
nic,NIC.br,Brasil,Mercosul,NIC.br,Notícia/comunicado,Comitê Gestor da Internet propõe diretrizes para regular redes sociais,2026-09-18,2026-09-18,https://www.nic.br/noticia/na-midia/comite-gestor-da-internet-propoe-diretrizes-para-regular-redes-sociais,,GitHub weekly,workflow semanal
mercociudades,Mercociudades,Regional,Mercosul,Mercociudades,Notícia/comunicado,Chamada aberta: Encontro virtual sobre deficiência e inclusão,2026-09-18,2026-09-18,https://mercociudades.org/pt-br/convocatoria-abierta-encuentro-virtual-de-discapacidad-e-inclusion,,GitHub weekly,workflow semanal
nic,NIC.br,Brasil,Mercosul,NIC.br,Notícia/comunicado,65% das crianças e adolescentes já usam IA generativa,2026-09-17,2026-09-17,https://www.nic.br/noticia/na-midia/65-das-criancas-e-adolescentes-ja-usam-ia-generativa-aulas-de-robotica-ampliam-o-contato-com-programacao,,GitHub weekly,workflow semanal
nic,NIC.br,Brasil,Mercosul,NIC.br,Notícia/comunicado,CGI.br apresenta 46 diretrizes para embasar a regulação de redes sociais no Brasil,2026-09-17,2026-09-17,https://www.nic.br/noticia/releases/cgi-br-apresenta-46-diretrizes-para-embasar-a-regulacao-de-redes-sociais-no-brasil,,GitHub weekly,workflow semanal
nic,NIC.br,Brasil,Mercosul,NIC.br,Notícia/comunicado,"No ambiente escolar, estudantes relatam 'pacto silencioso' com docentes sobre uso de IA",2026-09-17,2026-09-17,https://www.nic.br/noticia/na-midia/no-ambiente-escolar-estudantes-relatam-pacto-silencioso-com-discentes-sobre-uso-de-ia,,GitHub weekly,workflow semanal
nic,NIC.br,Brasil,Mercosul,NIC.br,Notícia/comunicado,CGI.br propõe responsabilização gradual de redes sociais por conteúdo de terceiros,2026-09-17,2026-09-17,https://www.nic.br/noticia/na-midia/cgi-br-propoe-responsabilizacao-gradual-de-redes-sociais-por-conteudo-de-terceiros,,GitHub weekly,workflow semanal
nic,NIC.br,Brasil,Mercosul,NIC.br,Notícia/comunicado,IA chega à sala de aula e muda a forma de ensinar e aprender; veja dilemas de escolas e alunos,2026-09-16,2026-09-16,https://www.nic.br/noticia/na-midia/ia-chega-a-sala-de-aula-e-muda-a-forma-de-ensinar-e-aprender-veja-dilemas-de-escolas-e-alunos,,GitHub weekly,workflow semanal
nic,NIC.br,Brasil,Mercosul,NIC.br,Notícia/comunicado,IA nas escolas: a tecnologia pode aumentar as desigualdades?,2026-09-16,2026-09-16,https://www.nic.br/noticia/na-midia/ia-nas-escolas-a-tecnologia-pode-aumentar-as-desigualdades,,GitHub weekly,workflow semanal
mercociudades,Mercociudades,Regional,Mercosul,Mercociudades,Notícia/comunicado,Unidade Temática de Educação lançará chamada de propostas sobre inovação educacional local,2026-09-16,2026-09-16,https://mercociudades.org/pt-br/unidad-tematica-educacion-presentara-convocatoria-innovacion-educativa-local,,GitHub weekly,workflow semanal
nic,NIC.br,Brasil,Mercosul,NIC.br,Notícia/comunicado,Série “Eleições”: do algoritmo ao santinho eleitoral,2026-09-16,2026-09-16,https://www.nic.br/noticia/na-midia/serie-eleicoes-do-algoritmo-ao-santinho-eleitoral,,GitHub weekly,workflow semanal
nic,NIC.br,Brasil,Mercosul,NIC.br,Notícia/comunicado,Presidente e CEO da ICANN visita instalações do NIC.br em São Paulo,2026-09-16,2026-09-16,https://www.nic.br/noticia/notas/presidente-e-ceo-da-icann-visita-instalacoes-do-nic-br-em-sao-paulo,,GitHub weekly,workflow semanal
nic,NIC.br,Brasil,Mercosul,NIC.br,Notícia/comunicado,Abrint leva aos presidenciáveis agenda para conectividade e economia digital,2026-09-15,2026-09-15,https://www.nic.br/noticia/na-midia/abrint-leva-aos-presidenciaveis-agenda-para-conectividade-e-economia-digital,,GitHub weekly,workflow semanal
nic,NIC.br,Brasil,Mercosul,NIC.br,Notícia/comunicado,O uso de inteligência artificial e a inclusão digital,2026-09-15,2026-09-15,https://www.nic.br/noticia/na-midia/a-ia-tem-cep,,GitHub weekly,workflow semanal
nic,NIC.br,Brasil,Mercosul,NIC.br,Notícia/comunicado,Fantástico destaca dados inéditos da pesquisa TIC Educação 2025,2026-09-14,2026-09-14,https://www.nic.br/noticia/na-midia/fantastico,,GitHub weekly,workflow semanal
nic,NIC.br,Brasil,Mercosul,NIC.br,Notícia/comunicado,Ceptro.br|NIC.br promove 13ª edição online da Semana de Capacitação,2026-09-14,2026-09-14,https://www.nic.br/noticia/na-midia/ceptro-br-nic-br-promove-13-edicao-i-online-i-da-semana-de-capacitacao,,GitHub weekly,workflow semanal
nic,NIC.br,Brasil,Mercosul,NIC.br,Notícia/comunicado,Aprender Conectado chega à marca de 30 mil escolas; legado é principal preocupação,2026-09-14,2026-09-14,https://www.nic.br/noticia/na-midia/aprender-conectado-chega-a-marca-de-30-mil-escolas-legado-e-principal-preocupacao,,GitHub weekly,workflow semanal
nic,NIC.br,Brasil,Mercosul,NIC.br,Notícia/comunicado,Redata vai à sanção e destrava obras de data centers,2026-09-14,2026-09-14,https://www.nic.br/noticia/na-midia/redata-vai-a-sancao-e-destrava-obras-de-i-data-centers-i,,GitHub weekly,workflow semanal
mercociudades,Mercociudades,Regional,Mercosul,Mercociudades,Notícia/comunicado,Mercocidades e ICLEI promovem diálogo regional rumo à COP17 e à COP31,2026-09-14,2026-09-14,https://mercociudades.org/pt-br/mercociudades-iclei-convocan-dialogo-regional-rumbo-cop17-biodiversidad,,GitHub weekly,workflow semanal
mercociudades,Mercociudades,Regional,Mercosul,Mercociudades,Notícia/comunicado,Escola de Resiliência da Mercocidades chega ao fim em Juiz de Fora,2026-09-11,2026-09-11,https://mercociudades.org/pt-br/finaliza-la-escuela-de-resiliencia-de-mercociudades-en-juiz-de-fora,,GitHub weekly,workflow semanal
nic,NIC.br,Brasil,Mercosul,NIC.br,Notícia/comunicado,Crianças e adolescentes já têm contato com jogos de apostas,2026-09-11,2026-09-11,https://www.nic.br/noticia/na-midia/criancas-e-adolescentes-ja-tem-contato-com-jogos-de-apostas,,GitHub weekly,workflow semanal
nic,NIC.br,Brasil,Mercosul,NIC.br,Notícia/comunicado,IA acelera mudança na forma como empresas desenvolvem seus profissionais,2026-09-11,2026-09-11,https://www.nic.br/noticia/na-midia/ia-acelera-mudanca-na-forma-como-empresas-desenvolvem-seus-profissionais,,GitHub weekly,workflow semanal
nic,NIC.br,Brasil,Mercosul,NIC.br,Notícia/comunicado,O lado negligenciado no uso de IA no setor público,2026-09-11,2026-09-11,https://www.nic.br/noticia/na-midia/o-lado-negligenciado-no-uso-de-ia-no-setor-publico,,GitHub weekly,workflow semanal
nic,NIC.br,Brasil,Mercosul,NIC.br,Notícia/comunicado,3º Encontro da Rede Conexão Povos da Floresta reúne comunidades e define novos compromissos para os territórios,2026-09-10,2026-09-10,https://www.nic.br/noticia/na-midia/3-encontro-da-rede-conexao-povos-da-floresta-reune-comunidades-e-define-novos-compromissos-para-os-territorios,,GitHub weekly,workflow semanal
nic,NIC.br,Brasil,Mercosul,NIC.br,Notícia/comunicado,"Brasileiros revelam vidas pessoais à IA, mas temem uso de dados",2026-09-10,2026-09-10,https://www.nic.br/noticia/na-midia/brasileiros-revelam-vidas-pessoais-a-ia-mas-temem-uso-de-dados,,GitHub weekly,workflow semanal
nic,NIC.br,Brasil,Mercosul,NIC.br,Notícia/comunicado,Edital de 6 GHz: Anatel explica as inovações da proposta,2026-09-10,2026-09-10,https://www.nic.br/noticia/na-midia/edital-de-6-ghz-conselheiro-da-anatel-explica-as-inovacoes-da-proposta,,GitHub weekly,workflow semanal
nic,NIC.br,Brasil,Mercosul,NIC.br,Notícia/comunicado,Desafios éticos da inteligência artificial: da técnica ao juízo,2026-09-09,2026-09-09,https://www.nic.br/noticia/na-midia/desafios-eticos-da-inteligencia-artificial-da-tecnica-ao-juizo,,GitHub weekly,workflow semanal
nic,NIC.br,Brasil,Mercosul,NIC.br,Notícia/comunicado,A tecnologia chega cada vez mais cedo à infância,2026-09-09,2026-09-09,https://www.nic.br/noticia/na-midia/a-tecnologia-chega-cada-vez-mais-cedo-a-infancia,,GitHub weekly,workflow semanal
mercociudades,Mercociudades,Regional,Mercosul,Mercociudades,Notícia/comunicado,Encontro Virtual da UT de Infâncias: “Cidades que Cuidam das Infâncias”,2026-09-09,2026-09-09,https://mercociudades.org/pt-br/encuentro-virtual-de-la-ut-de-infancias-ciudades-que-cuidan-de-las-infancias,,GitHub weekly,workflow semanal
nic,NIC.br,Brasil,Mercosul,NIC.br,Notícia/comunicado,Golpes na Internet: quase um terço dos usuários relata tentativas de fraude,2026-09-08,2026-09-08,https://www.nic.br/noticia/na-midia/golpes-na-internet-quase-um-terco-dos-usuarios-relata-tentativas-de-fraude,,GitHub weekly,workflow semanal
mercociudades,Mercociudades,Regional,Mercosul,Mercociudades,Notícia/comunicado,O Grupo de Esportes da Mercocidades realizará um debate sobre esporte e cuidado,2026-09-08,2026-09-08,https://mercociudades.org/pt-br/deportes-mercociudades-desarrollara-conversatorio-deporte-cuidados,,GitHub weekly,workflow semanal
nic,NIC.br,Brasil,Mercosul,NIC.br,Notícia/comunicado,IA fica entre o risco ambiental e a urgência de respostas,2026-09-08,2026-09-08,https://www.nic.br/noticia/na-midia/ia-fica-entre-o-risco-ambiental-e-a-urgencia-de-respostas,,GitHub weekly,workflow semanal
nic,NIC.br,Brasil,Mercosul,NIC.br,Notícia/comunicado,"Apenas 10% dos jovens adotam postura ativa para checar informações na Internet, diz pesquisa",2026-09-08,2026-09-08,https://www.nic.br/noticia/na-midia/so-10-dos-jovens-checam-informacoes-que-veem-na-internet-diz-pesquisa,,GitHub weekly,workflow semanal
mercociudades,Mercociudades,Regional,Mercosul,Mercociudades,Notícia/comunicado,Chamada aberta: Encontro da Unidade Temática da Juventude “Cidades que Cuidam”,2026-09-07,2026-09-07,https://mercociudades.org/pt-br/convocatoria-abierta-encuentro-de-la-unidad-tematica-de-juventudes-ciudades-que-cuidan,,GitHub weekly,workflow semanal
nic,NIC.br,Brasil,Mercosul,NIC.br,Notícia/comunicado,"CERT.br alerta para riscos no uso de IA e orienta sobre privacidade, fraudes e segurança",2026-09-04,2026-09-04,https://www.nic.br/noticia/na-midia/cert-br-alerta-para-riscos-no-uso-de-ia-e-orienta-sobre-privacidade-fraudes-e-seguranca,,GitHub weekly,workflow semanal
mercociudades,Mercociudades,Regional,Mercosul,Mercociudades,Notícia/comunicado,Juiz de Fora sediará a 9ª edição da Escola de Resiliência,2026-09-04,2026-09-04,https://mercociudades.org/pt-br/juiz-de-fora-sera-sede-9a-edicion-escuela-resiliencia,,GitHub weekly,workflow semanal
nic,NIC.br,Brasil,Mercosul,NIC.br,Notícia/comunicado,"Cristine Hoepers, gerente do CERT.br, fala sobre phishing em painel na Febraban Tech 2026",2026-09-04,2026-09-04,https://www.nic.br/noticia/na-midia/cristine-hoepers-gerente-geral-do-cert-br-fala-sobre-i-phishing-i-em-painel-na-febraban-tech-2026,,GitHub weekly,workflow semanal
mercociudades,Mercociudades,Regional,Mercosul,Mercociudades,Notícia/comunicado,8 de setembro / Encontro de Cultura da Mercocidades,2026-09-04,2026-09-04,https://mercociudades.org/pt-br/8-de-septiembre-reunion-de-cultura-de-mercociudades,,GitHub weekly,workflow semanal
nic,NIC.br,Brasil,Mercosul,NIC.br,Notícia/comunicado,Como escolas estão repensando o uso da tecnologia na educação,2026-09-04,2026-09-04,https://www.nic.br/noticia/na-midia/como-escolas-estao-repensando-o-uso-da-tecnologia-na-educacao,,GitHub weekly,workflow semanal
mercociudades,Mercociudades,Regional,Mercosul,Mercociudades,Notícia/comunicado,Chamada: Mercocidades e OIM lançam laboratório de inovação para fortalecer a governança migratória local na América Latina,2026-09-03,2026-09-03,https://mercociudades.org/pt-br/mercociudades-oim-lanzan-laboratorio-innovacion-fortalecer-gobernanza-migratoria-local-america-latina,,GitHub weekly,workflow semanal
nic,NIC.br,Brasil,Mercosul,NIC.br,Notícia/comunicado,Mais da metade dos brasileiros usa IA para falar sobre emoções,2026-09-03,2026-09-03,https://www.nic.br/noticia/na-midia/mais-da-metade-dos-brasileiros-usa-ia-para-falar-sobre-emocoes,,GitHub weekly,workflow semanal
nic,NIC.br,Brasil,Mercosul,NIC.br,Notícia/comunicado,"Mensagens e ligações fraudulentas já atingiram 45 milhões de brasileiros, aponta Cetic.br",2026-09-03,2026-09-03,https://www.nic.br/noticia/na-midia/mensagens-e-ligacoes-fraudulentas-ja-atingiram-45-milhoes-de-brasileiros-aponta-cetic-br,,GitHub weekly,workflow semanal
nic,NIC.br,Brasil,Mercosul,NIC.br,Notícia/comunicado,Vai usar IA? Novo fascículo do CERT.br dá dicas de como tirar proveito da tecnologia de forma segura e responsável,2026-09-03,2026-09-03,https://www.nic.br/noticia/releases/vai-usar-ia-novo-fasciculo-do-cert-br-da-dicas-de-como-tirar-proveito-da-tecnologia-de-forma-segura-e-responsavel,,GitHub weekly,workflow semanal
nic,NIC.br,Brasil,Mercosul,NIC.br,Notícia/comunicado,Golpes com dados pessoais atingem 45 milhões de brasileiros,2026-09-02,2026-09-02,https://www.nic.br/noticia/na-midia/golpes-com-dados-pessoais-atingem-45-milhoes-de-brasileiros,,GitHub weekly,workflow semanal
nic,NIC.br,Brasil,Mercosul,NIC.br,Notícia/comunicado,"Fábio Senne, coordenador do Cetic.br, participa de podcast Futuramente, na CBN",2026-09-02,2026-09-02,https://www.nic.br/noticia/na-midia/fabio-senne-coordenador-do-cetic-br-participa-de-i-podcast-i-sobre-algoritmos-e-desinformacao,,GitHub weekly,workflow semanal
nic,NIC.br,Brasil,Mercosul,NIC.br,Notícia/comunicado,Um em cada três usuários de Internet no Brasil relatou sofrer tentativa de golpe com uso de seus dados pessoais,2026-09-02,2026-09-02,https://www.nic.br/noticia/na-midia/um-em-cada-tres-usuarios-de-internet-no-brasil-relatou-sofrer-tentativa-de-golpe-com-uso-de-seus-dados-pessoais-aponta-cetic-br,,GitHub weekly,workflow semanal
mercociudades,Mercociudades,Regional,Mercosul,Mercociudades,Notícia/comunicado,Inscrições abertas: Encontro sobre ordenamento territorial e planejamento urbano,2026-09-02,2026-09-02,https://mercociudades.org/pt-br/inscripciones-abiertas-encuentro-sobre-ordenamiento-territorial-y-planificacion-urbana,,GitHub weekly,workflow semanal
nic,NIC.br,Brasil,Mercosul,NIC.br,Notícia/comunicado,"Tentativas de golpes por meios como mensagens ou ligações afetam 45 milhões no Brasil, aponta Cetic.br",2026-09-01,2026-09-01,https://www.nic.br/noticia/na-midia/tentativas-de-golpes-por-meios-como-mensagens-ou-ligacoes-afetam-45-milhoes-no-brasil-aponta-cetic-br,,GitHub weekly,workflow semanal
mercociudades,Mercociudades,Regional,Mercosul,Mercociudades,Notícia/comunicado,Chamada para as “mercocidades”: IX Encontro da Rede Argentina de Cidades Educadoras,2026-09-01,2026-09-01,https://mercociudades.org/pt-br/convocatoria-a-las-mercociudades-ix-encuentro-de-la-red-argentina-de-ciudades-educadoras,,GitHub weekly,workflow semanal
nic,NIC.br,Brasil,Mercosul,NIC.br,Notícia/comunicado,Quase um terço dos usuários de internet relatam tentativas de golpe,2026-09-01,2026-09-01,https://www.nic.br/noticia/na-midia/quase-um-terco-dos-usuarios-de-internet-relatam-tentativas-de-golpe,,GitHub weekly,workflow semanal
nic,NIC.br,Brasil,Mercosul,NIC.br,Notícia/comunicado,"Brasileiros compartilham emoções com IA, aponta pesquisa do Cetic.br",2026-09-01,2026-09-01,https://www.nic.br/noticia/na-midia/brasileiros-compartilham-emocoes-e-dados-de-saude-com-ia-aponta-pesquisa-do-cetic-br,,GitHub weekly,workflow semanal
mercociudades,Mercociudades,Regional,Mercosul,Mercociudades,Notícia/comunicado,Mercocidades contribui para o diálogo regional sobre governança e desenvolvimento na América Latina e no Caribe,2026-09-01,2026-09-01,https://mercociudades.org/pt-br/mercociudades-contribuye-al-dialogo-regional-sobre-gobernanza-y-desarrollo-en-america-latina-y-el-caribe,,GitHub weekly,workflow semanal
mercociudades,Mercociudades,Regional,Mercosul,Mercociudades,Notícia/comunicado,"Inscrições abertas para a oficina “Liderar sem limites: mulheres, IA e novos desafios para os governos locais”",2026-09-01,2026-09-01,https://mercociudades.org/pt-br/inscripciones-abiertas-taller-liderar-sin-limites-mujeres-ia-nuevos-desafios-gobiernos-locales,,GitHub weekly,workflow semanal
mercociudades,Mercociudades,Regional,Mercosul,Mercociudades,Notícia/comunicado,Mercocidades e ICLEI apresentam o posicionamento regional de Governos Locais na COP17 sobre Desertificação,2026-08-31,2026-08-31,https://mercociudades.org/pt-br/mercociudades-iclei-presentan-posicionamiento-regional-gobiernos-locales-cop17-desertificacion,,GitHub weekly,workflow semanal
nic,NIC.br,Brasil,Mercosul,NIC.br,Notícia/comunicado,"Um em cada três usuários de Internet no Brasil relatou sofrer tentativa de golpe com uso de seus dados pessoais, aponta Cetic.br",2026-08-31,2026-08-31,https://www.nic.br/noticia/releases/um-em-cada-tres-usuarios-de-internet-no-brasil-relatou-sofrer-tentativa-de-golpe-com-uso-de-seus-dados-pessoais-aponta-cetic-br,,GitHub weekly,workflow semanal
mercociudades,Mercociudades,Regional,Mercosul,Mercociudades,Notícia/comunicado,Unidade Temática de Cultura: Dois dias de trabalho diagnóstico participativo definiram as bases do Inventário Ibero-Americano de Normativas Locais,2026-08-31,2026-08-31,https://mercociudades.org/pt-br/unidad-tematica-cultura-dos-jornadas-diagnostico-participativo-definieron-bases-inventario-iberoamericano-normatividades-locales,,GitHub weekly,workflow semanal
nic,NIC.br,Brasil,Mercosul,NIC.br,Notícia/comunicado,ECA Digital muda mercado de jogos eletrônicos no Brasil com novas regras de segurança infantil e proibição de loot boxes,2026-08-31,2026-08-31,https://www.nic.br/noticia/na-midia/eca-digital-muda-mercado-de-jogos-eletronicos-no-brasil-com-novas-regras-de-seguranca-infantil-e-proibicao-de-i-loot-boxes-i,,GitHub weekly,workflow semanal
mercociudades,Mercociudades,Regional,Mercosul,Mercociudades,Notícia/comunicado,"Dia Internacional das Vítimas de Desaparecimentos Forçados / Compromisso com a verdade, a justiça e a reparação para todas as vítimas e suas famílias",2026-08-31,2026-08-31,https://mercociudades.org/pt-br/dia-internacional-del-detenido-desaparecido-compromiso-con-la-verdad-la-justicia-y-la-reparacion-para-todas-las-victimas-y-sus-familias,,GitHub weekly,workflow semanal
nic,NIC.br,Brasil,Mercosul,NIC.br,Notícia/comunicado,TSE lança ferramenta com orientação de plataformas digitais para eleições,2026-08-31,2026-08-31,https://www.nic.br/noticia/na-midia/tse-lanca-ferramenta-com-orientacao-de-plataformas-digitais-para-eleicoes,,GitHub weekly,workflow semanal
nic,NIC.br,Brasil,Mercosul,NIC.br,Notícia/comunicado,Fraude migra dos sistemas para o comportamento do cliente,2026-08-31,2026-08-31,https://www.nic.br/noticia/na-midia/fraude-migra-dos-sistemas-para-o-comportamento-do-cliente,,GitHub weekly,workflow semanal
nic,NIC.br,Brasil,Mercosul,NIC.br,Notícia/comunicado,"3º Seminário do OBIA traz debates sobre sustentabilidade, governança e estado da IA no Brasil",2026-08-28,2026-08-28,https://www.nic.br/noticia/releases/3-seminario-do-obia-traz-debates-sobre-sustentabilidade-governanca-e-estado-da-ia-no-brasil,,GitHub weekly,workflow semanal
nic,NIC.br,Brasil,Mercosul,NIC.br,Notícia/comunicado,ANPD amplia pressão por proteção de dados,2026-08-28,2026-08-28,https://www.nic.br/noticia/na-midia/anpd-amplia-pressao-por-protecao-de-dados,,GitHub weekly,workflow semanal
nic,NIC.br,Brasil,Mercosul,NIC.br,Notícia/comunicado,17º Seminário de Proteção de Dados debate os desafios da implementação do ECA Digital e o impacto da IA nas eleições,2026-08-28,2026-08-28,https://www.nic.br/noticia/releases/17-seminario-de-protecao-de-dados-debate-os-desafios-da-implementacao-do-eca-digital-e-o-impacto-da-ia-nas-eleicoes,,GitHub weekly,workflow semanal
nic,NIC.br,Brasil,Mercosul,NIC.br,Notícia/comunicado,"A IA foi um sucesso, mas o time voltou para a planilha",2026-08-28,2026-08-28,https://www.nic.br/noticia/na-midia/a-ia-foi-um-sucesso-mas-o-time-voltou-para-a-planilha,,GitHub weekly,workflow semanal
nic,NIC.br,Brasil,Mercosul,NIC.br,Notícia/comunicado,O Brasil no centro da revolução global da inteligência artificial,2026-08-28,2026-08-28,https://www.nic.br/noticia/na-midia/o-brasil-no-centro-da-revolucao-global-da-inteligencia-artificial,,GitHub weekly,workflow semanal
nic,NIC.br,Brasil,Mercosul,NIC.br,Notícia/comunicado,Catorze anos de debates: como a pauta de inclusão digital caminhou durante o FIB entre 2013 e 2026,2026-08-27,2026-08-27,https://www.nic.br/noticia/na-midia/catorze-anos-de-debates-como-a-pauta-de-inclusao-digital-caminhou-durante-o-fib-entre-2013-e-2026,,GitHub weekly,workflow semanal
nic,NIC.br,Brasil,Mercosul,NIC.br,Notícia/comunicado,A economia digital e a sociedade hiperconectada,2026-08-27,2026-08-27,https://www.nic.br/noticia/na-midia/a-economia-digital-e-a-sociedade-hiperconectada,,GitHub weekly,workflow semanal
nic,NIC.br,Brasil,Mercosul,NIC.br,Notícia/comunicado,Aprender Conectado abre edital para levar Internet a novas 5.734 escolas,2026-08-27,2026-08-27,https://www.nic.br/noticia/na-midia/aprender-conectado-abre-edital-para-levar-internet-a-novas-5-734-escolas,,GitHub weekly,workflow semanal
mercociudades,Mercociudades,Regional,Mercosul,Mercociudades,Notícia/comunicado,Mercocidades adere à Aliança Global de Cuidados,2026-08-27,2026-08-27,https://mercociudades.org/pt-br/mercociudades-se-suma-a-la-alianza-global-por-los-cuidados,,GitHub weekly,workflow semanal
nic,NIC.br,Brasil,Mercosul,NIC.br,Notícia/comunicado,"Statement of Condolence: Bertrand de La Chapelle, Pioneer in the Implementation of Multistakeholder Governance Processes",2026-08-26,2026-08-26,https://www.nic.br/noticia/notas/statement-of-condolence-bertrand-de-la-chapelle-pioneer-in-the-implementation-of-multistakeholder-governance-processes,,GitHub weekly,workflow semanal
mercociudades,Mercociudades,Regional,Mercosul,Mercociudades,Notícia/comunicado,San José sediou a 20ª Capacitação da Mercocidades em formulação de projetos,2026-08-26,2026-08-26,https://mercociudades.org/pt-br/san-jose-recibio-a-la-20a-capacitacion-de-mercociudades-en-formulacion-de-proyectos,,GitHub weekly,workflow semanal
nic,NIC.br,Brasil,Mercosul,NIC.br,Notícia/comunicado,"Sem lei federal, escolas criam as próprias regras para uso de inteligência artificial",2026-08-26,2026-08-26,https://www.nic.br/noticia/na-midia/sem-lei-federal-escolas-criam-regra-propria-para-ia-na-aprendizagem,,GitHub weekly,workflow semanal
nic,NIC.br,Brasil,Mercosul,NIC.br,Notícia/comunicado,Resolução que regula uso de IA na medicina entra em vigor,2026-08-26,2026-08-26,https://www.nic.br/noticia/na-midia/resolucao-que-regula-uso-de-ia-na-medicina-entra-em-vigor,,GitHub weekly,workflow semanal
nic,NIC.br,Brasil,Mercosul,NIC.br,Notícia/comunicado,O eleitor entre o real e o fabricado,2026-08-26,2026-08-26,https://www.nic.br/noticia/na-midia/o-eleitor-entre-o-real-e-o-fabricado,,GitHub weekly,workflow semanal
nic,NIC.br,Brasil,Mercosul,NIC.br,Notícia/comunicado,"Nota de pesar: Bertrand de La Chapelle, pioneiro na implementação de processos de governança multissetoriais",2026-08-26,2026-08-26,https://www.nic.br/noticia/notas/nota-de-pesar-bertrand-de-la-chapelle-pioneiro-na-implementacao-de-processos-de-governanca-multissetoriais,,GitHub weekly,workflow semanal
nic,NIC.br,Brasil,Mercosul,NIC.br,Notícia/comunicado,"Jovens encontram respostas online , mas poucos checam as fontes",2026-08-25,2026-08-25,https://www.nic.br/noticia/na-midia/jovens-encontram-respostas-i-online-i-mas-poucos-checam-as-fontes,,GitHub weekly,workflow semanal
nic,NIC.br,Brasil,Mercosul,NIC.br,Notícia/comunicado,EGI abre inscrições para quinta edição de curso EaD gratuito,2026-08-25,2026-08-25,https://www.nic.br/noticia/na-midia/escola-governanca-da-internet-no-brasil-do-cgi-br-abre-inscricoes-para-5-edicao-de-curso-ead-gratuito,,GitHub weekly,workflow semanal
nic,NIC.br,Brasil,Mercosul,NIC.br,Notícia/comunicado,"Cooperação de entidades é essencial no combate ao crime na Internet, diz superintendente da Anatel",2026-08-25,2026-08-25,https://www.nic.br/noticia/na-midia/cooperacao-de-entidades-e-essencial-no-combate-ao-crime-na-internet-diz-superintendente-da-anatel,,GitHub weekly,workflow semanal
nic,NIC.br,Brasil,Mercosul,NIC.br,Notícia/comunicado,Seminários discutem privacidade e inteligência artificial,2026-08-24,2026-08-24,https://www.nic.br/noticia/na-midia/seminarios-discutem-privacidade-e-inteligencia-artificial,,GitHub weekly,workflow semanal
nic,NIC.br,Brasil,Mercosul,NIC.br,Notícia/comunicado,A tecnologia e a saúde mental de crianças e adolescentes,2026-08-24,2026-08-24,https://www.nic.br/noticia/na-midia/a-tecnologia-e-a-saude-mental-de-criancas-e-adolescentes,,GitHub weekly,workflow semanal
nic,NIC.br,Brasil,Mercosul,NIC.br,Notícia/comunicado,IA muda o papel da escola e desafia educadores,2026-08-24,2026-08-24,https://www.nic.br/noticia/na-midia/ia-muda-o-papel-da-escola-e-desafia-educadores,,GitHub weekly,workflow semanal
nic,NIC.br,Brasil,Mercosul,NIC.br,Notícia/comunicado,Inscrições abertas para 17º Seminário de Proteção à Privacidade e para o 3º Seminário do OBIA,2026-08-21,2026-08-21,https://www.nic.br/noticia/na-midia/inscricoes-abertas-para-17-seminario-de-protecao-a-privacidade-e-para-o-3-seminario-do-obia,,GitHub weekly,workflow semanal
nic,NIC.br,Brasil,Mercosul,NIC.br,Notícia/comunicado,Caso Meta e Discord: quem deve responder pelos efeitos das redes em crianças e adolescentes?,2026-08-21,2026-08-21,https://www.nic.br/noticia/na-midia/caso-meta-e-discord-quem-deve-responder-pelos-efeitos-das-redes-em-criancas-e-adolescentes,,GitHub weekly,workflow semanal
nic,NIC.br,Brasil,Mercosul,NIC.br,Notícia/comunicado,"Cyberbullying , IA e os novos riscos para crianças e adolescentes",2026-08-21,2026-08-21,https://www.nic.br/noticia/na-midia/i-cyberbullying-i-ia-e-os-novos-riscos-para-criancas-e-adolescentes,,GitHub weekly,workflow semanal
nic,NIC.br,Brasil,Mercosul,NIC.br,Notícia/comunicado,ChatGPT para adolescentes: OpenAI lança versão com mais segurança,2026-08-20,2026-08-20,https://www.nic.br/noticia/na-midia/chatgpt-para-adolescentes-openai-lanca-versao-com-mais-seguranca,,GitHub weekly,workflow semanal
mercociudades,Mercociudades,Regional,Mercosul,Mercociudades,Notícia/comunicado,Oportunidade de treinamento em financiamento climático para governos subnacionais,2026-08-20,2026-08-20,https://mercociudades.org/pt-br/oportunidad-capacitacion-finanzas-climaticas-gobiernos-subnacionales,,GitHub weekly,workflow semanal
nic,NIC.br,Brasil,Mercosul,NIC.br,Notícia/comunicado,"Carlos Afonso (C.A.) inaugura o Diálogos EGI, novo projeto de memória da governança da Internet",2026-08-20,2026-08-20,https://www.nic.br/noticia/na-midia/carlos-afonso-c-a-inaugura-o-dialogos-egi-novo-projeto-de-memoria-da-governanca-da-internet,,GitHub weekly,workflow semanal
nic,NIC.br,Brasil,Mercosul,NIC.br,Notícia/comunicado,17º Seminário de Proteção à Privacidade e aos Dados Pessoais reúne especialistas em São Paulo,2026-08-20,2026-08-20,https://www.nic.br/noticia/na-midia/17-seminario-de-protecao-a-privacidade-e-aos-dados-pessoais-reune-especialistas-em-sao-paulo,,GitHub weekly,workflow semanal
nic,NIC.br,Brasil,Mercosul,NIC.br,Notícia/comunicado,Escola de Governança da Internet no Brasil do CGI.br abre inscrições para 5ª edição de curso EaD gratuito,2026-08-20,2026-08-20,https://www.nic.br/noticia/releases/escola-de-governanca-da-internet-no-brasil-do-cgi-br-abre-inscricoes-para-5-edicao-de-curso-ead-gratuito,,GitHub weekly,workflow semanal
nic,NIC.br,Brasil,Mercosul,NIC.br,Notícia/comunicado,ECA digital: o que muda na lei para influenciadores mirins?,2026-08-19,2026-08-19,https://www.nic.br/noticia/na-midia/eca-digital-o-que-muda-na-lei-para-influenciadores-mirins,,GitHub weekly,workflow semanal
nic,NIC.br,Brasil,Mercosul,NIC.br,Notícia/comunicado,Chatbots viraram a nova enciclopédia dos filhos; qual é o papel dos pais e responsáveis na era digital?,2026-08-19,2026-08-19,https://www.nic.br/noticia/na-midia/tiktok-e-chatgpt-viraram-a-nova-enciclopedia-dos-filhos-qual-e-o-papel-dos-pais-na-era-digital,,GitHub weekly,workflow semanal
nic,NIC.br,Brasil,Mercosul,NIC.br,Notícia/comunicado,A IA chegou às empresas antes da transformação,2026-08-19,2026-08-19,https://www.nic.br/noticia/na-midia/a-ia-chegou-as-empresas-antes-da-transformacao,,GitHub weekly,workflow semanal
nic,NIC.br,Brasil,Mercosul,NIC.br,Notícia/comunicado,CGI.br e NIC.br abrem inscrições para 17º Seminário de Proteção à Privacidade e para o 3º Seminário do OBIA,2026-08-19,2026-08-19,https://www.nic.br/noticia/releases/cgi-br-e-nic-br-abrem-inscricoes-para-17-seminario-de-protecao-a-privacidade-e-para-o-3-seminario-do-obia,,GitHub weekly,workflow semanal
nic,NIC.br,Brasil,Mercosul,NIC.br,Notícia/comunicado,Discord acata decisão da ANPD e suspende lives no Brasil,2026-08-18,2026-08-18,https://www.nic.br/noticia/na-midia/discord-acata-decisao-da-anpd-e-suspende-i-lives-i-no-brasil,,GitHub weekly,workflow semanal
nic,NIC.br,Brasil,Mercosul,NIC.br,Notícia/comunicado,Novos decretos ampliam proteção às mulheres na Internet,2026-08-18,2026-08-18,https://www.nic.br/noticia/na-midia/novos-decretos-ampliam-protecao-as-mulheres-na-internet,,GitHub weekly,workflow semanal
nic,NIC.br,Brasil,Mercosul,NIC.br,Notícia/comunicado,Regulação das redes sociais deveria ser implementada ou não?,2026-08-18,2026-08-18,https://www.nic.br/noticia/na-midia/regulacao-das-redes-sociais-deveria-ser-implementada-ou-nao,,GitHub weekly,workflow semanal
nic,NIC.br,Brasil,Mercosul,NIC.br,Notícia/comunicado,Big techs: STF julga últimos recursos sobre responsabilidade,2026-08-17,2026-08-17,https://www.nic.br/noticia/na-midia/big-techs-stf-julga-ultimos-recursos-sobre-responsabilidade,,GitHub weekly,workflow semanal
nic,NIC.br,Brasil,Mercosul,NIC.br,Notícia/comunicado,"Na era da IA, inclusão digital deve ser crítica, defende coordenadora da TIC Educação",2026-08-17,2026-08-17,https://www.nic.br/noticia/na-midia/na-era-da-ia-inclusao-digital-deve-ser-critica-defende-educadora,,GitHub weekly,workflow semanal
nic,NIC.br,Brasil,Mercosul,NIC.br,Notícia/comunicado,Crise no Discord: é hora de banir crianças e jovens das redes sociais?,2026-08-17,2026-08-17,https://www.nic.br/noticia/na-midia/crise-no-discord-e-hora-de-banir-criancas-e-jovens-das-redes-sociais,,GitHub weekly,workflow semanal
mercociudades,Mercociudades,Regional,Mercosul,Mercociudades,Notícia/comunicado,Chamada aberta para integrar o Boletim de Igualdade de Gênero de 2026,2026-08-17,2026-08-17,https://mercociudades.org/pt-br/convocatoria-abierta-boletin-equidad-genero-politicas-cuidados,,GitHub weekly,workflow semanal
mercociudades,Mercociudades,Regional,Mercosul,Mercociudades,Notícia/comunicado,"A Mercocidades reafirma seu compromisso com o Cuidado, a Justiça Social e Ambiental e defende o financiamento acessível e justo para enfrentar esses desafios na América Latina",2026-08-14,2026-08-14,https://mercociudades.org/pt-br/declaracion-consejo-quilmes,,GitHub weekly,workflow semanal
nic,NIC.br,Brasil,Mercosul,NIC.br,Notícia/comunicado,UnB realiza seminário para debater desafios contemporâneos,2026-08-14,2026-08-14,https://www.nic.br/noticia/na-midia/unb-realiza-seminario-para-debater-desafios-contemporaneos,,GitHub weekly,workflow semanal
nic,NIC.br,Brasil,Mercosul,NIC.br,Notícia/comunicado,A confiança do cliente entrou na era da inteligência artificial,2026-08-14,2026-08-14,https://www.nic.br/noticia/na-midia/a-confianca-do-cliente-entrou-na-era-da-inteligencia-artificial,,GitHub weekly,workflow semanal
mercociudades,Mercociudades,Regional,Mercosul,Mercociudades,Notícia/comunicado,Mercocidades assina três novos acordos estratégicos durante reunião do Conselho em Quilmes,2026-08-14,2026-08-14,https://mercociudades.org/pt-br/mercociudades-firma-tres-nuevos-acuerdos-estrategicos-consejo-quilmes,,GitHub weekly,workflow semanal
nic,NIC.br,Brasil,Mercosul,NIC.br,Notícia/comunicado,Os cinco problemas do Discord que colocaram a plataforma na mira das autoridades,2026-08-14,2026-08-14,https://www.nic.br/noticia/na-midia/os-cinco-problemas-do-discord-que-colocaram-a-plataforma-na-mira-das-autoridades,,GitHub weekly,workflow semanal
nic,NIC.br,Brasil,Mercosul,NIC.br,Notícia/comunicado,IDP Debates: lideranças brasileiras analisam presente e futuro do país,2026-08-13,2026-08-13,https://www.nic.br/noticia/na-midia/idp-debates-liderancas-brasileiras-debatem-presente-e-futuro-do-pais,,GitHub weekly,workflow semanal
nic,NIC.br,Brasil,Mercosul,NIC.br,Notícia/comunicado,Os limites da IA na educação,2026-08-13,2026-08-13,https://www.nic.br/noticia/na-midia/aprender-antes-de-automatizar-os-limites-da-ia-na-educacao,,GitHub weekly,workflow semanal
nic,NIC.br,Brasil,Mercosul,NIC.br,Notícia/comunicado,Anatel e Ancine articulam ações globais de combate à pirataria,2026-08-13,2026-08-13,https://www.nic.br/noticia/na-midia/anatel-e-ancine-articulam-acoes-globais-de-combate-a-pirataria,,GitHub weekly,workflow semanal
nic,NIC.br,Brasil,Mercosul,NIC.br,Notícia/comunicado,TIC Educação: 80% das escolas debatem uso das telas e saúde mental,2026-08-12,2026-08-12,https://www.nic.br/noticia/na-midia/tic-educacao-80-das-escolas-debatem-uso-das-telas-e-saude-mental,,GitHub weekly,workflow semanal
nic,NIC.br,Brasil,Mercosul,NIC.br,Notícia/comunicado,Guia para influenciadores orienta sobre regras e boas práticas para atuação nas eleições de 2026,2026-08-12,2026-08-12,https://www.nic.br/noticia/na-midia/guia-para-influenciadores-orienta-sobre-regras-e-boas-praticas-para-atuacao-nas-eleicoes-de-2026,,GitHub weekly,workflow semanal
mercociudades,Mercociudades,Regional,Mercosul,Mercociudades,Notícia/comunicado,Dia Internacional da Juventude: chamado para compartilhar políticas e iniciativas para as juventudes,2026-08-12,2026-08-12,https://mercociudades.org/pt-br/dia-internacional-juventud-convocatoria-compartir-politicas-iniciativas-juventudes,,GitHub weekly,workflow semanal
nic,NIC.br,Brasil,Mercosul,NIC.br,Notícia/comunicado,Menos vagas e mais tecnologia elevam a exigência no mercado de trabalho,2026-08-12,2026-08-12,https://www.nic.br/noticia/na-midia/menos-vagas-e-mais-tecnologia-elevam-a-exigencia-no-mercado-de-trabalho,,GitHub weekly,workflow semanal
mercociudades,Mercociudades,Regional,Mercosul,Mercociudades,Notícia/comunicado,Unidade Temática de Turismo realizará reunião conjunta com o Instituto de Turismo da Mercocidades,2026-08-11,2026-08-11,https://mercociudades.org/pt-br/unidad-tematica-turismo-reunira-junto-instituto-turismo-mercociudades,,GitHub weekly,workflow semanal
mercociudades,Mercociudades,Regional,Mercosul,Mercociudades,Notícia/comunicado,Encontro da Unidade Temática de Infâncias “Mobilidade do cuidado: urbanismo sensível e cidades que caminham com as infâncias”,2026-08-11,2026-08-11,https://mercociudades.org/pt-br/inscripciones-abiertas-encuentro-unidad-tematica-infancias-movilidad-cuidado-urbanismo-sensible-ciudades-caminan-infancias,,GitHub weekly,workflow semanal
nic,NIC.br,Brasil,Mercosul,NIC.br,Notícia/comunicado,O desafio da adoção da Inteligência Artificial não está no algoritmo,2026-08-11,2026-08-11,https://www.nic.br/noticia/na-midia/o-desafio-da-inteligencia-artificial-na-saude-nao-esta-no-algoritmo,,GitHub weekly,workflow semanal
nic,NIC.br,Brasil,Mercosul,NIC.br,Notícia/comunicado,Programação do Festival comKids 2026 conta com a participação de especialista do Cetic.br|NIC.br,2026-08-11,2026-08-11,https://www.nic.br/noticia/na-midia/programacao-do-festival-comkids-2026-conta-com-a-participacao-de-especialista-do-cetic-br-nic-br,,GitHub weekly,workflow semanal
nic,NIC.br,Brasil,Mercosul,NIC.br,Notícia/comunicado,"IA chega às escolas, mas 78% ainda não possuem guia de uso",2026-08-11,2026-08-11,https://www.nic.br/noticia/na-midia/ia-chega-as-escolas-mas-78-ainda-nao-possuem-guia-de-uso,,GitHub weekly,workflow semanal
mercociudades,Mercociudades,Regional,Mercosul,Mercociudades,Notícia/comunicado,Conselho da Mercocidades em Quilmes,2026-08-11,2026-08-11,https://mercociudades.org/pt-br/consejo-de-mercociudades-en-quilmes,,GitHub weekly,workflow semanal
nic,NIC.br,Brasil,Mercosul,NIC.br,Notícia/comunicado,ECA Digital e os desafios da proteção à infância e adolescência online,2026-08-10,2026-08-10,https://www.nic.br/noticia/na-midia/eca-digital-e-os-desafios-da-protecao-a-infancia-e-adolescencia-i-online-i,,GitHub weekly,workflow semanal
nic,NIC.br,Brasil,Mercosul,NIC.br,Notícia/comunicado,Oito em cada dez escolas debatem impacto das telas na saúde mental,2026-08-10,2026-08-10,https://www.nic.br/noticia/na-midia/pesquisa-mostra-que-8-em-cada-10-escolas-debatem-impacto-das-telas-na-saude-mental,,GitHub weekly,workflow semanal
nic,NIC.br,Brasil,Mercosul,NIC.br,Notícia/comunicado,"'Sua fisionomia hoje é uma senha', alerta Demi Getschko em entrevista à Galileu",2026-08-10,2026-08-10,https://www.nic.br/noticia/na-midia/sua-fisionomia-hoje-e-uma-senha-alerta-demi-getschko-em-entrevista-a-galileu,,GitHub weekly,workflow semanal
nic,NIC.br,Brasil,Mercosul,NIC.br,Notícia/comunicado,80% das escolas brasileiras já discutem saúde mental e tecnologia,2026-08-07,2026-08-07,https://www.nic.br/noticia/na-midia/80-das-escolas-brasileiras-ja-discutem-saude-mental-e-tecnologia,,GitHub weekly,workflow semanal
nic,NIC.br,Brasil,Mercosul,NIC.br,Notícia/comunicado,"Mais de um terço das escolas já permite uso de IA por alunos, mas só 22% têm regras, diz levantamento",2026-08-07,2026-08-07,https://www.nic.br/noticia/na-midia/mais-de-um-terco-das-escolas-ja-permite-uso-de-ia-por-alunos-mas-so-22-tem-regras-diz-levantamento,,GitHub weekly,workflow semanal
mercociudades,Mercociudades,Regional,Mercosul,Mercociudades,Notícia/comunicado,XXXI Cúpula da Mercocidades em Canelones,2026-08-07,2026-08-07,https://mercociudades.org/pt-br/diciembre-de-2026-cumbre-de-mercociudades-en-canelones,,GitHub weekly,workflow semanal
nic,NIC.br,Brasil,Mercosul,NIC.br,Notícia/comunicado,TIC Educação: celulares são liberados em escolas sem acesso à Internet e aos computadores,2026-08-07,2026-08-07,https://www.nic.br/noticia/na-midia/tic-educacao-celulares-sao-liberados-em-escolas-sem-acesso-a-internet-e-aos-computadores,,GitHub weekly,workflow semanal
mercociudades,Mercociudades,Regional,Mercosul,Mercociudades,Notícia/comunicado,Semana de integração em San José: capacitação da Mercocidades em formulação de projetos,2026-08-07,2026-08-07,https://mercociudades.org/pt-br/semana-de-la-integracion-en-san-jose-capacitacion-en-formulacion-de-proyectos-de-mercociudades,,GitHub weekly,workflow semanal
nic,NIC.br,Brasil,Mercosul,NIC.br,Notícia/comunicado,Podcast “Nós da Internet” estreia segunda temporada,2026-08-06,2026-08-06,https://www.nic.br/noticia/na-midia/segunda-temporada-do-i-podcast-i-nos-da-internet,,GitHub weekly,workflow semanal
nic,NIC.br,Brasil,Mercosul,NIC.br,Notícia/comunicado,78% das escolas que permitem uso de IA não têm guia para orientar alunos e gestores,2026-08-06,2026-08-06,https://www.nic.br/noticia/na-midia/78-das-escolas-que-permitem-uso-de-ia-nao-tem-guia-para-orientar-alunos-e-gestores,,GitHub weekly,workflow semanal
nic,NIC.br,Brasil,Mercosul,NIC.br,Notícia/comunicado,"Conectividade chega a 84% das escolas, mas somente 66% oferecem computadores para uso didático",2026-08-06,2026-08-06,https://www.nic.br/noticia/na-midia/conectividade-chega-a-84-das-escolas-mas-so-22-se-dizem-prontas-para-ia,,GitHub weekly,workflow semanal
nic,NIC.br,Brasil,Mercosul,NIC.br,Notícia/comunicado,"Saúde mental de estudantes: debate cresce em 80% das escolas, aponta TIC Educação",2026-08-05,2026-08-05,https://www.nic.br/noticia/na-midia/saude-mental-de-estudantes-debate-cresce-em-80-das-escolas-aponta-tic-educacao,,GitHub weekly,workflow semanal
nic,NIC.br,Brasil,Mercosul,NIC.br,Notícia/comunicado,Jornal Nacional destaca indicadores da TIC Educação 2025,2026-08-05,2026-08-05,https://www.nic.br/noticia/na-midia/pesquisadores-mediram-o-impacto-da-ia-na-vida-de-alunos-e-professores,,GitHub weekly,workflow semanal
nic,NIC.br,Brasil,Mercosul,NIC.br,Notícia/comunicado,Impacto das telas na saúde mental já é debatido em 80% das escolas,2026-08-05,2026-08-05,https://www.nic.br/noticia/na-midia/impacto-das-telas-na-saude-mental-ja-e-debatido-em-80-das-escolas,,GitHub weekly,workflow semanal
nic,NIC.br,Brasil,Mercosul,NIC.br,Notícia/comunicado,IX Fórum Regional – Edição Norte reúne provedores e especialistas no Tocantins,2026-08-04,2026-08-04,https://www.nic.br/noticia/na-midia/ix-forum-regional-edicao-norte-reune-provedores-e-especialistas-em-tocantins,,GitHub weekly,workflow semanal
nic,NIC.br,Brasil,Mercosul,NIC.br,Notícia/comunicado,"Escolas usam IA na gestão e nas salas de aula, mas faltam regras formais",2026-08-04,2026-08-04,https://www.nic.br/noticia/na-midia/escolas-usam-ia-na-gestao-e-nas-salas-de-aula-mas-faltam-regras-formais,,GitHub weekly,workflow semanal
nic,NIC.br,Brasil,Mercosul,NIC.br,Notícia/comunicado,TIC Educação 2025 mostra que 8 em cada 10 escolas brasileiras debatem impacto do uso de telas na saúde mental dos alunos,2026-08-04,2026-08-04,https://www.nic.br/noticia/releases/tic-educacao-2025-mostra-que-8-em-cada-10-escolas-brasileiras-debatem-impacto-do-uso-de-telas-na-saude-mental-dos-alunos,,GitHub weekly,workflow semanal
nic,NIC.br,Brasil,Mercosul,NIC.br,Notícia/comunicado,"IA avança nas escolas, mas só 22% têm diretrizes de uso",2026-08-04,2026-08-04,https://www.nic.br/noticia/na-midia/ia-avanca-nas-escolas-mas-so-22-tem-diretrizes-de-uso,,GitHub weekly,workflow semanal
mercociudades,Mercociudades,Regional,Mercosul,Mercociudades,Notícia/comunicado,"Inscrições abertas: Evento internacional sobre regulamentação, governança e indicadores de Direitos Culturais",2026-08-04,2026-08-04,https://mercociudades.org/pt-br/inscripciones-abiertas-evento-internacional-sobre-normativa-gobernanza-e-indicadores-de-los-derechos-culturales-en-quilmes,,GitHub weekly,workflow semanal
mercociudades,Mercociudades,Regional,Mercosul,Mercociudades,Notícia/comunicado,Chamada aberta para contribuir ao posicionamento diante da COP17 da UNCCD,2026-08-04,2026-08-04,https://mercociudades.org/pt-br/convocatoria-abierta-para-contribuir-al-posicionamiento-ante-la-cop17-de-la-unccd,,GitHub weekly,workflow semanal
nic,NIC.br,Brasil,Mercosul,NIC.br,Notícia/comunicado,Brasil tem representação em Grupo de Assessoramento ao IGF 2026,2026-08-03,2026-08-03,https://www.nic.br/noticia/notas/brasil-tem-representacao-em-grupo-de-assessoramento-ao-igf-2026,,GitHub weekly,workflow semanal
nic,NIC.br,Brasil,Mercosul,NIC.br,Notícia/comunicado,"IA amplia assimetria na segurança digital e exige novas estratégias de defesa, avalia CERT.br",2026-08-03,2026-08-03,https://www.nic.br/noticia/notas/ia-amplia-assimetria-na-seguranca-digital-e-exige-novas-estrategias-de-defesa-avalia-cert-br,,GitHub weekly,workflow semanal
nic,NIC.br,Brasil,Mercosul,NIC.br,Notícia/comunicado,"Disponíveis a adolescentes, ‘namorados’ de IA testam aplicação do ECA Digital",2026-08-03,2026-08-03,https://www.nic.br/noticia/na-midia/disponiveis-a-adolescentes-namorados-de-ia-testam-aplicacao-do-eca-digital,,GitHub weekly,workflow semanal
mercociudades,Mercociudades,Regional,Mercosul,Mercociudades,Notícia/comunicado,Chamada aberta para candidaturas à Presidência da Mercocidades 2027-2028,2026-08-03,2026-08-03,https://mercociudades.org/pt-br/convocatoria-candidaturas-presidencia-mercociudades-2027-2028,,GitHub weekly,workflow semanal
nic,NIC.br,Brasil,Mercosul,NIC.br,Notícia/comunicado,Satc participa de capacitação oferecida pelo CERT.br,2026-08-03,2026-08-03,https://www.nic.br/noticia/na-midia/satc-participa-de-capacitacao-oferecida-pelo-cert-br,,GitHub weekly,workflow semanal
nic,NIC.br,Brasil,Mercosul,NIC.br,Notícia/comunicado,Em legítima defesa de crianças e jovens,2026-08-03,2026-08-03,https://www.nic.br/noticia/na-midia/em-legitima-defesa-de-criancas-e-jovens,,GitHub weekly,workflow semanal
nic,NIC.br,Brasil,Mercosul,NIC.br,Notícia/comunicado,Psiquiatras criam critérios para diferenciar apostador patológico de recreativo,2026-07-31,2026-07-31,https://www.nic.br/noticia/na-midia/psiquiatras-criam-criterios-para-diferenciar-apostador-patologico-de-recreativo,,GitHub weekly,workflow semanal
mercociudades,Mercociudades,Regional,Mercosul,Mercociudades,Notícia/comunicado,6 de agosto: Sessão sobre os Objetivos de Desenvolvimento Sustentável no ciclo orçamentário,2026-07-31,2026-07-31,https://mercociudades.org/pt-br/6-de-agosto-sesion-sobre-ods-en-el-ciclo-presupuestario,,GitHub weekly,workflow semanal
mercociudades,Mercociudades,Regional,Mercosul,Mercociudades,Notícia/comunicado,Encontro sobre desenvolvimento regional e turismo transfronteiriço,2026-07-31,2026-07-31,https://mercociudades.org/pt-br/encuentro-desarrollo-regional-binacional-turismo-transfronterizo-frontera-uruguay-brasil,,GitHub weekly,workflow semanal
nic,NIC.br,Brasil,Mercosul,NIC.br,Notícia/comunicado,Páginas web ganharam mais importância na era da IA,2026-07-31,2026-07-31,https://www.nic.br/noticia/na-midia/paginas-i-web-i-ganharam-mais-importancia-na-era-da-ia,,GitHub weekly,workflow semanal
nic,NIC.br,Brasil,Mercosul,NIC.br,Notícia/comunicado,60% dos órgãos públicos utilizam IA em gestão pública,2026-07-31,2026-07-31,https://www.nic.br/noticia/na-midia/60-dos-orgaos-publicos-utilizam-ia-em-gestao-publica,,GitHub weekly,workflow semanal
nic,NIC.br,Brasil,Mercosul,NIC.br,Notícia/comunicado,Câmara temática do CGI.br amplia debate sobre soberania digital,2026-07-30,2026-07-30,https://www.nic.br/noticia/na-midia/camara-tematica-do-cgi-br-amplia-debate-sobre-soberania-digital,,GitHub weekly,workflow semanal
edpb,EDPB,União Europeia,UE,EDPB,Notícia/comunicado,Stakeholder event on guidelines on the interplay between data protection and competition law: agenda now available,2026-07-30,2026-07-30,https://www.edpb.europa.eu/news/stakeholder-event-on-guidelines-on-the-interplay-between-data-protection-and-competition-law-0_en,,GitHub weekly,workflow semanal
mercociudades,Mercociudades,Regional,Mercosul,Mercociudades,Notícia/comunicado,Chamada aberta para o primeiro seminário do ciclo sobre dados e políticas culturais ligadas à mobilidade humana,2026-07-30,2026-07-30,https://mercociudades.org/pt-br/convocatoria-primer-seminario-ciclo-datos-politicas-culturales-vinculadas-movilidad-humana,,GitHub weekly,workflow semanal
nic,NIC.br,Brasil,Mercosul,NIC.br,Notícia/comunicado,Centro de Ciência de Dados para a Indústria Inteligente abre vaga de pós-doutorado,2026-07-30,2026-07-30,https://www.nic.br/noticia/na-midia/centro-de-ciencia-de-dados-para-a-industria-inteligente-abre-vaga-de-pos-doutorado,,GitHub weekly,workflow semanal
nic,NIC.br,Brasil,Mercosul,NIC.br,Notícia/comunicado,Seis em cada dez órgãos públicos já usam inteligência artificial,2026-07-30,2026-07-30,https://www.nic.br/noticia/na-midia/seis-em-cada-dez-orgaos-publicos-ja-usam-inteligencia-artificial,,GitHub weekly,workflow semanal
nic,NIC.br,Brasil,Mercosul,NIC.br,Notícia/comunicado,IA já está em 59% dos órgãos públicos brasileiros e alcança 94% no Judiciário,2026-07-29,2026-07-29,https://www.nic.br/noticia/na-midia/ia-ja-esta-em-59-dos-orgaos-publicos-brasileiros-e-alcanca-94-no-judiciario,,GitHub weekly,workflow semanal
nic,NIC.br,Brasil,Mercosul,NIC.br,Notícia/comunicado,17º Fórum da Internet no Brasil recebe propostas de workshops e estreia formato de mesa-redonda,2026-07-29,2026-07-29,https://www.nic.br/noticia/releases/17-forum-da-internet-no-brasil-recebe-propostas-de-i-workshops-i-e-estreia-formato-de-mesa-redonda,,GitHub weekly,workflow semanal
nic,NIC.br,Brasil,Mercosul,NIC.br,Notícia/comunicado,TIC Governo aponta crescimento de uso de IA nas prefeituras,2026-07-29,2026-07-29,https://www.nic.br/noticia/na-midia/tic-governo-aponta-que-cresce-uso-de-ia-nas-prefeituras,,GitHub weekly,workflow semanal
nic,NIC.br,Brasil,Mercosul,NIC.br,Notícia/comunicado,60% dos órgãos públicos utilizam inteligência artificial,2026-07-29,2026-07-29,https://www.nic.br/noticia/na-midia/60-dos-orgaos-publicos-utilizam-inteligencia-artificial,,GitHub weekly,workflow semanal
nic,NIC.br,Brasil,Mercosul,NIC.br,Notícia/comunicado,Renata Mielli é a palestrante de abertura do Congresso Acadêmico Unifesp 2026,2026-07-28,2026-07-28,https://www.nic.br/noticia/na-midia/renata-mielli-e-a-palestrante-de-abertura-do-congresso-academico-unifesp-2026,,GitHub weekly,workflow semanal
nic,NIC.br,Brasil,Mercosul,NIC.br,Notícia/comunicado,"IA está presente em seis de cada dez órgãos públicos federais e estaduais e chega a 94% no Judiciário, aponta TIC Governo",2026-07-28,2026-07-28,https://www.nic.br/noticia/na-midia/ia-esta-presente-em-seis-de-cada-dez-orgaos-publicos-federais-e-estaduais-e-chega-a-94-no-judiciario-aponta-tic-governo,,GitHub weekly,workflow semanal
nic,NIC.br,Brasil,Mercosul,NIC.br,Notícia/comunicado,"2º Workshop da África Lusófona sobre Governação de Dados da APD reuniu UNESCO, Banco Mundial e Cetic.br",2026-07-28,2026-07-28,https://www.nic.br/noticia/na-midia/2-i-workshop-i-da-africa-lusofona-sobre-governacao-de-dados-da-apd-reuniu-unesco-banco-mundial-e-cetic-br,,GitHub weekly,workflow semanal
nic,NIC.br,Brasil,Mercosul,NIC.br,Notícia/comunicado,"Atendimento via telefone ainda supera WhatsApp e Telegram, aponta TIC Governo",2026-07-27,2026-07-27,https://www.nic.br/noticia/na-midia/atendimento-via-telefone-ainda-supera-whatsapp-e-telegram-com-83-aponta-pesquisa,,GitHub weekly,workflow semanal
nic,NIC.br,Brasil,Mercosul,NIC.br,Notícia/comunicado,Dilema regulatório global do uso de redes sociais pela nova geração: proibir é a resposta?,2026-07-27,2026-07-27,https://www.nic.br/noticia/na-midia/dilema-regulatorio-global-do-uso-de-redes-sociais-pela-nova-geracao-proibir-e-a-resposta,,GitHub weekly,workflow semanal
nic,NIC.br,Brasil,Mercosul,NIC.br,Notícia/comunicado,Uso de IA avança e já está presente em 59% dos órgãos públicos brasileiros,2026-07-27,2026-07-27,https://www.nic.br/noticia/na-midia/uso-de-ia-avanca-e-ja-esta-presente-em-59-dos-orgaos-publicos-brasileiros,,GitHub weekly,workflow semanal
nic,NIC.br,Brasil,Mercosul,NIC.br,Notícia/comunicado,"A IA já chegou ao setor público, mas parou nas capitais",2026-07-24,2026-07-24,https://www.nic.br/noticia/na-midia/a-ia-ja-chegou-ao-setor-publico-mas-parou-nas-capitais,,GitHub weekly,workflow semanal
nic,NIC.br,Brasil,Mercosul,NIC.br,Notícia/comunicado,IA está presente em seis de cada dez órgãos públicos federais e estaduais,2026-07-24,2026-07-24,https://www.nic.br/noticia/na-midia/ia-esta-presente-em-seis-de-cada-dez-orgaos-publicos-federais-e-estaduais,,GitHub weekly,workflow semanal
nic,NIC.br,Brasil,Mercosul,NIC.br,Notícia/comunicado,"IA já está presente em 59% dos órgãos públicos e alcança 94% do Judiciário, aponta estudo",2026-07-24,2026-07-24,https://www.nic.br/noticia/na-midia/ia-ja-esta-presente-em-59-dos-orgaos-publicos-e-alcanca-94-do-judiciario-aponta-estudo,,GitHub weekly,workflow semanal
nic,NIC.br,Brasil,Mercosul,NIC.br,Notícia/comunicado,TIC Governo: Seis em cada dez órgãos federais e estaduais já usam inteligência artificial,2026-07-23,2026-07-23,https://www.nic.br/noticia/na-midia/tic-governo-seis-em-cada-10-orgaos-federais-e-estaduais-ja-usam-inteligencia-artificial,,GitHub weekly,workflow semanal
nic,NIC.br,Brasil,Mercosul,NIC.br,Notícia/comunicado,"IA está presente em seis de cada dez órgãos públicos federais e estaduais e chega a 94% no Judiciário, aponta TIC Governo",2026-07-23,2026-07-23,https://www.nic.br/noticia/releases/ia-esta-presente-em-seis-de-cada-dez-orgaos-publicos-federais-e-estaduais-e-chega-a-94-no-judiciario-aponta-tic-governo,,GitHub weekly,workflow semanal
edpb,EDPB,União Europeia,UE,EDPB,Notícia/comunicado,Stakeholder event on guidelines on the interplay between data protection and competition law: save the date,2026-07-23,2026-07-23,https://www.edpb.europa.eu/news/stakeholder-event-on-guidelines-on-the-interplay-between-data-protection-and-competition-law_en,,GitHub weekly,workflow semanal
nic,NIC.br,Brasil,Mercosul,NIC.br,Notícia/comunicado,IA está presente em seis de cada dez órgãos públicos federais e estaduais,2026-07-23,2026-07-23,https://www.nic.br/noticia/na-midia/ia-esta-presente-em-6-de-cada-10-orgaos-publicos-federais-e-estaduais,,GitHub weekly,workflow semanal
nic,NIC.br,Brasil,Mercosul,NIC.br,Notícia/comunicado,Quase 60% dos órgãos públicos federais e estaduais utilizam IA,2026-07-23,2026-07-23,https://www.nic.br/noticia/na-midia/quase-60-dos-orgaos-publicos-federais-e-estaduais-utilizam-ia,,GitHub weekly,workflow semanal
nic,NIC.br,Brasil,Mercosul,NIC.br,Notícia/comunicado,Medidor Simet ajuda consumidor a verificar qualidade de banda larga fixa,2026-07-22,2026-07-22,https://www.nic.br/noticia/na-midia/velocidade-e-contratada-nao-garantida,,GitHub weekly,workflow semanal
nic,NIC.br,Brasil,Mercosul,NIC.br,Notícia/comunicado,Febraban Tech 2026 debate o uso da IA na cibersegurança e o avanço das fraudes digitais,2026-07-22,2026-07-22,https://www.nic.br/noticia/na-midia/febraban-tech-2026-debate-o-uso-da-ia-na-ciberseguranca-e-o-avanco-das-fraudes-digitais,,GitHub weekly,workflow semanal
nic,NIC.br,Brasil,Mercosul,NIC.br,Notícia/comunicado,"Evento reúne Anatel, NIC.br e Consulado dos EUA para debater marco regulatório de cibersegurança",2026-07-22,2026-07-22,https://www.nic.br/noticia/na-midia/consulado-dos-eua-gsi-anatel-e-nic-br-debatem-ciberseguranca-no-ts-seguranca-digital-em-agosto,,GitHub weekly,workflow semanal
mercociudades,Mercociudades,Regional,Mercosul,Mercociudades,Notícia/comunicado,Planejamento Estratégico e Áreas Metropolitanas convida a compartilhar experiências locais,2026-07-21,2026-07-21,https://mercociudades.org/pt-br/planificacion-estrategica-areas-metropolitanas-invita-compartir-experiencias-locales,,GitHub weekly,workflow semanal
nic,NIC.br,Brasil,Mercosul,NIC.br,Notícia/comunicado,Prazo para participação de entidades nas eleições do CGI.br entra na reta final,2026-07-21,2026-07-21,https://www.nic.br/noticia/na-midia/prazo-para-participacao-de-entidades-nas-eleicoes-do-cgi-br-entra-na-reta-final,,GitHub weekly,workflow semanal
nic,NIC.br,Brasil,Mercosul,NIC.br,Notícia/comunicado,Agentes de IA precisam de maior controle e segurança,2026-07-21,2026-07-21,https://www.nic.br/noticia/na-midia/agentes-de-ia-precisam-de-maior-controle-e-seguranca,,GitHub weekly,workflow semanal
nic,NIC.br,Brasil,Mercosul,NIC.br,Notícia/comunicado,Mais de 90% das crianças e adolescentes utilizam Internet regularmente,2026-07-21,2026-07-21,https://www.nic.br/noticia/na-midia/mais-de-90-das-criancas-e-adolescentes-utilizam-internet-regularmente,,GitHub weekly,workflow semanal
mercociudades,Mercociudades,Regional,Mercosul,Mercociudades,Notícia/comunicado,Inscrições abertas: Rodadas internacionais de negócios sobre economia circular,2026-07-20,2026-07-20,https://mercociudades.org/pt-br/inscripciones-abiertas-rondas-internacionales-negocios-economia-circular,,GitHub weekly,workflow semanal
nic,NIC.br,Brasil,Mercosul,NIC.br,Notícia/comunicado,ChatGPT pode ser um grande apoio de estudos para concursos e Enem,2026-07-20,2026-07-20,https://www.nic.br/noticia/na-midia/chatgpt-pode-ser-um-grande-apoio-de-estudos-para-concursos-e-enem,,GitHub weekly,workflow semanal
nic,NIC.br,Brasil,Mercosul,NIC.br,Notícia/comunicado,Robótica torna-se obrigatória nas escolas a partir de 2026,2026-07-20,2026-07-20,https://www.nic.br/noticia/na-midia/robotica-torna-se-obrigatoria-nas-escolas-a-partir-de-2026,,GitHub weekly,workflow semanal
nic,NIC.br,Brasil,Mercosul,NIC.br,Notícia/comunicado,Projeto mobiliza bibliotecas no combate à violência de gênero,2026-07-20,2026-07-20,https://www.nic.br/noticia/na-midia/projeto-mobiliza-bibliotecas-no-combate-a-violencia-de-genero,,GitHub weekly,workflow semanal
nic,NIC.br,Brasil,Mercosul,NIC.br,Notícia/comunicado,"Aos 14 anos, jogando Minecraft, alunos dessa escola dominam a ferramenta que o mercado procura",2026-07-17,2026-07-17,https://www.nic.br/noticia/na-midia/aos-14-anos-jogando-minecraft-alunos-dessa-escola-dominam-a-ferramenta-que-o-mercado-procura,,GitHub weekly,workflow semanal
nic,NIC.br,Brasil,Mercosul,NIC.br,Notícia/comunicado,Brasil celebra primeiro Dia Nacional da Proteção de Dados nesta sexta-feira (17),2026-07-17,2026-07-17,https://www.nic.br/noticia/na-midia/brasil-celebra-primeiro-dia-nacional-da-protecao-de-dados-nesta-sexta-feira-17,,GitHub weekly,workflow semanal
nic,NIC.br,Brasil,Mercosul,NIC.br,Notícia/comunicado,Estúdio News aborda as principais inovações e benefícios do ECA Digital,2026-07-17,2026-07-17,https://www.nic.br/noticia/na-midia/estudio-news-aborda-as-principais-inovacoes-e-beneficios-do-eca-digital,,GitHub weekly,workflow semanal
edpb,EDPB,União Europeia,UE,EDPB,Notícia/comunicado,EDPB calls for legal basis for cross-regulatory information sharing,2026-07-17,2026-07-17,https://www.edpb.europa.eu/news/edpb-calls-for-legal-basis-for-cross-regulatory-information-sharing_en,,GitHub weekly,workflow semanal
nic,NIC.br,Brasil,Mercosul,NIC.br,Notícia/comunicado,Projeto Cidadão na Rede nas Escolas passa a integrar o Mapa Brasileiro da Educação Midiática,2026-07-16,2026-07-16,https://www.nic.br/noticia/na-midia/projeto-coordenado-pelo-ceptro-br-nic-br-agora-integra-o-mapa-brasileiro-da-educacao-midiatica,,GitHub weekly,workflow semanal
nic,NIC.br,Brasil,Mercosul,NIC.br,Notícia/comunicado,"Soberania digital, eficiência e sustentabilidade: o novo marco dos data centers no Brasil",2026-07-16,2026-07-16,https://www.nic.br/noticia/na-midia/soberania-digital-eficiencia-e-sustentabilidade-o-novo-marco-dos-i-data-centers-i-no-brasil,,GitHub weekly,workflow semanal
nic,NIC.br,Brasil,Mercosul,NIC.br,Notícia/comunicado,Saber em quem confiar,2026-07-16,2026-07-16,https://www.nic.br/noticia/na-midia/saber-em-quem-confiar,,GitHub weekly,workflow semanal
nic,NIC.br,Brasil,Mercosul,NIC.br,Notícia/comunicado,Maioria das plataformas não protege crianças e adolescentes,2026-07-15,2026-07-15,https://www.nic.br/noticia/na-midia/maioria-das-plataformas-nao-protege-criancas-e-adolescentes,,GitHub weekly,workflow semanal
nic,NIC.br,Brasil,Mercosul,NIC.br,Notícia/comunicado,Férias na era digital: adolescentes trocam o descanso pela criação de conteúdo e empreendedorismo,2026-07-15,2026-07-15,https://www.nic.br/noticia/na-midia/ferias-na-era-digital-adolescentes-trocam-o-descanso-pela-criacao-de-conteudo-e-empreendedorismo,,GitHub weekly,workflow semanal
nic,NIC.br,Brasil,Mercosul,NIC.br,Notícia/comunicado,"IA Generativa: o que é, como funciona e aplicações",2026-07-15,2026-07-15,https://www.nic.br/noticia/na-midia/ia-generativa-o-que-e-como-funciona-e-aplicacoes,,GitHub weekly,workflow semanal
edpb,EDPB,União Europeia,UE,EDPB,Notícia/comunicado,EDPB requires Belgian DPA to handle the merits of NOYB cookie banner complaint,2026-07-14,2026-07-14,https://www.edpb.europa.eu/news/edpb-requires-belgian-dpa-to-handle-the-merits-of-noyb-cookie-banner-complaint_en,,GitHub weekly,workflow semanal
nic,NIC.br,Brasil,Mercosul,NIC.br,Notícia/comunicado,"Com prefácio de Demi Getschko, livro discute efeitos da IA sobre democracia, desigualdade e sustentabilidade",2026-07-14,2026-07-14,https://www.nic.br/noticia/na-midia/com-prefacio-de-demi-getschko-e-coordenacao-de-integrantes-do-obia-o-sexto-volume-da-obra-direito-e-inteligencia-artificial-ja-esta-disponivel,,GitHub weekly,workflow semanal
nic,NIC.br,Brasil,Mercosul,NIC.br,Notícia/comunicado,Soberania digital: as camadas invisíveis que organizam sua vida online,2026-07-14,2026-07-14,https://www.nic.br/noticia/na-midia/soberania-digital-as-camadas-invisiveis-que-organizam-sua-vida-i-online-i,,GitHub weekly,workflow semanal
nic,NIC.br,Brasil,Mercosul,NIC.br,Notícia/comunicado,"Um terço das ONGs brasileiras já usa IA generativa, mostra pesquisa",2026-07-14,2026-07-14,https://www.nic.br/noticia/na-midia/um-terco-das-ongs-brasileiras-ja-usa-ia-generativa-mostra-pesquisa,,GitHub weekly,workflow semanal
mercociudades,Mercociudades,Regional,Mercosul,Mercociudades,Notícia/comunicado,Encontro de Infâncias da Mercocidades sobre proteção integral dos direitos digitais,2026-07-14,2026-07-14,https://mercociudades.org/pt-br/encuentro-de-infancias-de-mercociudades-sobre-proteccion-integral-de-derechos-digitales,,GitHub weekly,workflow semanal
nic,NIC.br,Brasil,Mercosul,NIC.br,Notícia/comunicado,SMS de João Pessoa alerta para os riscos do uso excessivo de telas na infância,2026-07-13,2026-07-13,https://www.nic.br/noticia/na-midia/sms-de-joao-pessoa-alerta-para-os-riscos-do-uso-excessivo-de-telas-na-infancia,,GitHub weekly,workflow semanal
nic,NIC.br,Brasil,Mercosul,NIC.br,Notícia/comunicado,"Vício em apostas pode ter raízes ainda na infância, alertam especialistas",2026-07-13,2026-07-13,https://www.nic.br/noticia/na-midia/vicio-em-apostas-pode-ter-raizes-ainda-na-infancia-alertam-especialistas,,GitHub weekly,workflow semanal
mercociudades,Mercociudades,Regional,Mercosul,Mercociudades,Notícia/comunicado,Mercocidades apresenta a publicação “Comunidades e Cidades que Cuidam”,2026-07-13,2026-07-13,https://mercociudades.org/pt-br/mercociudades-presenta-la-publicacion-comunidades-y-ciudades-que-cuidan,,GitHub weekly,workflow semanal
nic,NIC.br,Brasil,Mercosul,NIC.br,Notícia/comunicado,Cyberbullying em escola de Porto Velho leva Justiça a bloquear perfil,2026-07-13,2026-07-13,https://www.nic.br/noticia/na-midia/i-cyberbullying-i-em-escola-de-porto-velho-leva-justica-a-bloquear-perfil,,GitHub weekly,workflow semanal
mercociudades,Mercociudades,Regional,Mercosul,Mercociudades,Notícia/comunicado,"As juventudes da Mercocidades publicam o manifesto “Semeando o futuro, transformando territórios”",2026-07-09,2026-07-09,https://mercociudades.org/pt-br/las-juventudes-de-mercociudades-emiten-el-manifiesto-ambiental-sembrando-futuro-transformando-territorios,,GitHub weekly,workflow semanal
edpb,EDPB,União Europeia,UE,EDPB,Notícia/comunicado,EDPB sheds light on anonymisation and web scraping for generative AI and adopts final version of guidelines on blockchain,2026-07-08,2026-07-08,https://www.edpb.europa.eu/news/edpb-sheds-light-on-anonymisation-and-web-scraping-for-generative-ai-and-adopts-final-version_en,,GitHub weekly,workflow semanal
nic,NIC.br,Brasil,Mercosul,NIC.br,Notícia/comunicado,IA chega a 39% das organizações sem fins lucrativos,2026-07-08,2026-07-08,https://www.nic.br/noticia/na-midia/ia-chega-a-39-das-organizacoes-sem-fins-lucrativos,,GitHub weekly,workflow semanal
nic,NIC.br,Brasil,Mercosul,NIC.br,Notícia/comunicado,ONGs brasileiras avançam no uso de IA generativa e computação em nuvem,2026-07-08,2026-07-08,https://www.nic.br/noticia/na-midia/ongs-brasileiras-avancam-no-uso-de-ia-generativa-e-computacao-em-nuvem,,GitHub weekly,workflow semanal
mercociudades,Mercociudades,Regional,Mercosul,Mercociudades,Notícia/comunicado,Convidamos as mercocidades a participar da Pesquisa sobre Pobreza Energética e Acesso à Energia do GCoM Latam,2026-07-08,2026-07-08,https://mercociudades.org/pt-br/invitamos-a-las-mercociudades-a-participar-de-la-encuesta-sobre-pobreza-energetica-y-acceso-a-la-energia-de-gcom-latam,,GitHub weekly,workflow semanal
nic,NIC.br,Brasil,Mercosul,NIC.br,Notícia/comunicado,"Com tradução conduzida pelo Cetic.br|NIC.br, curso da UNESCO fica disponível em português",2026-07-08,2026-07-08,https://www.nic.br/noticia/na-midia/com-traducao-conduzida-pelo-cetic-br-nic-br-curso-da-unesco-fica-disponivel-em-portugues,,GitHub weekly,workflow semanal
nic,NIC.br,Brasil,Mercosul,NIC.br,Notícia/comunicado,"Um terço das organizações sem fins de lucro no Brasil já usa IA generativa, aponta pesquisa do Cetic.br",2026-07-07,2026-07-07,https://www.nic.br/noticia/releases/um-terco-das-organizacoes-sem-fins-de-lucro-no-brasil-ja-usa-ia-generativa-aponta-pesquisa-do-cetic-br,,GitHub weekly,workflow semanal
mercociudades,Mercociudades,Regional,Mercosul,Mercociudades,Notícia/comunicado,Consulta para o fortalecimento das áreas de Relações Internacionais e Comércio Exterior das “mercocidades”,2026-07-07,2026-07-07,https://mercociudades.org/pt-br/consulta-para-el-fortalecimiento-de-las-areas-de-relaciones-internacionales-y-comercio-exterior-de-las-mercociudades,,GitHub weekly,workflow semanal
nic,NIC.br,Brasil,Mercosul,NIC.br,Notícia/comunicado,"O novo funcionário invisível da empresa precisa de crachá, chefe e limite",2026-07-07,2026-07-07,https://www.nic.br/noticia/na-midia/o-novo-funcionario-invisivel-da-empresa-precisa-de-cracha-chefe-e-limite,,GitHub weekly,workflow semanal
nic,NIC.br,Brasil,Mercosul,NIC.br,Notícia/comunicado,TIC Organizações Sem Fins Lucrativos 2025 identifica avanço na adoção de tecnologias no setor,2026-07-07,2026-07-07,https://www.nic.br/noticia/na-midia/tic-organizacoes-sem-fins-lucrativos-2025-identifica-avanco-na-adocao-de-tecnologias-no-setor,,GitHub weekly,workflow semanal
nic,NIC.br,Brasil,Mercosul,NIC.br,Notícia/comunicado,"Um terço das organizações sem fins de lucro no Brasil já usa IA generativa, aponta pesquisa do Cetic.br",2026-07-07,2026-07-07,https://www.nic.br/noticia/na-midia/um-terco-das-organizacoes-sem-fins-de-lucro-no-brasil-ja-usa-ia-generativa-aponta-pesquisa-do-cetic-br,,GitHub weekly,workflow semanal
nic,NIC.br,Brasil,Mercosul,NIC.br,Notícia/comunicado,Brasil 2050: especialistas defendem definição de papel estratégico na transição digital,2026-07-06,2026-07-06,https://www.nic.br/noticia/na-midia/brasil-2050-brasil-precisa-definir-seu-papel-na-transicao-digital-para-alcancar-soberania-defendem-especialistas,,GitHub weekly,workflow semanal
nic,NIC.br,Brasil,Mercosul,NIC.br,Notícia/comunicado,Acordos e rotina para limitação das telas durante as férias,2026-07-06,2026-07-06,https://www.nic.br/noticia/na-midia/acordos-e-rotina-para-limitacao-das-telas-durante-as-ferias,,GitHub weekly,workflow semanal
nic,NIC.br,Brasil,Mercosul,NIC.br,Notícia/comunicado,A terceirização da opinião pública para o algoritmo,2026-07-06,2026-07-06,https://www.nic.br/noticia/na-midia/estamos-terceirizando-nossa-opiniao-para-o-algoritmo,,GitHub weekly,workflow semanal
nic,NIC.br,Brasil,Mercosul,NIC.br,Notícia/comunicado,Coordenadora do CGI.br defende bloqueio de aplicações online apenas como medida extrema,2026-07-03,2026-07-03,https://www.nic.br/noticia/na-midia/coordenadora-do-cgi-br-defende-bloqueio-de-aplicacoes-i-online-i-apenas-como-medida-extrema,,GitHub weekly,workflow semanal
nic,NIC.br,Brasil,Mercosul,NIC.br,Notícia/comunicado,CGI.br divulga nota técnica sobre recomendação de normas técnicas para acessibilidade digital,2026-07-03,2026-07-03,https://www.nic.br/noticia/na-midia/cgi-br-divulga-nota-tecnica-sobre-recomendacao-de-normas-tecnicas-para-acessibilidade-digital,,GitHub weekly,workflow semanal
nic,NIC.br,Brasil,Mercosul,NIC.br,Notícia/comunicado,ANPD e Cade renovam Acordo de Cooperação Técnica por mais cinco anos,2026-07-03,2026-07-03,https://www.nic.br/noticia/na-midia/anpd-e-cade-renovam-acordo-de-cooperacao-tecnica-por-mais-cinco-anos,,GitHub weekly,workflow semanal
nic,NIC.br,Brasil,Mercosul,NIC.br,Notícia/comunicado,Curso online gratuito sobre IA e Transformação Digital no Governo ganha versão em português,2026-07-02,2026-07-02,https://www.nic.br/noticia/releases/curso-i-online-i-gratuito-sobre-ia-e-transformacao-digital-no-governo-ganha-versao-em-portugues,,GitHub weekly,workflow semanal
nic,NIC.br,Brasil,Mercosul,NIC.br,Notícia/comunicado,Free online course on AI and Digital Transformation in Government now available in Portuguese,2026-07-02,2026-07-02,https://www.nic.br/noticia/releases/free-online-course-on-ai-and-digital-transformation-in-government-now-available-in-portuguese,,GitHub weekly,workflow semanal
nic,NIC.br,Brasil,Mercosul,NIC.br,Notícia/comunicado,Um referencial para o uso da inteligência artificial na educação,2026-07-02,2026-07-02,https://www.nic.br/noticia/na-midia/um-referencial-para-o-uso-da-inteligencia-artificial-na-educacao,,GitHub weekly,workflow semanal
nic,NIC.br,Brasil,Mercosul,NIC.br,Notícia/comunicado,O que a obsessão por figurinhas e futebol esconde no cérebro infantil,2026-07-02,2026-07-02,https://www.nic.br/noticia/na-midia/o-que-a-obsessao-por-figurinhas-e-futebol-esconde-no-cerebro-infantil,,GitHub weekly,workflow semanal
nic,NIC.br,Brasil,Mercosul,NIC.br,Notícia/comunicado,"""Segurança digital não pode ser construída por um único ator"", defende Demi Getschko",2026-07-02,2026-07-02,https://www.nic.br/noticia/na-midia/demi-getschko-defende-colaboracao-no-marco-da-ciberseguranca,,GitHub weekly,workflow semanal
mercociudades,Mercociudades,Regional,Mercosul,Mercociudades,Notícia/comunicado,Chamada aberta: 9ª Escola de Resiliência da Mercocidades,2026-07-01,2026-07-01,https://mercociudades.org/pt-br/convocatoria-abierta-9a-escuela-de-resiliencia-de-mercociudades,,GitHub weekly,workflow semanal
nic,NIC.br,Brasil,Mercosul,NIC.br,Notícia/comunicado,A arquitetura da mentira,2026-07-01,2026-07-01,https://www.nic.br/noticia/na-midia/a-arquitetura-da-mentira,,GitHub weekly,workflow semanal
nic,NIC.br,Brasil,Mercosul,NIC.br,Notícia/comunicado,Brasil 2050: Fórum debate soluções para o futuro do país,2026-07-01,2026-07-01,https://www.nic.br/noticia/na-midia/brasil-2050-forum-reune-especialistas-para-buscar-solucoes-para-o-futuro-do-pais,,GitHub weekly,workflow semanal
edpb,EDPB,União Europeia,UE,EDPB,Notícia/comunicado,EDPB and AMLA to develop Joint Guidelines on partnerships for information sharing,2026-07-01,2026-07-01,https://www.edpb.europa.eu/news/edpb-and-amla-to-develop-joint-guidelines-on-partnerships-for-information-sharing_en,,GitHub weekly,workflow semanal
nic,NIC.br,Brasil,Mercosul,NIC.br,Notícia/comunicado,"""Misantropia"": alerta falso expõe novo desafio da segurança digital",2026-07-01,2026-07-01,https://www.nic.br/noticia/na-midia/misantropia-alerta-falso-expoe-novo-desafio-da-seguranca-digital,,GitHub weekly,workflow semanal
nic,NIC.br,Brasil,Mercosul,NIC.br,Notícia/comunicado,Uso de IA no dia a dia pode facilitar estudos para alunos brasileiros,2026-06-30,2026-06-30,https://www.nic.br/noticia/na-midia/estudar-ficou-mais-facil-veja-como-alunos-estao-usando-ia-no-dia-a-dia,,GitHub weekly,workflow semanal
nic,NIC.br,Brasil,Mercosul,NIC.br,Notícia/comunicado,CGI.br defende normas da ABNT para acessibilidade digital,2026-06-30,2026-06-30,https://www.nic.br/noticia/na-midia/cgi-br-defende-normas-da-abnt-para-acessibilidade-digital,,GitHub weekly,workflow semanal
nic,NIC.br,Brasil,Mercosul,NIC.br,Notícia/comunicado,Provedores regionais apostam em streaming e TV para ampliar receita e reduzir cancelamentos,2026-06-30,2026-06-30,https://www.nic.br/noticia/na-midia/provedores-regionais-apostam-em-streaming-e-tv-para-ampliar-receita-e-reduzir-cancelamentos,,GitHub weekly,workflow semanal
nic,NIC.br,Brasil,Mercosul,NIC.br,Notícia/comunicado,A Copa dos múltiplos dispositivos,2026-06-29,2026-06-29,https://www.nic.br/noticia/na-midia/a-copa-dos-multiplos-dispositivos,,GitHub weekly,workflow semanal
nic,NIC.br,Brasil,Mercosul,NIC.br,Notícia/comunicado,Pesquisa aponta avanço da IA nas empresas brasileiras,2026-06-29,2026-06-29,https://www.nic.br/noticia/na-midia/pesquisa-aponta-avanco-da-inteligencia-artificial-nas-empresas-brasileiras,,GitHub weekly,workflow semanal
nic,NIC.br,Brasil,Mercosul,NIC.br,Notícia/comunicado,A IA está aprendendo a dizer 'não' e a impor limites,2026-06-29,2026-06-29,https://www.nic.br/noticia/na-midia/a-inteligencia-artificial-esta-aprendendo-a-dizer-nao-e-a-impor-limites,,GitHub weekly,workflow semanal
nic,NIC.br,Brasil,Mercosul,NIC.br,Notícia/comunicado,O risco de modernizar a precariedade na era da Lei de IA,2026-06-26,2026-06-26,https://www.nic.br/noticia/na-midia/o-risco-de-modernizar-a-precariedade-na-era-da-lei-de-ia,,GitHub weekly,workflow semanal
nic,NIC.br,Brasil,Mercosul,NIC.br,Notícia/comunicado,"IA na escola: 70% no Médio, 15% e 39% no Fundamental",2026-06-26,2026-06-26,https://www.nic.br/noticia/na-midia/ia-na-escola-70-no-medio-15-e-39-no-fundamental,,GitHub weekly,workflow semanal
nic,NIC.br,Brasil,Mercosul,NIC.br,Notícia/comunicado,"A IA já entrou nas empresas brasileiras, mas ainda de forma concentrada e padronizada",2026-06-26,2026-06-26,https://www.nic.br/noticia/na-midia/a-ia-ja-entrou-nas-empresas-brasileiras-mas-ainda-de-forma-concentrada-e-padronizada,,GitHub weekly,workflow semanal
edpb,EDPB,União Europeia,UE,EDPB,Notícia/comunicado,One-Stop-Shop case digest on right to object and right to erasure updated,2026-06-25,2026-06-25,https://www.edpb.europa.eu/news/one-stop-shop-case-digest-on-right-to-object-and-right-to-erasure-updated_en,,GitHub weekly,workflow semanal
nic,NIC.br,Brasil,Mercosul,NIC.br,Notícia/comunicado,Uso de IA generativa entre jovens amplia debate sobre formação tecnológica e sustentabilidade,2026-06-25,2026-06-25,https://www.nic.br/noticia/na-midia/uso-de-ia-generativa-entre-jovens-amplia-debate-sobre-formacao-tecnologica-e-sustentabilidade,,GitHub weekly,workflow semanal
nic,NIC.br,Brasil,Mercosul,NIC.br,Notícia/comunicado,Anatel e UNESCO iniciam mapeamento sobre competências digitais de crianças e adolescentes,2026-06-25,2026-06-25,https://www.nic.br/noticia/na-midia/anatel-e-unesco-iniciam-mapeamento-sobre-competencias-digitais-de-criancas-e-adolescentes,,GitHub weekly,workflow semanal
nic,NIC.br,Brasil,Mercosul,NIC.br,Notícia/comunicado,ECA Digital impulsiona debate sobre credenciais verificáveis para proteção de crianças e adolescentes,2026-06-25,2026-06-25,https://www.nic.br/noticia/na-midia/eca-digital-impulsiona-debate-sobre-credenciais-verificaveis-para-protecao-i-online-i-de-criancas-e-adolescentes,,GitHub weekly,workflow semanal
mercociudades,Mercociudades,Regional,Mercosul,Mercociudades,Notícia/comunicado,O Grupo de Esportes da Mercocidades convida a participar de sua próxima reunião virtual,2026-06-25,2026-06-25,https://mercociudades.org/pt-br/grupo-deportes-mercociudades-invita-participar-proximo-encuentro-virtual,,GitHub weekly,workflow semanal
mercociudades,Mercociudades,Regional,Mercosul,Mercociudades,Notícia/comunicado,Mensagem de Solidariedade ao povo da irmã República Bolivariana da Venezuela,2026-06-25,2026-06-25,https://mercociudades.org/pt-br/mensaje-de-solidaridad-con-el-pueblo-de-la-hermana-republica-bolivariana-de-venezuela,,GitHub weekly,workflow semanal
nic,NIC.br,Brasil,Mercosul,NIC.br,Notícia/comunicado,Inclusão digital vira oportunidades em comunidades rurais amazônicas,2026-06-24,2026-06-24,https://www.nic.br/noticia/na-midia/inclusao-digital-vira-oportunidades-em-comunidades-rurais-amazonicas,,GitHub weekly,workflow semanal
nic,NIC.br,Brasil,Mercosul,NIC.br,Notícia/comunicado,"Sem alvará, sem dinheiro: a nova realidade dos influenciadores mirins",2026-06-24,2026-06-24,https://www.nic.br/noticia/na-midia/sem-alvara-sem-dinheiro-a-nova-realidade-dos-influenciadores-mirins,,GitHub weekly,workflow semanal
edpb,EDPB,União Europeia,UE,EDPB,Notícia/comunicado,Supporting GDPR consistency: EDPB launches dedicated form,2026-06-24,2026-06-24,https://www.edpb.europa.eu/news/supporting-gdpr-consistency-edpb-launches-dedicated-form_en,,GitHub weekly,workflow semanal
nic,NIC.br,Brasil,Mercosul,NIC.br,Notícia/comunicado,"Dados, IA e qualificação profissional são apontados como pilares para enfrentar transformações do trabalho",2026-06-24,2026-06-24,https://www.nic.br/noticia/na-midia/dados-inteligencia-artificial-e-qualificacao-profissional-sao-apontados-como-pilares-para-enfrentar-transformacoes-do-trabalho,,GitHub weekly,workflow semanal
nic,NIC.br,Brasil,Mercosul,NIC.br,Notícia/comunicado,UFSCar promove 1º encontro estadual sobre Interação Humano-Computador,2026-06-23,2026-06-23,https://www.nic.br/noticia/na-midia/ufscar-sedia-1-encontro-estadual-sobre-interacao-humano-computador,,GitHub weekly,workflow semanal
nic,NIC.br,Brasil,Mercosul,NIC.br,Notícia/comunicado,RNP debate futuro da identidade digital acadêmica no 2º Workshop de Credenciais Verificáveis,2026-06-23,2026-06-23,https://www.nic.br/noticia/na-midia/rnp-debate-futuro-da-identidade-digital-academica-no-2-i-workshop-i-de-credenciais-verificaveis,,GitHub weekly,workflow semanal
nic,NIC.br,Brasil,Mercosul,NIC.br,Notícia/comunicado,NIC.br integra nova composição do Conselho Diretor da LACTLD,2026-06-22,2026-06-22,https://www.nic.br/noticia/notas/nic-br-integra-nova-composicao-do-conselho-diretor-da-lactld,,GitHub weekly,workflow semanal
nic,NIC.br,Brasil,Mercosul,NIC.br,Notícia/comunicado,"Em meio à crise dos alertas, CNCiber cria grupos para discutir incidentes digitais",2026-06-22,2026-06-22,https://www.nic.br/noticia/na-midia/em-meio-a-crise-dos-alertas-cnciber-cria-grupos-para-discutir-incidentes-digitais,,GitHub weekly,workflow semanal
edpb,EDPB,União Europeia,UE,EDPB,Notícia/comunicado,EDPB gets a new look: discover the new website and brand identity,2026-06-22,2026-06-22,https://www.edpb.europa.eu/news/edpb-gets-a-new-look-discover-the-new-website-and-brand-identity_en,,GitHub weekly,workflow semanal
nic,NIC.br,Brasil,Mercosul,NIC.br,Notícia/comunicado,Brasil acelera regulação digital e busca soberania tecnológica diante de desafios da Internet e IA,2026-06-22,2026-06-22,https://www.nic.br/noticia/na-midia/em-entrevista-ao-liberal-renata-mielli-fala-sobre-regulacao-digital-e-soberania-tecnologica,,GitHub weekly,workflow semanal
nic,NIC.br,Brasil,Mercosul,NIC.br,Notícia/comunicado,Demi Getschko alerta para os riscos da concentração e da fragmentação da Internet,2026-06-22,2026-06-22,https://www.nic.br/noticia/na-midia/demi-getschko-internet-esta-concentrada-nas-maos-de-poucos-e-isso-preocupa-para-o-futuro,,GitHub weekly,workflow semanal
nic,NIC.br,Brasil,Mercosul,NIC.br,Notícia/comunicado,Workshop em Brasília discute credenciais verificáveis e segurança digital,2026-06-19,2026-06-19,https://www.nic.br/noticia/na-midia/i-workshop-i-em-brasilia-discute-credenciais-verificaveis-e-seguranca-digital,,GitHub weekly,workflow semanal
nic,NIC.br,Brasil,Mercosul,NIC.br,Notícia/comunicado,O que acontece com suas fotos e conversas quando você usa um chatbot,2026-06-19,2026-06-19,https://www.nic.br/noticia/na-midia/o-que-acontece-com-suas-fotos-e-conversas-quando-voce-usa-um-i-chatbot-i,,GitHub weekly,workflow semanal
nic,NIC.br,Brasil,Mercosul,NIC.br,Notícia/comunicado,"Credenciais verificáveis avançam em Brasília com foco em segurança, privacidade, ECA Digital e confiança pública",2026-06-19,2026-06-19,https://www.nic.br/noticia/na-midia/credenciais-verificaveis-avancam-em-brasilia-com-foco-em-seguranca-privacidade-eca-digital-e-confianca-publica,,GitHub weekly,workflow semanal
nic,NIC.br,Brasil,Mercosul,NIC.br,Notícia/comunicado,Claude amplia atuação no Brasil com parceiros especializados,2026-06-18,2026-06-18,https://www.nic.br/noticia/na-midia/claude-amplia-atuacao-no-brasil-com-parceiros-especializados,,GitHub weekly,workflow semanal
nic,NIC.br,Brasil,Mercosul,NIC.br,Notícia/comunicado,2º Workshop de Credenciais Verificáveis debate transformação digital brasileira,2026-06-18,2026-06-18,https://www.nic.br/noticia/na-midia/2-i-workshop-i-de-credenciais-verificaveis-debate-transformacao-digital-brasileira,,GitHub weekly,workflow semanal
nic,NIC.br,Brasil,Mercosul,NIC.br,Notícia/comunicado,36% das empresas brasileiras pagam para ter serviços de nuvem,2026-06-17,2026-06-17,https://www.nic.br/noticia/na-midia/pouco-mais-de-36-das-empresas-brasileiras-pagam-para-ter-servicos-de-nuvem,,GitHub weekly,workflow semanal
nic,NIC.br,Brasil,Mercosul,NIC.br,Notícia/comunicado,IA influencia e molda cada vez mais a reputação de marcas,2026-06-17,2026-06-17,https://www.nic.br/noticia/na-midia/ia-influencia-e-molda-cada-vez-mais-a-reputac-a-o-de-marcas,,GitHub weekly,workflow semanal
nic,NIC.br,Brasil,Mercosul,NIC.br,Notícia/comunicado,Uso de IA nas empresas brasileiras cresce 4% no último ano,2026-06-17,2026-06-17,https://www.nic.br/noticia/na-midia/uso-de-ia-nas-empresas-brasileiras-cresce-4-no-ultimo-ano,,GitHub weekly,workflow semanal
nic,NIC.br,Brasil,Mercosul,NIC.br,Notícia/comunicado,Nuvem está presente em 36% das empresas brasileiras,2026-06-16,2026-06-16,https://www.nic.br/noticia/na-midia/nuvem-esta-presente-em-36-das-empresas-brasileiras,,GitHub weekly,workflow semanal
nic,NIC.br,Brasil,Mercosul,NIC.br,Notícia/comunicado,Quase 100 mil empresas brasileiras fizeram uso de alguma Inteligência Artificial,2026-06-16,2026-06-16,https://www.nic.br/noticia/na-midia/quase-100-mil-empresas-brasileiras-fizeram-uso-de-alguma-inteligencia-artificial,,GitHub weekly,workflow semanal
nic,NIC.br,Brasil,Mercosul,NIC.br,Notícia/comunicado,O futuro do jornalismo está nas mãos das gerações que parecem mais ignorá-lo,2026-06-16,2026-06-16,https://www.nic.br/noticia/na-midia/o-futuro-do-jornalismo-esta-nas-maos-das-geracoes-que-parecem-mais-ignora-lo,,GitHub weekly,workflow semanal
nic,NIC.br,Brasil,Mercosul,NIC.br,Notícia/comunicado,Sobre o desenvolvimento e uso responsáveis de Inteligência Artificial na educação,2026-06-15,2026-06-15,https://www.nic.br/noticia/na-midia/sobre-o-desenvolvimento-e-uso-responsaveis-de-inteligencia-artificial-na-educacao,,GitHub weekly,workflow semanal
nic,NIC.br,Brasil,Mercosul,NIC.br,Notícia/comunicado,Relato de endividamento por bets viraliza e acende alerta para avanço da ludopatia no país,2026-06-15,2026-06-15,https://www.nic.br/noticia/na-midia/relato-de-endividamento-por-i-bets-i-viraliza-e-acende-alerta-para-avanco-da-ludopatia-no-pais,,GitHub weekly,workflow semanal
nic,NIC.br,Brasil,Mercosul,NIC.br,Notícia/comunicado,Bets e Copa do Mundo: combinação pode aumentar o risco de dependência?,2026-06-15,2026-06-15,https://www.nic.br/noticia/na-midia/bets-e-copa-do-mundo-combinacao-pode-aumentar-o-risco-de-dependencia,,GitHub weekly,workflow semanal
nic,NIC.br,Brasil,Mercosul,NIC.br,Notícia/comunicado,STF: Toffoli defende responsabilizar marketplaces e flexibiliza exigência de sede para big techs no país,2026-06-12,2026-06-12,https://www.nic.br/noticia/na-midia/stf-toffoli-defende-responsabilizar-i-marketplaces-i-e-flexibiliza-exigencia-de-sede-para-i-big-techs-i-no-pais,,GitHub weekly,workflow semanal
nic,NIC.br,Brasil,Mercosul,NIC.br,Notícia/comunicado,Governo publica regras para eleições de 2026 do CGI.br,2026-06-12,2026-06-12,https://www.nic.br/noticia/na-midia/governo-publica-regras-para-eleicoes-de-2026-do-cgi-br,,GitHub weekly,workflow semanal
nic,NIC.br,Brasil,Mercosul,NIC.br,Notícia/comunicado,STF forma maioria para que plataformas implementem em 60 dias alterações exigidas pela Corte,2026-06-12,2026-06-12,https://www.nic.br/noticia/na-midia/stf-forma-maioria-para-que-plataformas-implementem-em-60-dias-alteracoes-exigidas-pela-corte,,GitHub weekly,workflow semanal
edpb,EDPB,União Europeia,UE,EDPB,Notícia/comunicado,Coordinated Supervision Committee extends scope to include Eurodac,2026-06-12,2026-06-12,https://www.edpb.europa.eu/news/coordinated-supervision-committee-extends-scope-to-include-eurodac_en,,GitHub weekly,workflow semanal
nic,NIC.br,Brasil,Mercosul,NIC.br,Notícia/comunicado,"Uso de Inteligência Artificial por empresas brasileiras avança e atinge 17%, aponta pesquisa do Cetic.br",2026-06-12,2026-06-12,https://www.nic.br/noticia/releases/uso-de-inteligencia-artificial-por-empresas-brasileiras-avanca-e-atinge-17-aponta-pesquisa-do-cetic-br,,GitHub weekly,workflow semanal
nic,NIC.br,Brasil,Mercosul,NIC.br,Notícia/comunicado,STF julga recursos contra ampliação de responsabilidade de redes sociais,2026-06-11,2026-06-11,https://www.nic.br/noticia/na-midia/stf-julga-recursos-contra-ampliacao-de-responsabilidade-de-redes-sociais,,GitHub weekly,workflow semanal
nic,NIC.br,Brasil,Mercosul,NIC.br,Notícia/comunicado,MEC reabre prazos da Piec e reforça uso de medidor desenvolvido pelo NIC.br,2026-06-11,2026-06-11,https://www.nic.br/noticia/na-midia/reaberto-ciclo-2026-da-politica-de-educacao-conectada,,GitHub weekly,workflow semanal
nic,NIC.br,Brasil,Mercosul,NIC.br,Notícia/comunicado,"Streaming , home office e games : a disputa invisível pela Internet dentro de casa",2026-06-11,2026-06-11,https://www.nic.br/noticia/na-midia/i-streaming-i-i-home-office-i-e-i-games-i-a-disputa-invisivel-pela-internet-dentro-de-casa,,GitHub weekly,workflow semanal
nic,NIC.br,Brasil,Mercosul,NIC.br,Notícia/comunicado,"2ª edição do Workshop de Credenciais Verificáveis debate privacidade, soberania de dados e verificação de idade na Internet",2026-06-10,2026-06-10,https://www.nic.br/noticia/releases/2-edicao-do-i-workshop-i-de-credenciais-verificaveis-debate-privacidade-soberania-de-dados-e-verificacao-de-idade-na-internet,,GitHub weekly,workflow semanal
nic,NIC.br,Brasil,Mercosul,NIC.br,Notícia/comunicado,"Sob pressão dos EUA, STF julga nesta quarta recursos contra decisão que aumentou responsabilidade das big techs",2026-06-10,2026-06-10,https://www.nic.br/noticia/na-midia/sob-pressao-dos-eua-stf-julga-nesta-quarta-recursos-contra-decisao-que-aumentou-responsabilidade-das-i-big-techs-i,,GitHub weekly,workflow semanal
nic,NIC.br,Brasil,Mercosul,NIC.br,Notícia/comunicado,Como era a Internet na última vez em que o Brasil ganhou a Copa?,2026-06-10,2026-06-10,https://www.nic.br/noticia/na-midia/como-era-a-internet-na-ultima-vez-em-que-o-brasil-ganhou-a-copa,,GitHub weekly,workflow semanal
edpb,EDPB,União Europeia,UE,EDPB,Notícia/comunicado,EDPB meets with EU Commissioner McGrath and adopts common data breach notification template,2026-06-10,2026-06-10,https://www.edpb.europa.eu/news/edpb-meets-with-eu-commissioner-mcgrath-and-adopts-common-data-breach-notification-template_en,,GitHub weekly,workflow semanal
nic,NIC.br,Brasil,Mercosul,NIC.br,Notícia/comunicado,O Tecnobrega da regulação de plataformas: reflexões inspiradas por Belém,2026-06-10,2026-06-10,https://www.nic.br/noticia/na-midia/o-tecnobrega-da-regulacao-de-plataformas-reflexoes-inspiradas-por-belem,,GitHub weekly,workflow semanal
nic,NIC.br,Brasil,Mercosul,NIC.br,Notícia/comunicado,As crianças precisam aprender a ficar entediadas,2026-06-09,2026-06-09,https://www.nic.br/noticia/na-midia/as-criancas-precisam-aprender-a-ficar-entediadas,,GitHub weekly,workflow semanal
nic,NIC.br,Brasil,Mercosul,NIC.br,Notícia/comunicado,Revogação da Norma 4 e o futuro da Internet no Brasil,2026-06-09,2026-06-09,https://www.nic.br/noticia/na-midia/anatel-quer-revogar-norma-de-1995-e-abre-disputa-sobre-futuro-da-internet-no-brasil,,GitHub weekly,workflow semanal
nic,NIC.br,Brasil,Mercosul,NIC.br,Notícia/comunicado,"Com apoio do NIC.br e do CGI.br, MGI realiza o XI PARCOM",2026-06-09,2026-06-09,https://www.nic.br/noticia/na-midia/com-apoio-do-nic-br-e-do-cgi-br-mgi-realiza-o-xi-parcom,,GitHub weekly,workflow semanal
nic,NIC.br,Brasil,Mercosul,NIC.br,Notícia/comunicado,Quantas são e onde estão as bibliotecas públicas brasileiras,2026-06-08,2026-06-08,https://www.nic.br/noticia/na-midia/quantas-sao-e-onde-estao-as-bibliotecas-publicas-brasileiras,,GitHub weekly,workflow semanal
nic,NIC.br,Brasil,Mercosul,NIC.br,Notícia/comunicado,Arquiteturas digitais e seus impactos na proteção da infância,2026-06-08,2026-06-08,https://www.nic.br/noticia/na-midia/arquiteturas-digitais-e-seus-impactos-na-protecao-da-infancia,,GitHub weekly,workflow semanal
nic,NIC.br,Brasil,Mercosul,NIC.br,Notícia/comunicado,Inteligência artificial na escola: proibir ou ensinar a usar?,2026-06-08,2026-06-08,https://www.nic.br/noticia/na-midia/inteligencia-artificial-na-escola-proibir-ou-ensinar-a-usar,,GitHub weekly,workflow semanal
nic,NIC.br,Brasil,Mercosul,NIC.br,Notícia/comunicado,Amazônia ganha protagonismo nos debates do Fórum da Internet no Brasil,2026-06-03,2026-06-03,https://www.nic.br/noticia/na-midia/amazonia-ganha-protagonismo-nos-debates-do-forum-da-internet-no-brasil,,GitHub weekly,workflow semanal
nic,NIC.br,Brasil,Mercosul,NIC.br,Notícia/comunicado,A nova geração se interessa por política ou apenas consome conteúdo?,2026-06-03,2026-06-03,https://www.nic.br/noticia/na-midia/a-nova-geracao-se-interessa-por-politica-ou-apenas-consome-conteudo,,GitHub weekly,workflow semanal
nic,NIC.br,Brasil,Mercosul,NIC.br,Notícia/comunicado,Decisão automatizada é tema de workshop em Fórum da Internet no Brasil,2026-06-03,2026-06-03,https://www.nic.br/noticia/na-midia/decisao-automatizada-e-tema-de-i-workshop-i-em-forum-da-internet-no-brasil,,GitHub weekly,workflow semanal
nic,NIC.br,Brasil,Mercosul,NIC.br,Notícia/comunicado,Programe-se para as próximas iniciativas gratuitas do NIC.br,2026-06-02,2026-06-02,https://www.nic.br/noticia/na-midia/programe-se-para-as-proximas-iniciativas-gratuitas-do-nic-br,,GitHub weekly,workflow semanal
nic,NIC.br,Brasil,Mercosul,NIC.br,Notícia/comunicado,Fair share : CICS analisará inclusão da ABES em audiência,2026-06-02,2026-06-02,https://www.nic.br/noticia/na-midia/i-fair-share-i-cics-analisara-inclusao-da-abes-em-audiencia,,GitHub weekly,workflow semanal
nic,NIC.br,Brasil,Mercosul,NIC.br,Notícia/comunicado,Decreto 12.975 e a competência da ANPD à luz da nova interpretação do art. 19,2026-06-02,2026-06-02,https://www.nic.br/noticia/na-midia/decreto-12-975-e-a-competencia-da-anpd-a-luz-da-nova-interpretacao-do-art-19,,GitHub weekly,workflow semanal
nic,NIC.br,Brasil,Mercosul,NIC.br,Notícia/comunicado,Último dia do FIB16 discutiu o papel do Congresso na governança tecnológica,2026-06-01,2026-06-01,https://www.nic.br/noticia/na-midia/fib16-debateu-regulacao-da-ia-soberania-digital-e-papel-do-congresso-na-governanca-tecnologica,,GitHub weekly,workflow semanal
nic,NIC.br,Brasil,Mercosul,NIC.br,Notícia/comunicado,"Em trilha parlamentar do FIB16, deputada alerta para risco de colonialismo de dados",2026-06-01,2026-06-01,https://www.nic.br/noticia/na-midia/deputada-alerta-para-risco-de-colonialismo-de-dados,,GitHub weekly,workflow semanal
nic,NIC.br,Brasil,Mercosul,NIC.br,Notícia/comunicado,FIB16 em Belém: um passeio visual,2026-06-01,2026-06-01,https://www.nic.br/noticia/na-midia/fib16-em-belem-pa-um-passeio-visual,,GitHub weekly,workflow semanal
nic,NIC.br,Brasil,Mercosul,NIC.br,Notícia/comunicado,Especialistas associam regulação da IA e de plataformas digitais à soberania nacional,2026-05-29,2026-05-29,https://www.nic.br/noticia/notas/especialistas-associam-regulacao-da-ia-e-de-plataformas-digitais-a-soberania-nacional,,GitHub weekly,workflow semanal
nic,NIC.br,Brasil,Mercosul,NIC.br,Notícia/comunicado,"FIB 2026: soberania digital, IA e conectividade amazônica marcam debates",2026-05-29,2026-05-29,https://www.nic.br/noticia/na-midia/fib-2026-soberania-digital-ia-e-conectividade-amazonica-marcam-debates,,GitHub weekly,workflow semanal
nic,NIC.br,Brasil,Mercosul,NIC.br,Notícia/comunicado,FIB16 discute soberania linguística indígena,2026-05-29,2026-05-29,https://www.nic.br/noticia/na-midia/fib16-debate-soberania-linguistica-indigena,,GitHub weekly,workflow semanal
nic,NIC.br,Brasil,Mercosul,NIC.br,Notícia/comunicado,Transparência e proteção infantojuvenil centralizam debate sobre ECA Digital no FIB16,2026-05-29,2026-05-29,https://www.nic.br/noticia/notas/transparencia-e-protecao-infantojuvenil-centralizam-debate-sobre-eca-digital-no-fib16,,GitHub weekly,workflow semanal
nic,NIC.br,Brasil,Mercosul,NIC.br,Notícia/comunicado,"Renata Mielli participa de debate sobre IA, saúde mental e proteção digital de jovens na Rádio Alepa FM",2026-05-29,2026-05-29,https://www.nic.br/noticia/na-midia/radio-alepa-fm-promove-debate-sobre-ia-saude-mental-e-protecao-digital-de-jovens-com-a-doutora-no-assunto-renata-mielli,,GitHub weekly,workflow semanal
nic,NIC.br,Brasil,Mercosul,NIC.br,Notícia/comunicado,"Legislação penal de cibersegurança está desatualizada, avalia presidente do conselho consultivo da Anatel",2026-05-28,2026-05-28,https://www.nic.br/noticia/na-midia/legislacao-penal-de-ciberseguranca-esta-desatualizada-avalia-presidente-do-conselho-consultivo-da-anatel,,GitHub weekly,workflow semanal
nic,NIC.br,Brasil,Mercosul,NIC.br,Notícia/comunicado,"Valorização profissional e sustentabilidade criativa são desafios enfrentados por produtores culturais na era da IA, apontam especialistas",2026-05-28,2026-05-28,https://www.nic.br/noticia/notas/valorizacao-profissional-e-sustentabilidade-criativa-sao-desafios-enfrentados-por-produtores-culturais-na-era-da-ia-apontam-especialistas,,GitHub weekly,workflow semanal
nic,NIC.br,Brasil,Mercosul,NIC.br,Notícia/comunicado,"FIB16 debate IA, cibersegurança e proteção de crianças e adolescentes no ambiente digital",2026-05-28,2026-05-28,https://www.nic.br/noticia/na-midia/fib16-debate-ia-ciberseguranca-e-protecao-de-criancas-e-adolescentes-no-ambiente-digital,,GitHub weekly,workflow semanal
nic,NIC.br,Brasil,Mercosul,NIC.br,Notícia/comunicado,Fórum da Internet no Brasil debate caminhos multissetoriais para a soberania digital,2026-05-28,2026-05-28,https://www.nic.br/noticia/notas/forum-da-internet-no-brasil-debate-caminhos-multissetoriais-para-a-soberania-digital,,GitHub weekly,workflow semanal
nic,NIC.br,Brasil,Mercosul,NIC.br,Notícia/comunicado,Juventude e cidadania digital ganham destaque no FIB16 em Belém,2026-05-28,2026-05-28,https://www.nic.br/noticia/na-midia/juventude-e-cidadania-digital-ganham-destaque-no-fib16-em-belem,,GitHub weekly,workflow semanal
nic,NIC.br,Brasil,Mercosul,NIC.br,Notícia/comunicado,FIB16 movimenta Belém entre segunda e sexta-feira,2026-05-27,2026-05-27,https://www.nic.br/noticia/na-midia/fib16-movimenta-belem-entre-segunda-e-sexta-feira,,GitHub weekly,workflow semanal
nic,NIC.br,Brasil,Mercosul,NIC.br,Notícia/comunicado,Pesquisa mostra que 1 em cada 5 estabelecimentos de saúde no Brasil usa IA,2026-05-27,2026-05-27,https://www.nic.br/noticia/na-midia/pesquisa-mostra-que-1-em-cada-5-estabelecimentos-de-saude-no-brasil-usa-ia,,GitHub weekly,workflow semanal
nic,NIC.br,Brasil,Mercosul,NIC.br,Notícia/comunicado,FIB16: direito dos povos originários precede direitos digitais,2026-05-27,2026-05-27,https://www.nic.br/noticia/na-midia/fib16-direito-dos-povos-originarios-precede-direitos-digitais,,GitHub weekly,workflow semanal
nic,NIC.br,Brasil,Mercosul,NIC.br,Notícia/comunicado,Caiu em um golpe? Novo fascículo do CERT.br dá orientações sobre como agir,2026-05-26,2026-05-26,https://www.nic.br/noticia/releases/caiu-em-um-golpe-novo-fasciculo-do-cert-br-da-orientacoes-sobre-como-agir,,GitHub weekly,workflow semanal
nic,NIC.br,Brasil,Mercosul,NIC.br,Notícia/comunicado,Encontro discute em Belém temas centrais da agenda digital brasileira,2026-05-26,2026-05-26,https://www.nic.br/noticia/na-midia/encontro-discute-em-belem-temas-centrais-da-agenda-digital-brasileira,,GitHub weekly,workflow semanal
nic,NIC.br,Brasil,Mercosul,NIC.br,Notícia/comunicado,"FIB16 vai até sexta com debates em Belém sobre IA, ECA Digital e soberania",2026-05-26,2026-05-26,https://www.nic.br/noticia/na-midia/fib16-vai-ate-sexta-com-debates-em-belem-sobre-ia-eca-digital-e-soberania,,GitHub weekly,workflow semanal
nic,NIC.br,Brasil,Mercosul,NIC.br,Notícia/comunicado,CGI.br apoia decretos do MCI e defende dever de cuidado das plataformas,2026-05-26,2026-05-26,https://www.nic.br/noticia/na-midia/cgi-br-apoia-decretos-do-mci-e-defende-dever-de-cuidado-das-plataformas,,GitHub weekly,workflow semanal
nic,NIC.br,Brasil,Mercosul,NIC.br,Notícia/comunicado,FIB retorna a Belém após 13 anos com debates sobre IA e cibersegurança,2026-05-25,2026-05-25,https://www.nic.br/noticia/na-midia/forum-da-internet-no-brasil-retorna-a-belem-apos-13-anos-com-debates-sobre-ia-e-ciberseguranca,,GitHub weekly,workflow semanal
nic,NIC.br,Brasil,Mercosul,NIC.br,Notícia/comunicado,Como o consumo de pornografia na adolescência impacta a saúde mental,2026-05-25,2026-05-25,https://www.nic.br/noticia/na-midia/como-o-consumo-de-pornografia-na-adolescencia-impacta-a-saude-mental,,GitHub weekly,workflow semanal
nic,NIC.br,Brasil,Mercosul,NIC.br,Notícia/comunicado,CGI.br se manifesta a favor das regras mais duras do Governo Lula às big techs,2026-05-25,2026-05-25,https://www.nic.br/noticia/na-midia/cgi-br-se-manifesta-a-favor-das-regras-mais-duras-do-governo-lula-as-i-big-techs-i,,GitHub weekly,workflow semanal
nic,NIC.br,Brasil,Mercosul,NIC.br,Notícia/comunicado,Acessibilidade na Web: W3C reconhecido pela Forbes,2026-05-22,2026-05-22,https://www.nic.br/noticia/notas/acessibilidade-na-web-w3c-reconhecido-pela-forbes,,GitHub weekly,workflow semanal
nic,NIC.br,Brasil,Mercosul,NIC.br,Notícia/comunicado,FIB16 fala de IA e cibersegurança em Belém,2026-05-22,2026-05-22,https://www.nic.br/noticia/na-midia/fib16-fala-de-ia-e-ciberseguranca-em-belem,,GitHub weekly,workflow semanal
nic,NIC.br,Brasil,Mercosul,NIC.br,Notícia/comunicado,"Alana participa do FIB16, principal fórum de Internet do país",2026-05-22,2026-05-22,https://www.nic.br/noticia/na-midia/alana-participa-do-fib16-principal-forum-de-internet-do-pais,,GitHub weekly,workflow semanal
nic,NIC.br,Brasil,Mercosul,NIC.br,Notícia/comunicado,O que significa a nova lei para as redes sociais,2026-05-22,2026-05-22,https://www.nic.br/noticia/na-midia/o-que-significa-a-nova-lei-para-as-redes-sociais,,GitHub weekly,workflow semanal
nic,NIC.br,Brasil,Mercosul,NIC.br,Notícia/comunicado,"FIB16 acontecerá em Belém, o coração da Amazônia",2026-05-21,2026-05-21,https://www.nic.br/noticia/na-midia/fib16-acontecera-em-belem-o-coracao-da-amazonia,,GitHub weekly,workflow semanal
nic,NIC.br,Brasil,Mercosul,NIC.br,Notícia/comunicado,"Em Belém, FIB16 começa na próxima segunda-feira (25)",2026-05-21,2026-05-21,https://www.nic.br/noticia/na-midia/em-belem-fib16-comeca-na-proxima-segunda-feira-25,,GitHub weekly,workflow semanal
nic,NIC.br,Brasil,Mercosul,NIC.br,Notícia/comunicado,"Com inscrições gratuitas, 16º Fórum da Internet no Brasil discute governança digital",2026-05-21,2026-05-21,https://www.nic.br/noticia/na-midia/com-inscricoes-gratuitas-16-forum-da-internet-no-brasil-discute-governanca-digital,,GitHub weekly,workflow semanal
nic,NIC.br,Brasil,Mercosul,NIC.br,Notícia/comunicado,A IA vai avançar até onde a infraestrutura permitir,2026-05-20,2026-05-20,https://www.nic.br/noticia/na-midia/a-ia-vai-avancar-ate-onde-a-infraestrutura-permitir,,GitHub weekly,workflow semanal
nic,NIC.br,Brasil,Mercosul,NIC.br,Notícia/comunicado,Digitalização na saúde avança e 18% dos estabelecimentos usam IA,2026-05-20,2026-05-20,https://www.nic.br/noticia/na-midia/digitalizacao-na-saude-avanca-e-18-dos-estabelecimentos-usam-ia,,GitHub weekly,workflow semanal
nic,NIC.br,Brasil,Mercosul,NIC.br,Notícia/comunicado,Lula assina decretos com novas regras para redes sociais,2026-05-20,2026-05-20,https://www.nic.br/noticia/na-midia/lula-assina-decretos-com-novas-regras-para-redes-sociais,,GitHub weekly,workflow semanal
nic,NIC.br,Brasil,Mercosul,NIC.br,Notícia/comunicado,"Uso de inteligência artificial cresce no setor de saúde, com foco em tarefas administrativa",2026-05-19,2026-05-19,https://www.nic.br/noticia/na-midia/uso-de-inteligencia-artificial-cresce-no-setor-de-saude-com-foco-em-tarefas-administrativa,,GitHub weekly,workflow semanal
nic,NIC.br,Brasil,Mercosul,NIC.br,Notícia/comunicado,NIC.br abre inscrições para o Desafio BCOP 2026,2026-05-19,2026-05-19,https://www.nic.br/noticia/na-midia/nic-br-abre-inscricoes-para-o-desafio-bcop-2026-com-novas-categorias-para-provedores-e-usuarios-finais,,GitHub weekly,workflow semanal
nic,NIC.br,Brasil,Mercosul,NIC.br,Notícia/comunicado,Inteligência artificial está presente em 18% dos serviços de saúde do país,2026-05-19,2026-05-19,https://www.nic.br/noticia/na-midia/inteligencia-artificial-esta-presente-em-18-dos-servicos-de-saude-do-pais,,GitHub weekly,workflow semanal
edpb,EDPB,União Europeia,UE,EDPB,Notícia/comunicado,EDPB and EDPS support strengthening EU’s cybersecurity and easing compliance while protecting individuals’ personal data,2026-05-19,2026-05-19,https://www.edpb.europa.eu/news/edpb-and-edps-support-strengthening-eus-cybersecurity-and-easing-compliance-while-protecting_en,,GitHub weekly,workflow semanal
nic,NIC.br,Brasil,Mercosul,NIC.br,Notícia/comunicado,Governo Lula avalia ampliar decreto sobre big techs com agência fiscalizando deveres,2026-05-18,2026-05-18,https://www.nic.br/noticia/na-midia/governo-lula-avalia-ampliar-decreto-sobre-i-big-techs-i-com-agencia-fiscalizando-deveres,,GitHub weekly,workflow semanal
nic,NIC.br,Brasil,Mercosul,NIC.br,Notícia/comunicado,NIC.br abre inscrições para Desafio BCOP 2026,2026-05-18,2026-05-18,https://www.nic.br/noticia/na-midia/nic-br-abre-inscricoes-para-desafio-bcop-2026,,GitHub weekly,workflow semanal
nic,NIC.br,Brasil,Mercosul,NIC.br,Notícia/comunicado,"Em entrevista, Demi Getschko alerta que IA cria risco de 'acomodação intelectual'",2026-05-18,2026-05-18,https://www.nic.br/noticia/na-midia/em-entrevista-demi-getschko-alerta-que-ia-cria-risco-de-acomodacao-intelectual,,GitHub weekly,workflow semanal
nic,NIC.br,Brasil,Mercosul,NIC.br,Notícia/comunicado,Regulamentação para acolher nova interpretação do Artigo 19 do MCI fortalecerá ANPD,2026-05-15,2026-05-15,https://www.nic.br/noticia/na-midia/regulamentacao-para-acolher-nova-interpretacao-do-artigo-19-do-mci-fortalecera-anpd,,GitHub weekly,workflow semanal
nic,NIC.br,Brasil,Mercosul,NIC.br,Notícia/comunicado,Sedigi debate regulação de plataformas digitais na Câmara dos Deputados,2026-05-15,2026-05-15,https://www.nic.br/noticia/na-midia/sedigi-debate-regulacao-de-plataformas-digitais-na-camara-dos-deputados,,GitHub weekly,workflow semanal
nic,NIC.br,Brasil,Mercosul,NIC.br,Notícia/comunicado,Regulação de plataformas volta ao centro do debate legislativo,2026-05-15,2026-05-15,https://www.nic.br/noticia/na-midia/regulacao-de-plataformas-volta-ao-centro-do-debate-legislativo,,GitHub weekly,workflow semanal
nic,NIC.br,Brasil,Mercosul,NIC.br,Notícia/comunicado,Governo defende regulação “cirúrgica” de plataformas digitais na Câmara,2026-05-14,2026-05-14,https://www.nic.br/noticia/na-midia/governo-defende-regulacao-cirurgica-de-plataformas-digitais-na-camara,,GitHub weekly,workflow semanal
nic,NIC.br,Brasil,Mercosul,NIC.br,Notícia/comunicado,Comissão da Câmara debate princípios para regulação de plataformas digitais elaborados pelo CGI.br,2026-05-14,2026-05-14,https://www.nic.br/noticia/na-midia/cgi-br-apresenta-principios-para-regulacao-de-i-big-techs-i-no-brasil,,GitHub weekly,workflow semanal
nic,NIC.br,Brasil,Mercosul,NIC.br,Notícia/comunicado,"Parlamentares da Comissão de Ciência, Tecnologia e Inovação da Câmara dos Deputados visitam instalações do NIC.br em SP",2026-05-14,2026-05-14,https://www.nic.br/noticia/notas/parlamentares-da-comissao-de-ciencia-tecnologia-e-inovacao-da-camara-dos-deputados-visitam-instalacoes-do-nic-br-em-sp,,GitHub weekly,workflow semanal
nic,NIC.br,Brasil,Mercosul,NIC.br,Notícia/comunicado,"IA chega a 18% dos estabelecimentos de saúde, mas uso ainda é operacional",2026-05-13,2026-05-13,https://www.nic.br/noticia/na-midia/ia-chega-a-18-dos-estabelecimentos-de-saude-mas-uso-ainda-e-operacional,,GitHub weekly,workflow semanal
nic,NIC.br,Brasil,Mercosul,NIC.br,Notícia/comunicado,"18% das unidades de saúde usam IA no Brasil, diz pesquisa",2026-05-13,2026-05-13,https://www.nic.br/noticia/na-midia/18-das-unidades-de-saude-usam-ia-no-brasil-diz-pesquisa,,GitHub weekly,workflow semanal
nic,NIC.br,Brasil,Mercosul,NIC.br,Notícia/comunicado,Uso de IA na saúde chega a 18% dos estabelecimentos do país,2026-05-13,2026-05-13,https://www.nic.br/noticia/na-midia/uso-de-ia-na-saude-chega-a-18-dos-estabelecimentos-do-pais,,GitHub weekly,workflow semanal
nic,NIC.br,Brasil,Mercosul,NIC.br,Notícia/comunicado,NIC.br abre inscrições para o Desafio BCOP 2026 e inaugura novas categorias de participação,2026-05-13,2026-05-13,https://www.nic.br/noticia/releases/nic-br-abre-inscricoes-para-o-desafio-bcop-2026-e-inaugura-novas-categorias-de-participacao,,GitHub weekly,workflow semanal
nic,NIC.br,Brasil,Mercosul,NIC.br,Notícia/comunicado,"Uso de Inteligência Artificial avança na saúde brasileira, mas ainda se concentra em tarefas operacionais",2026-05-12,2026-05-12,https://www.nic.br/noticia/releases/uso-de-inteligencia-artificial-avanca-na-saude-brasileira-mas-ainda-se-concentra-em-tarefas-operacionais,,GitHub weekly,workflow semanal
nic,NIC.br,Brasil,Mercosul,NIC.br,Notícia/comunicado,Ferramenta do NIC.br já mediu a qualidade da conexão em 102 mil escolas,2026-05-12,2026-05-12,https://www.nic.br/noticia/na-midia/ferramenta-do-nic-br-ja-mediu-a-qualidade-da-conexao-em-102-mil-escolas,,GitHub weekly,workflow semanal
nic,NIC.br,Brasil,Mercosul,NIC.br,Notícia/comunicado,FIB retorna a Belém com debates sobre IA e cibersegurança,2026-05-12,2026-05-12,https://www.nic.br/noticia/na-midia/fib-retorna-a-belem-com-debates-sobre-ia-e-ciberseguranca,,GitHub weekly,workflow semanal
nic,NIC.br,Brasil,Mercosul,NIC.br,Notícia/comunicado,Impacto da inteligência artificial na infraestrutura de rede domina debates sobre regulação e taxas de conectividade,2026-05-12,2026-05-12,https://www.nic.br/noticia/na-midia/impacto-da-inteligencia-artificial-na-infraestrutura-de-rede-domina-debates-sobre-regulacao-e-taxas-de-conectividade,,GitHub weekly,workflow semanal
nic,NIC.br,Brasil,Mercosul,NIC.br,Notícia/comunicado,GSMA defende revisão regulatória para equilibrar assimetrias entre teles e grandes usuários de rede,2026-05-11,2026-05-11,https://www.nic.br/noticia/na-midia/gsma-defende-revisao-regulatoria-para-equilibrar-assimetrias-entre-teles-e-grandes-usuarios-de-rede,,GitHub weekly,workflow semanal
nic,NIC.br,Brasil,Mercosul,NIC.br,Notícia/comunicado,Wi-Fi doméstico é desafio para provedores de banda larga,2026-05-11,2026-05-11,https://www.nic.br/noticia/na-midia/wi-fi-domestico-e-desafio-para-provedores-de-banda-larga,,GitHub weekly,workflow semanal
nic,NIC.br,Brasil,Mercosul,NIC.br,Notícia/comunicado,IA para todos?,2026-05-11,2026-05-11,https://www.nic.br/noticia/na-midia/ia-para-todos,,GitHub weekly,workflow semanal
nic,NIC.br,Brasil,Mercosul,NIC.br,Notícia/comunicado,"Programação do FIB16 terá debates sobre IA, cibersegurança e proteção de crianças e adolescentes no ambiente digital",2026-05-08,2026-05-08,https://www.nic.br/noticia/releases/programacao-do-fib16-tera-debates-sobre-ia-ciberseguranca-e-protecao-de-criancas-e-adolescentes-no-ambiente-digital,,GitHub weekly,workflow semanal
nic,NIC.br,Brasil,Mercosul,NIC.br,Notícia/comunicado,Ecossistema digital prepara nova rodada de debate sobre custos de rede,2026-05-08,2026-05-08,https://www.nic.br/noticia/na-midia/ecossistema-digital-prepara-nova-rodada-de-debate-sobre-custos-de-rede,,GitHub weekly,workflow semanal
nic,NIC.br,Brasil,Mercosul,NIC.br,Notícia/comunicado,Qualidade da conexão é monitorada em 102 mil escolas da Enec,2026-05-08,2026-05-08,https://www.nic.br/noticia/na-midia/qualidade-da-conexao-e-monitorada-em-102-mil-escolas-da-enec,,GitHub weekly,workflow semanal
nic,NIC.br,Brasil,Mercosul,NIC.br,Notícia/comunicado,Belém volta a sediar o FIB após 13 anos,2026-05-08,2026-05-08,https://www.nic.br/noticia/na-midia/belem-volta-a-sediar-o-fib-apos-13-anos,,GitHub weekly,workflow semanal
nic,NIC.br,Brasil,Mercosul,NIC.br,Notícia/comunicado,IA exige salto na capacidade energética e desafia conectividade dos data centers,2026-05-07,2026-05-07,https://www.nic.br/noticia/na-midia/ia-exige-salto-na-capacidade-energetica-e-desafia-conectividade-dos-i-data-centers-i,,GitHub weekly,workflow semanal
nic,NIC.br,Brasil,Mercosul,NIC.br,Notícia/comunicado,Levantamento mapeia 24 anos de digitalização desigual nas escolas brasileiras,2026-05-07,2026-05-07,https://www.nic.br/noticia/na-midia/levantamento-mapeia-24-anos-de-digitalizacao-desigual-nas-escolas-brasileiras,,GitHub weekly,workflow semanal
nic,NIC.br,Brasil,Mercosul,NIC.br,Notícia/comunicado,Eventos internacionais debatem gestão de dados em arquivos digitais,2026-05-06,2026-05-06,https://www.nic.br/noticia/na-midia/eventos-internacionais-debatem-gestao-de-dados-em-arquivos-digitais,,GitHub weekly,workflow semanal
nic,NIC.br,Brasil,Mercosul,NIC.br,Notícia/comunicado,"Sem investir nos professores, a educação digital vai fracassar",2026-05-06,2026-05-06,https://www.nic.br/noticia/na-midia/sem-investir-nos-professores-a-educacao-digital-vai-fracassar,,GitHub weekly,workflow semanal
nic,NIC.br,Brasil,Mercosul,NIC.br,Notícia/comunicado,"Evento ""Princípios e diretrizes para regulação de plataformas digitais"" tem nova data",2026-05-06,2026-05-06,https://www.nic.br/noticia/na-midia/nova-data-para-debate-sobre-diretrizes-de-regulacao-das-plataformas-digitais,,GitHub weekly,workflow semanal
nic,NIC.br,Brasil,Mercosul,NIC.br,Notícia/comunicado,Meninas e publicidade infantil: entre riscos e novas regras,2026-05-05,2026-05-05,https://www.nic.br/noticia/na-midia/meninas-e-publicidade-infantil-entre-riscos-e-novas-regras,,GitHub weekly,workflow semanal
nic,NIC.br,Brasil,Mercosul,NIC.br,Notícia/comunicado,Você não está atrasado: 7 passos para aprender IA em menos de 30 minutos,2026-05-05,2026-05-05,https://www.nic.br/noticia/na-midia/voce-nao-esta-atrasado-7-passos-para-aprender-ia-em-menos-de-30-minutos,,GitHub weekly,workflow semanal
nic,NIC.br,Brasil,Mercosul,NIC.br,Notícia/comunicado,Como posso evitar ser vítima de deepfakes ?,2026-05-05,2026-05-05,https://www.nic.br/noticia/na-midia/como-posso-evitar-ser-vitima-de-i-deepfakes-i,,GitHub weekly,workflow semanal
edpb,EDPB,União Europeia,UE,EDPB,Notícia/comunicado,EDPB annual report 2025: supporting stakeholders through guidance and dialogue,2026-05-04,2026-05-04,https://www.edpb.europa.eu/news/edpb-annual-report-2025-supporting-stakeholders-through-guidance-and-dialogue_en,,GitHub weekly,workflow semanal
nic,NIC.br,Brasil,Mercosul,NIC.br,Notícia/comunicado,Caso de suposto aliciamento no Roblox revela riscos online,2026-05-04,2026-05-04,https://www.nic.br/noticia/na-midia/caso-de-suposto-aliciamento-no-roblox-revela-riscos-i-online-i,,GitHub weekly,workflow semanal
nic,NIC.br,Brasil,Mercosul,NIC.br,Notícia/comunicado,As transmissões de futebol no Brasil em 2025,2026-05-04,2026-05-04,https://www.nic.br/noticia/na-midia/as-transmissoes-de-futebol-no-brasil-em-2025,,GitHub weekly,workflow semanal
nic,NIC.br,Brasil,Mercosul,NIC.br,Notícia/comunicado,O que as gírias e os memes revelam sobre como estamos nos comunicando,2026-05-04,2026-05-04,https://www.nic.br/noticia/na-midia/o-que-as-girias-e-os-memes-revelam-sobre-como-estamos-nos-comunicando,,GitHub weekly,workflow semanal
nic,NIC.br,Brasil,Mercosul,NIC.br,Notícia/comunicado,Projeto do NIC.br atinge marca histórica de 1 Tb/s de tráfego total,2026-04-30,2026-04-30,https://www.nic.br/noticia/na-midia/projeto-do-nic-br-atinge-marca-historica-de-1-tb-s-de-trafego-total,,GitHub weekly,workflow semanal
nic,NIC.br,Brasil,Mercosul,NIC.br,Notícia/comunicado,Cartografias das desigualdades no Brasil: do território agrário ao digital,2026-04-30,2026-04-30,https://www.nic.br/noticia/na-midia/cartografias-das-desigualdades-no-brasil-do-territorio-agrario-ao-digital,,GitHub weekly,workflow semanal
nic,NIC.br,Brasil,Mercosul,NIC.br,Notícia/comunicado,OpenCDN atinge 1 Tbps de tráfego agregado no Brasil,2026-04-29,2026-04-29,https://www.nic.br/noticia/na-midia/opencdn-atinge-1-tbps-de-trafego-agregado-no-brasil,,GitHub weekly,workflow semanal
nic,NIC.br,Brasil,Mercosul,NIC.br,Notícia/comunicado,OpenCDN utiliza infraestrutura do IX.br para descentralizar tráfego,2026-04-29,2026-04-29,https://www.nic.br/noticia/na-midia/opencdn-chega-a-1-tbps-e-avanca-na-descentralizacao-de-trafego-no-brasil,,GitHub weekly,workflow semanal
nic,NIC.br,Brasil,Mercosul,NIC.br,Notícia/comunicado,OpenCDN bate recorde de dados e atinge marca de 1 Tb/s de tráfego total,2026-04-28,2026-04-28,https://www.nic.br/noticia/na-midia/opencdn-bate-recorde-de-dados-e-atinge-marca-de-1-tb-s-de-trafego-total,,GitHub weekly,workflow semanal
nic,NIC.br,Brasil,Mercosul,NIC.br,Notícia/comunicado,"Dia da Educação: estudantes já usam IA, mas só 32% recebem orientação nas escolas",2026-04-28,2026-04-28,https://www.nic.br/noticia/na-midia/dia-da-educacao-estudantes-ja-usam-ia-mas-so-32-recebem-orientacao-nas-escolas,,GitHub weekly,workflow semanal
nic,NIC.br,Brasil,Mercosul,NIC.br,Notícia/comunicado,OpenCDN atinge marca de 1 Tb/s de tráfego total,2026-04-28,2026-04-28,https://www.nic.br/noticia/releases/opencdn-atinge-marca-de-1-tb-s-de-trafego-total,,GitHub weekly,workflow semanal
nic,NIC.br,Brasil,Mercosul,NIC.br,Notícia/comunicado,OpenCDN atinge marca de 1 Tb/s de tráfego total,2026-04-28,2026-04-28,https://www.nic.br/noticia/na-midia/opencdn-atinge-marca-de-1-tb-s-de-trafego-total,,GitHub weekly,workflow semanal
nic,NIC.br,Brasil,Mercosul,NIC.br,Notícia/comunicado,Cetic.br integra Observatório regional de IA na educação liderado pela UNESCO,2026-04-28,2026-04-28,https://www.nic.br/noticia/notas/cetic-br-integra-observatorio-regional-de-ia-na-educacao-liderado-pela-unesco,,GitHub weekly,workflow semanal
nic,NIC.br,Brasil,Mercosul,NIC.br,Notícia/comunicado,UNESCO e Cetic.br/NIC.br lançam Observatório de Inteligência Artificial na Educação para a América Latina e o Caribe,2026-04-27,2026-04-27,https://www.nic.br/noticia/na-midia/unesco-lanca-observatorio-de-inteligencia-artificial-na-educacao-para-a-america-latina-e-o-caribe,,GitHub weekly,workflow semanal
edpb,EDPB,União Europeia,UE,EDPB,Notícia/comunicado,Marking 10 years of the GDPR: the evolution of the European data protection landscape,2026-04-27,2026-04-27,https://www.edpb.europa.eu/news/marking-10-years-of-the-gdpr-the-evolution-of-the-european-data-protection-landscape_en,,GitHub weekly,workflow semanal
nic,NIC.br,Brasil,Mercosul,NIC.br,Notícia/comunicado,"Internet supera TV no Brasil, mas deepfakes ameaçam ambiente informacional",2026-04-27,2026-04-27,https://www.nic.br/noticia/na-midia/internet-supera-tv-no-brasil-mas-i-deepfakes-i-ameacam-ambiente-informacional,,GitHub weekly,workflow semanal
nic,NIC.br,Brasil,Mercosul,NIC.br,Notícia/comunicado,A tecnologia mudou quem você é?,2026-04-27,2026-04-27,https://www.nic.br/noticia/na-midia/a-tecnologia-mudou-quem-voce-e,,GitHub weekly,workflow semanal
nic,NIC.br,Brasil,Mercosul,NIC.br,Notícia/comunicado,A saúde digital cresceu e agora precisa amadurecer,2026-04-24,2026-04-24,https://www.nic.br/noticia/na-midia/a-sau-de-digital-cresceu-e-agora-precisa-amadurecer,,GitHub weekly,workflow semanal
nic,NIC.br,Brasil,Mercosul,NIC.br,Notícia/comunicado,SaferNet Brasil e Governo do Reino Unido lançam recurso pedagógico inédito sobre Cidadania Digital para crianças,2026-04-24,2026-04-24,https://www.nic.br/noticia/na-midia/safernet-brasil-e-governo-do-reino-unido-lancam-recurso-pedagogico-inedito-sobre-cidadania-digital-para-criancas,,GitHub weekly,workflow semanal
nic,NIC.br,Brasil,Mercosul,NIC.br,Notícia/comunicado,Apatia para checar informações desafia a democracia,2026-04-23,2026-04-23,https://www.nic.br/noticia/na-midia/apatia-para-checar-informacoes-desafia-a-democracia,,GitHub weekly,workflow semanal
nic,NIC.br,Brasil,Mercosul,NIC.br,Notícia/comunicado,Encontro anual da ISOC Brasil em 2026,2026-04-23,2026-04-23,https://www.nic.br/noticia/na-midia/encontro-anual-da-isoc-brasil-em-2026,,GitHub weekly,workflow semanal
nic,NIC.br,Brasil,Mercosul,NIC.br,Notícia/comunicado,ANPD participa do 1º Seminário de Serviços Públicos Datificados,2026-04-23,2026-04-23,https://www.nic.br/noticia/na-midia/anpd-participa-do-1-seminario-de-servicos-publicos-datificados,,GitHub weekly,workflow semanal
nic,NIC.br,Brasil,Mercosul,NIC.br,Notícia/comunicado,Checar antes de compartilhar? Brasileiro diz que não,2026-04-22,2026-04-22,https://www.nic.br/noticia/na-midia/checar-antes-de-compartilhar-brasileiro-diz-que-nao,,GitHub weekly,workflow semanal
nic,NIC.br,Brasil,Mercosul,NIC.br,Notícia/comunicado,"2026, a eleição da inteligência artificial",2026-04-22,2026-04-22,https://www.nic.br/noticia/na-midia/2026-a-eleicao-da-inteligencia-artificial,,GitHub weekly,workflow semanal
nic,NIC.br,Brasil,Mercosul,NIC.br,Notícia/comunicado,Serviços na nuvem e IA aumentam a importância da rede de longa distância gerenciada por software,2026-04-17,2026-04-17,https://www.nic.br/noticia/na-midia/servicos-na-nuvem-e-ia-aumentam-a-importancia-da-rede-de-longa-distancia-gerenciada-por-i-software-i,,GitHub weekly,workflow semanal
nic,NIC.br,Brasil,Mercosul,NIC.br,Notícia/comunicado,IA usa estética infantil para banalizar violência,2026-04-17,2026-04-17,https://www.nic.br/noticia/na-midia/ia-usa-estetica-infantil-para-banalizar-violencia,,GitHub weekly,workflow semanal
nic,NIC.br,Brasil,Mercosul,NIC.br,Notícia/comunicado,"Quase metade dos brasileiros desconfia da mídia tradicional, aponta Painel TIC",2026-04-17,2026-04-17,https://www.nic.br/noticia/na-midia/quase-metade-dos-brasileiros-desconfia-da-midia-tradicional-aponta-painel-tic,,GitHub weekly,workflow semanal
nic,NIC.br,Brasil,Mercosul,NIC.br,Notícia/comunicado,Brasileiros desconfiam mais de jornais do que de conteúdo de amigos,2026-04-16,2026-04-16,https://www.nic.br/noticia/na-midia/brasileiros-desconfiam-mais-de-jornais-do-que-de-conteudo-de-amigos,,GitHub weekly,workflow semanal
nic,NIC.br,Brasil,Mercosul,NIC.br,Notícia/comunicado,Currículo de educação digital e midiática depende da autoria docente,2026-04-16,2026-04-16,https://www.nic.br/noticia/na-midia/curriculo-de-educacao-digital-e-midiatica-depende-da-autoria-docente,,GitHub weekly,workflow semanal
nic,NIC.br,Brasil,Mercosul,NIC.br,Notícia/comunicado,Digitalização da saúde expõe riscos operacionais,2026-04-16,2026-04-16,https://www.nic.br/noticia/na-midia/digitalizacao-da-saude-expoe-riscos-operacionais,,GitHub weekly,workflow semanal
edpb,EDPB,União Europeia,UE,EDPB,Notícia/comunicado,"EDPB brings clarity to data processing for scientific research, speeds up the finalisation of the anonymisation guidelines and approves first European data protection seal as a tool for transfers",2026-04-16,2026-04-16,https://www.edpb.europa.eu/news/edpb-brings-clarity-to-data-processing-for-scientific-research-speeds-up-the-finalisation-of_en,,GitHub weekly,workflow semanal
nic,NIC.br,Brasil,Mercosul,NIC.br,Notícia/comunicado,Mídia digital avança e amplia acesso à informação,2026-04-15,2026-04-15,https://www.nic.br/noticia/na-midia/midia-digital-avanca-e-amplia-acesso-a-informacao,,GitHub weekly,workflow semanal
nic,NIC.br,Brasil,Mercosul,NIC.br,Notícia/comunicado,IA na sala de aula: o Brasil precisa de um debate à altura do desafio,2026-04-15,2026-04-15,https://www.nic.br/noticia/na-midia/ia-na-sala-de-aula-o-brasil-precisa-de-um-debate-a-altura-do-desafio,,GitHub weekly,workflow semanal
nic,NIC.br,Brasil,Mercosul,NIC.br,Notícia/comunicado,Plataformas superam TV e rádio como fonte de informação no Brasil,2026-04-15,2026-04-15,https://www.nic.br/noticia/na-midia/plataformas-superam-tv-e-radio-como-fonte-de-informacao-no-brasil,,GitHub weekly,workflow semanal
nic,NIC.br,Brasil,Mercosul,NIC.br,Notícia/comunicado,NIC.br vê riscos na revogação da Norma 4 e pede debate,2026-04-14,2026-04-14,https://www.nic.br/noticia/na-midia/nic-br-ve-riscos-na-revogacao-da-norma-4-e-pede-debate,,GitHub weekly,workflow semanal
nic,NIC.br,Brasil,Mercosul,NIC.br,Notícia/comunicado,"No Brasil, 30% não estão preocupados com a verificação de informações",2026-04-14,2026-04-14,https://www.nic.br/noticia/na-midia/no-brasil-30-nao-estao-preocupados-com-a-verificacao-de-informacoes,,GitHub weekly,workflow semanal
nic,NIC.br,Brasil,Mercosul,NIC.br,Notícia/comunicado,IA na educação: regulação precisa equilibrar inovação para reduzir desigualdades,2026-04-14,2026-04-14,https://www.nic.br/noticia/na-midia/ia-na-educacao-regulacao-precisa-equilibrar-inovacao-para-reduzir-desigualdades,,GitHub weekly,workflow semanal
nic,NIC.br,Brasil,Mercosul,NIC.br,Notícia/comunicado,"Brasileiros desconfiam, mas têm dificuldades de identificar fakes , aponta pesquisa",2026-04-13,2026-04-13,https://www.nic.br/noticia/na-midia/brasileiros-desconfiam-mas-tem-dificuldades-de-identificar-i-fakes-i-aponta-pesquisa,,GitHub weekly,workflow semanal
nic,NIC.br,Brasil,Mercosul,NIC.br,Notícia/comunicado,Maioria dos brasileiros desconhece como funcionam os algoritmos e deepfakes são realidade para 41% dos usuários de Internet,2026-04-13,2026-04-13,https://www.nic.br/noticia/na-midia/maioria-dos-brasileiros-desconhece-como-funcionam-os-algoritmos-e-i-deepfakes-i-sao-realidade-para-41-dos-usuarios-de-internet,,GitHub weekly,workflow semanal
nic,NIC.br,Brasil,Mercosul,NIC.br,Notícia/comunicado,Plataformas digitais vencem TV e rádio na disputa pela atenção informacional do brasileiro,2026-04-13,2026-04-13,https://www.nic.br/noticia/na-midia/plataformas-digitais-vencem-tv-e-radio-na-disputa-pela-atencao-informacional-do-brasileiro,,GitHub weekly,workflow semanal
nic,NIC.br,Brasil,Mercosul,NIC.br,Notícia/comunicado,Brasileiros desconfiam mais de notícias de veículos jornalísticos que de conteúdo de amigos em redes sociais e mensagens,2026-04-10,2026-04-10,https://www.nic.br/noticia/na-midia/brasileiros-desconfiam-mais-de-noticias-de-veiculos-jornalisticos-que-de-conteudo-de-amigos-em-redes-sociais-e-mensagens,,GitHub weekly,workflow semanal
nic,NIC.br,Brasil,Mercosul,NIC.br,Notícia/comunicado,MCTI participa de seminário para debater o futuro digital do Brasil,2026-04-10,2026-04-10,https://www.nic.br/noticia/na-midia/mcti-participa-de-seminario-para-debater-o-futuro-digital-do-brasil,,GitHub weekly,workflow semanal
nic,NIC.br,Brasil,Mercosul,NIC.br,Notícia/comunicado,"Plataformas da Internet são o principal meio de acesso à informação entre brasileiros, e superam rádio e TV, aponta nova pesquisa",2026-04-10,2026-04-10,https://www.nic.br/noticia/releases/plataformas-da-internet-sao-o-principal-meio-de-acesso-a-informacao-entre-brasileiros-e-superam-radio-e-tv-aponta-nova-pesquisa,,GitHub weekly,workflow semanal
nic,NIC.br,Brasil,Mercosul,NIC.br,Notícia/comunicado,"Mais da metade dos usuários de Internet brasileiros com 16 anos ou mais se informa diariamente por vídeos curtos, aponta pesquisa inédita",2026-04-10,2026-04-10,https://www.nic.br/noticia/na-midia/metade-dos-brasileiros-de-ao-menos-16-anos-se-informam-diariamente-por-videos-curtos-aponta-pesquisa-inedita,,GitHub weekly,workflow semanal
nic,NIC.br,Brasil,Mercosul,NIC.br,Notícia/comunicado,4ª Semana Nacional de Jornalismo ABI começa com debate sobre desinformação,2026-04-09,2026-04-09,https://www.nic.br/noticia/na-midia/4-semana-nacional-de-jornalismo-abi-comeca-com-debate-sobre-desinformacao,,GitHub weekly,workflow semanal
nic,NIC.br,Brasil,Mercosul,NIC.br,Notícia/comunicado,Debate aponta caminhos para proteger crianças no ambiente digital,2026-04-09,2026-04-09,https://www.nic.br/noticia/na-midia/debate-aponta-caminhos-para-proteger-criancas-no-ambiente-digital,,GitHub weekly,workflow semanal
nic,NIC.br,Brasil,Mercosul,NIC.br,Notícia/comunicado,"Para ser efetivo, ECA Digital depende de mudança de cultura, aponta debate",2026-04-08,2026-04-08,https://www.nic.br/noticia/na-midia/para-ser-efetivo-eca-digital-depende-de-mudanca-de-cultura-aponta-debate,,GitHub weekly,workflow semanal
nic,NIC.br,Brasil,Mercosul,NIC.br,Notícia/comunicado,9º BlogProg reúne lideranças da comunicação e da política em São Paulo,2026-04-08,2026-04-08,https://www.nic.br/noticia/na-midia/9-blogprog-reune-liderancas-da-comunicacao-e-da-politica-em-sao-paulo,,GitHub weekly,workflow semanal
nic,NIC.br,Brasil,Mercosul,NIC.br,Notícia/comunicado,Um guia da dieta de mídia digital brasileira,2026-04-08,2026-04-08,https://www.nic.br/noticia/na-midia/um-guia-da-dieta-de-midia-digital-brasileira,,GitHub weekly,workflow semanal
nic,NIC.br,Brasil,Mercosul,NIC.br,Notícia/comunicado,"ECA Digital depende de mudança de cultura para ser efetivo, aponta debate",2026-04-07,2026-04-07,https://www.nic.br/noticia/na-midia/eca-digital-depende-de-mudanca-de-cultura-para-ser-efetivo-aponta-debate,,GitHub weekly,workflow semanal
nic,NIC.br,Brasil,Mercosul,NIC.br,Notícia/comunicado,Após ECA Digital: Congresso avança com leis para proteger crianças e adolescentes,2026-04-07,2026-04-07,https://www.nic.br/noticia/na-midia/apos-eca-digital-congresso-avanca-com-leis-para-proteger-criancas-e-adolescentes,,GitHub weekly,workflow semanal
nic,NIC.br,Brasil,Mercosul,NIC.br,Notícia/comunicado,CERT.br atualiza cartilha sobre golpes e fraudes online,2026-04-07,2026-04-07,https://www.nic.br/noticia/na-midia/cert-br-atualiza-cartilha-sobre-golpes-e-fraudes-i-online-i,,GitHub weekly,workflow semanal
nic,NIC.br,Brasil,Mercosul,NIC.br,Notícia/comunicado,CERT.br lança novos fascículos da Cartilha de Segurança para Internet com foco na prevenção de golpes e fraudes online,2026-04-06,2026-04-06,https://www.nic.br/noticia/na-midia/cert-br-lanca-novos-fasciculos-da-cartilha-de-seguranca-para-internet-com-foco-na-prevencao-de-golpes-e-fraudes-i-online-i,,GitHub weekly,workflow semanal
nic,NIC.br,Brasil,Mercosul,NIC.br,Notícia/comunicado,"CNCiber publica proposta de lei geral para cibersegurança, com apoio multissetorial e Anatel como autoridade sugerida",2026-04-06,2026-04-06,https://www.nic.br/noticia/na-midia/cnciber-publica-proposta-de-lei-geral-para-ciberseguranca-com-apoio-multissetorial-e-anatel-como-autoridade-sugerida,,GitHub weekly,workflow semanal
nic,NIC.br,Brasil,Mercosul,NIC.br,Notícia/comunicado,Inteligência emocional: os riscos de crescer com apoio da IA,2026-04-06,2026-04-06,https://www.nic.br/noticia/na-midia/inteligencia-emocional-os-riscos-de-crescer-com-apoio-da-ia,,GitHub weekly,workflow semanal
nic,NIC.br,Brasil,Mercosul,NIC.br,Notícia/comunicado,Novos fascículos do CERT.br alertam para o uso de deepfakes e vazamento de dados em golpes,2026-04-02,2026-04-02,https://www.nic.br/noticia/na-midia/em-atualizacao-novos-fasciculos-do-cert-br-alertam-para-o-uso-de-i-deepfakes-i-e-vazamento-de-dados-em-golpes,,GitHub weekly,workflow semanal
nic,NIC.br,Brasil,Mercosul,NIC.br,Notícia/comunicado,Golpes digitais crescem e guias ensinam como se proteger,2026-04-02,2026-04-02,https://www.nic.br/noticia/na-midia/golpes-digitais-crescem-e-guias-ensinam-como-se-proteger,,GitHub weekly,workflow semanal
nic,NIC.br,Brasil,Mercosul,NIC.br,Notícia/comunicado,Novos fascículos do CERT.br focam na capacidade crítica e ações práticas do internauta,2026-04-02,2026-04-02,https://www.nic.br/noticia/na-midia/novos-fasciculos-do-cert-br-focam-na-capacidade-critica-e-acoes-praticas-do-internauta,,GitHub weekly,workflow semanal
nic,NIC.br,Brasil,Mercosul,NIC.br,Notícia/comunicado,ECA Digital amplia responsabilidade de escolas e pressiona ensino a formar comportamento online,2026-04-01,2026-04-01,https://www.nic.br/noticia/na-midia/eca-digital-amplia-responsabilidade-de-escolas-e-pressiona-ensino-a-formar-comportamento-i-online-i,,GitHub weekly,workflow semanal
nic,NIC.br,Brasil,Mercosul,NIC.br,Notícia/comunicado,CERT.br atualiza cartilha contra golpes online,2026-04-01,2026-04-01,https://www.nic.br/noticia/na-midia/cert-br-atualiza-cartilha-contra-golpes-i-online-i,,GitHub weekly,workflow semanal
nic,NIC.br,Brasil,Mercosul,NIC.br,Notícia/comunicado,Lei Felca: adolescentes mais protegidos nas redes?,2026-04-01,2026-04-01,https://www.nic.br/noticia/na-midia/lei-felca-adolescentes-mais-protegidos-nas-redes,,GitHub weekly,workflow semanal
nic,NIC.br,Brasil,Mercosul,NIC.br,Notícia/comunicado,Governança digital ainda é gargalo para expansão de provedores no Brasil,2026-03-31,2026-03-31,https://www.nic.br/noticia/na-midia/governanca-digital-ainda-e-gargalo-para-expansao-de-provedores-no-brasil,,GitHub weekly,workflow semanal
nic,NIC.br,Brasil,Mercosul,NIC.br,Notícia/comunicado,Escrever ainda é humano? Como explosão de textos gerados por IA pode 'padronizar’ a linguagem,2026-03-31,2026-03-31,https://www.nic.br/noticia/na-midia/escrever-ainda-e-humano-como-explosao-de-textos-gerados-por-ia-pode-padronizar-a-linguagem,,GitHub weekly,workflow semanal
nic,NIC.br,Brasil,Mercosul,NIC.br,Notícia/comunicado,CERT.br lança novos fascículos da Cartilha de Segurança para Internet com foco na prevenção de golpes e fraudes online,2026-03-31,2026-03-31,https://www.nic.br/noticia/releases/cert-br-lanca-novos-fasciculos-da-cartilha-de-seguranca-para-internet-com-foco-na-prevencao-de-golpes-e-fraudes-i-online-i,,GitHub weekly,workflow semanal
nic,NIC.br,Brasil,Mercosul,NIC.br,Notícia/comunicado,Inteligência artificial e treino aceleram a busca por hiper personalização no bem-estar digital,2026-03-31,2026-03-31,https://www.nic.br/noticia/na-midia/inteligencia-artificial-e-treino-aceleram-a-busca-por-hiper-personalizacao-no-bem-estar-digital,,GitHub weekly,workflow semanal
nic,NIC.br,Brasil,Mercosul,NIC.br,Notícia/comunicado,IX.br vai hospedar solução para facilitar a interconexão de voz,2026-03-30,2026-03-30,https://www.nic.br/noticia/na-midia/ix-br-vai-hospedar-solucao-para-facilitar-a-interconexao-de-voz,,GitHub weekly,workflow semanal
nic,NIC.br,Brasil,Mercosul,NIC.br,Notícia/comunicado,Curso de governança da Internet debate regulação digital no Brasil,2026-03-30,2026-03-30,https://www.nic.br/noticia/na-midia/curso-de-governanca-da-internet-debate-regulacao-digital-no-brasil,,GitHub weekly,workflow semanal
nic,NIC.br,Brasil,Mercosul,NIC.br,Notícia/comunicado,FGV Direito SP promove imersão de estudantes na governança da Internet durante visita ao NIC.br,2026-03-30,2026-03-30,https://www.nic.br/noticia/na-midia/fgv-direito-sp-promove-imersao-de-estudantes-na-governanca-da-internet-durante-visita-ao-nic-br,,GitHub weekly,workflow semanal
nic,NIC.br,Brasil,Mercosul,NIC.br,Notícia/comunicado,"IX.br hits record 50 Tbit/s of aggregated Internet traffic, driven by content and digital services",2026-03-27,2026-03-27,https://www.nic.br/noticia/releases/ix-br-hits-record-50-tbit-s-of-aggregated-internet-traffic-driven-by-content-and-digital-services,,GitHub weekly,workflow semanal
nic,NIC.br,Brasil,Mercosul,NIC.br,Notícia/comunicado,Vale do Silício forjou e dissemina design enganoso de apps vetado no Brasil,2026-03-27,2026-03-27,https://www.nic.br/noticia/na-midia/vale-do-silicio-forjou-e-dissemina-i-design-i-enganoso-de-i-apps-i-vetado-no-brasil,,GitHub weekly,workflow semanal
nic,NIC.br,Brasil,Mercosul,NIC.br,Notícia/comunicado,O potencial tecnológico do Ceará é destaque no IX Fórum Fortaleza,2026-03-27,2026-03-27,https://www.nic.br/noticia/na-midia/o-potencial-tecnologico-do-ceara-e-destaque-no-ix-forum-fortaleza,,GitHub weekly,workflow semanal
nic,NIC.br,Brasil,Mercosul,NIC.br,Notícia/comunicado,Seminário marca abertura do curso jurídico da EGI,2026-03-27,2026-03-27,https://www.nic.br/noticia/na-midia/seminario-marca-abertura-do-curso-juridico-da-egi,,GitHub weekly,workflow semanal
nic,NIC.br,Brasil,Mercosul,NIC.br,Notícia/comunicado,Bloqueios de IP e DNS expõem risco de dano colateral na Internet,2026-03-26,2026-03-26,https://www.nic.br/noticia/na-midia/bloqueios-de-ip-e-dns-expoem-risco-de-dano-colateral-na-internet,,GitHub weekly,workflow semanal
nic,NIC.br,Brasil,Mercosul,NIC.br,Notícia/comunicado,Todos usam IA; poucos sabem por quê,2026-03-26,2026-03-26,https://www.nic.br/noticia/na-midia/todos-usam-ia-poucos-sabem-por-que,,GitHub weekly,workflow semanal
nic,NIC.br,Brasil,Mercosul,NIC.br,Notícia/comunicado,"A revolução da IA na medicina: inovação, prática clínica e diretrizes éticas",2026-03-26,2026-03-26,https://www.nic.br/noticia/na-midia/a-revolucao-da-ia-na-medicina-inovacao-pratica-clinica-e-diretrizes-eticas,,GitHub weekly,workflow semanal
nic,NIC.br,Brasil,Mercosul,NIC.br,Notícia/comunicado,Ensino de IA nas escolas públicas já é realidade,2026-03-25,2026-03-25,https://www.nic.br/noticia/na-midia/ensino-de-ia-nas-escolas-publicas-ja-e-realidade,,GitHub weekly,workflow semanal
nic,NIC.br,Brasil,Mercosul,NIC.br,Notícia/comunicado,Como a inteligência artificial amplia a desigualdade digital,2026-03-25,2026-03-25,https://www.nic.br/noticia/na-midia/como-a-inteligencia-artificial-amplia-a-desigualdade-digital,,GitHub weekly,workflow semanal
nic,NIC.br,Brasil,Mercosul,NIC.br,Notícia/comunicado,IX.br bate recorde de 50 Tbit/s de tráfego Internet agregado,2026-03-25,2026-03-25,https://www.nic.br/noticia/na-midia/ix-br-bate-recorde-de-50-tbit-s-de-trafego-internet-agregado,,GitHub weekly,workflow semanal
nic,NIC.br,Brasil,Mercosul,NIC.br,Notícia/comunicado,"IX.br bate novo recorde de troca de tráfego, com 50 Tbps",2026-03-24,2026-03-24,https://www.nic.br/noticia/na-midia/ix-br-bate-novo-recorde-de-troca-de-trafego-com-50-tbps,,GitHub weekly,workflow semanal
nic,NIC.br,Brasil,Mercosul,NIC.br,Notícia/comunicado,"Adeus ao ""maior de 18"": sites reforçam verificação após ECA Digital",2026-03-24,2026-03-24,https://www.nic.br/noticia/na-midia/adeus-ao-maior-de-18-sites-reforcam-verificacao-apos-eca-digital,,GitHub weekly,workflow semanal
nic,NIC.br,Brasil,Mercosul,NIC.br,Notícia/comunicado,Etice completa 26 anos durante o maior evento de infraestrutura da Internet da América Latina,2026-03-24,2026-03-24,https://www.nic.br/noticia/na-midia/etice-completa-26-anos-durante-o-maior-evento-de-infraestrutura-da-internet-da-america-latina,,GitHub weekly,workflow semanal
nic,NIC.br,Brasil,Mercosul,NIC.br,Notícia/comunicado,Estudo mostra falta de verificação de idade,2026-03-23,2026-03-23,https://www.nic.br/noticia/na-midia/estudo-mostra-falta-de-verificacao-de-idade,,GitHub weekly,workflow semanal
nic,NIC.br,Brasil,Mercosul,NIC.br,Notícia/comunicado,"De cada 10 serviços digitais, 8 não checam idade na criação de conta",2026-03-23,2026-03-23,https://www.nic.br/noticia/na-midia/de-cada-10-servicos-digitais-8-nao-checam-idade-na-criacao-de-conta,,GitHub weekly,workflow semanal
nic,NIC.br,Brasil,Mercosul,NIC.br,Notícia/comunicado,"Streaming , redes sociais e serviços em nuvem fazem IX.br bater recorde de 50 Tbit/s de tráfego Internet",2026-03-23,2026-03-23,https://www.nic.br/noticia/na-midia/i-streaming-i-redes-sociais-e-servicos-em-nuvem-fazem-ix-br-bater-recorde-de-50-tbit-s-de-trafego-internet,,GitHub weekly,workflow semanal
nic,NIC.br,Brasil,Mercosul,NIC.br,Notícia/comunicado,"IX.br bate recorde de 50 Tbit/s de tráfego Internet agregado, impulsionado por conteúdo e serviços digitais",2026-03-20,2026-03-20,https://www.nic.br/noticia/releases/ix-br-bate-recorde-de-50-tbit-s-de-trafego-internet-agregado-impulsionado-por-conteudo-e-servicos-digitais,,GitHub weekly,workflow semanal
nic,NIC.br,Brasil,Mercosul,NIC.br,Notícia/comunicado,O que muda com o ECA Digital?,2026-03-20,2026-03-20,https://www.nic.br/noticia/na-midia/o-que-muda-com-o-eca-digital,,GitHub weekly,workflow semanal
nic,NIC.br,Brasil,Mercosul,NIC.br,Notícia/comunicado,Se perdeu no ECA Digital? Entenda o que muda a partir de agora,2026-03-20,2026-03-20,https://www.nic.br/noticia/na-midia/se-perdeu-no-eca-digital-entenda-o-que-muda-a-partir-de-agora,,GitHub weekly,workflow semanal
nic,NIC.br,Brasil,Mercosul,NIC.br,Notícia/comunicado,Serviços digitais não checam idade no momento de criação da conta,2026-03-20,2026-03-20,https://www.nic.br/noticia/na-midia/servicos-digitais-nao-checam-idade-no-momento-de-criacao-da-conta,,GitHub weekly,workflow semanal
nic,NIC.br,Brasil,Mercosul,NIC.br,Notícia/comunicado,"Participação de famílias é desafio do ECA Digital, dizem especialistas",2026-03-19,2026-03-19,https://www.nic.br/noticia/na-midia/participacao-de-familias-e-desafio-do-eca-digital-dizem-especialistas,,GitHub weekly,workflow semanal
nic,NIC.br,Brasil,Mercosul,NIC.br,Notícia/comunicado,"Maioria dos serviços digitais não exige aferição de idade no cadastro, aponta estudo",2026-03-19,2026-03-19,https://www.nic.br/noticia/na-midia/maioria-dos-servicos-digitais-nao-exige-afericao-de-idade-no-cadastro-aponta-estudo,,GitHub weekly,workflow semanal
nic,NIC.br,Brasil,Mercosul,NIC.br,Notícia/comunicado,ANPD apresenta ECA Digital em seminário do CGI.br e NIC.br,2026-03-19,2026-03-19,https://www.nic.br/noticia/na-midia/anpd-apresenta-eca-digital-em-evento-do-nic-br,,GitHub weekly,workflow semanal
nic,NIC.br,Brasil,Mercosul,NIC.br,Notícia/comunicado,"Macaé: ECA Digital mostra disposição, mas transformação não é imediata",2026-03-18,2026-03-18,https://www.nic.br/noticia/na-midia/macae-eca-digital-mostra-disposicao-mas-transformacao-nao-e-imediata,,GitHub weekly,workflow semanal
nic,NIC.br,Brasil,Mercosul,NIC.br,Notícia/comunicado,"ECA Digital, lei que cria regras para o acesso de crianças e adolescentes à Internet, entra em vigor",2026-03-18,2026-03-18,https://www.nic.br/noticia/na-midia/eca-digital-estatuto-da-crianca-e-do-adolescente-que-cria-novas-regras-para-o-acesso-de-menores-a-internet-entra-em-vigor,,GitHub weekly,workflow semanal
nic,NIC.br,Brasil,Mercosul,NIC.br,Notícia/comunicado,Estudo inédito mapeia práticas de aferição de idade em serviços digitais no Brasil,2026-03-18,2026-03-18,https://www.nic.br/noticia/releases/estudo-inedito-mapeia-praticas-de-afericao-de-idade-em-servicos-digitais-no-brasil,,GitHub weekly,workflow semanal
nic,NIC.br,Brasil,Mercosul,NIC.br,Notícia/comunicado,ECA Digital começa a valer nesta terça; confira principais pontos,2026-03-18,2026-03-18,https://www.nic.br/noticia/na-midia/eca-digital-comeca-a-valer-nesta-terca-confira-principais-pontos,,GitHub weekly,workflow semanal
nic,NIC.br,Brasil,Mercosul,NIC.br,Notícia/comunicado,IX Fórum Fortaleza acontece neste mês de março,2026-03-17,2026-03-17,https://www.nic.br/noticia/na-midia/ix-forum-fortaleza-acontece-nesse-mes-de-marco,,GitHub weekly,workflow semanal
nic,NIC.br,Brasil,Mercosul,NIC.br,Notícia/comunicado,"IX Fórum Fortaleza 2026 debate bloqueios na Internet, mudanças regulatórias e uso da faixa de 6 GHz para Wi-Fi",2026-03-17,2026-03-17,https://www.nic.br/noticia/releases/ix-forum-fortaleza-2026-debate-bloqueios-na-internet-mudancas-regulatorias-e-uso-da-faixa-de-6-ghz-para-i-wi-fi-i,,GitHub weekly,workflow semanal
nic,NIC.br,Brasil,Mercosul,NIC.br,Notícia/comunicado,NIC.br e CGI.br reúnem autoridades para discutir implementação do ECA Digital,2026-03-17,2026-03-17,https://www.nic.br/noticia/na-midia/eca-digital-entra-em-vigor-com-regulacao-por-etapas-na-anpd,,GitHub weekly,workflow semanal
nic,NIC.br,Brasil,Mercosul,NIC.br,Notícia/comunicado,Plataformas devem verificar idade de usuários a partir desta terça; veja como vai funcionar,2026-03-17,2026-03-17,https://www.nic.br/noticia/na-midia/plataformas-devem-verificar-idade-de-usuarios-a-partir-desta-terca-veja-como-vai-funcionar,,GitHub weekly,workflow semanal
nic,NIC.br,Brasil,Mercosul,NIC.br,Notícia/comunicado,"TSE cria pacote contra deepfakes com IA nas eleições, mas batalha está só no começo",2026-03-16,2026-03-16,https://www.nic.br/noticia/na-midia/tse-cria-pacote-contra-i-deepfakes-i-com-ia-nas-eleicoes-mas-batalha-esta-so-no-comeco,,GitHub weekly,workflow semanal
nic,NIC.br,Brasil,Mercosul,NIC.br,Notícia/comunicado,"ECA Digital começa a valer com pressão sobre grandes plataformas, avalia coordenadora do CGI.br",2026-03-16,2026-03-16,https://www.nic.br/noticia/na-midia/eca-digital-comeca-a-valer-com-pressao-sobre-grandes-plataformas-avalia-renata-mielli-do-cgi-br,,GitHub weekly,workflow semanal
nic,NIC.br,Brasil,Mercosul,NIC.br,Notícia/comunicado,Nova lei reforça proteção de crianças e adolescentes na Internet e amplia responsabilidades das plataformas,2026-03-16,2026-03-16,https://www.nic.br/noticia/na-midia/eca-digital-nova-lei-reforca-protecao-de-criancas-e-adolescentes-na-internet-e-amplia-responsabilidades-das-plataformas,,GitHub weekly,workflow semanal
nic,NIC.br,Brasil,Mercosul,NIC.br,Notícia/comunicado,Como transformar o “modo de estudo” das IAs em um aliado na preparação para o Enem e vestibulares,2026-03-13,2026-03-13,https://www.nic.br/noticia/na-midia/como-transformar-o-modo-de-estudo-das-ias-em-um-aliado-na-preparacao-para-o-enem-e-vestibulares,,GitHub weekly,workflow semanal
nic,NIC.br,Brasil,Mercosul,NIC.br,Notícia/comunicado,Uso de Internet por crianças entre 6 e 8 anos dobrou na última década,2026-03-13,2026-03-13,https://www.nic.br/noticia/na-midia/uso-de-internet-por-criancas-entre-6-e-8-anos-dobrou-na-ultima-decada,,GitHub weekly,workflow semanal
nic,NIC.br,Brasil,Mercosul,NIC.br,Notícia/comunicado,Levantamento revela jogos de cassino online mais populares de 2025,2026-03-13,2026-03-13,https://www.nic.br/noticia/na-midia/levantamento-revela-jogos-de-cassino-i-online-i-mais-populares-de-2025,,GitHub weekly,workflow semanal
nic,NIC.br,Brasil,Mercosul,NIC.br,Notícia/comunicado,IA preditiva e generativa: entenda as diferenças e quando as empresas podem usar cada uma delas,2026-03-12,2026-03-12,https://www.nic.br/noticia/na-midia/ia-preditiva-e-generativa-entenda-as-diferencas-e-quando-as-empresas-podem-usar-cada-uma-delas,,GitHub weekly,workflow semanal
nic,NIC.br,Brasil,Mercosul,NIC.br,Notícia/comunicado,CGI.br defende transparência e modelo de risco na regulação da IA no Brasil,2026-03-12,2026-03-12,https://www.nic.br/noticia/na-midia/cgi-br-defende-transparencia-e-modelo-de-risco-na-regulacao-da-ia-no-brasil,,GitHub weekly,workflow semanal
nic,NIC.br,Brasil,Mercosul,NIC.br,Notícia/comunicado,Uso inteligente da tecnologia na gestão escolar,2026-03-12,2026-03-12,https://www.nic.br/noticia/na-midia/uso-inteligente-da-tecnologia-na-gestao-escolar,,GitHub weekly,workflow semanal
nic,NIC.br,Brasil,Mercosul,NIC.br,Notícia/comunicado,CGI.br abre inscrições para 16º Fórum da Internet no Brasil e divulga workshops selecionados,2026-03-11,2026-03-11,https://www.nic.br/noticia/releases/cgi-br-abre-inscricoes-para-16-forum-da-internet-no-brasil-e-divulga-i-workshops-i-selecionados,,GitHub weekly,workflow semanal
nic,NIC.br,Brasil,Mercosul,NIC.br,Notícia/comunicado,Ceweb.br lança podcast para estimular aplicação da norma brasileira de acessibilidade digital,2026-03-11,2026-03-11,https://www.nic.br/noticia/notas/ceweb-br-lanca-podcast-para-estimular-aplicacao-da-norma-brasileira-de-acessibilidade-digital,,GitHub weekly,workflow semanal
nic,NIC.br,Brasil,Mercosul,NIC.br,Notícia/comunicado,Governança em Saúde Digital: Estratégia Nacional de Saúde Digital à luz das transformações do setor,2026-03-11,2026-03-11,https://www.nic.br/noticia/na-midia/governanca-em-saude-digital-estrategia-nacional-de-saude-digital-a-luz-das-transformacoes-do-setor,,GitHub weekly,workflow semanal
nic,NIC.br,Brasil,Mercosul,NIC.br,Notícia/comunicado,"Com alunos adotando IA em massa, CNE vota diretrizes para uso da tecnologia nas escolas",2026-03-11,2026-03-11,https://www.nic.br/noticia/na-midia/com-alunos-adotando-ia-em-massa-cne-vota-diretrizes-para-uso-da-tecnologia-nas-escolas,,GitHub weekly,workflow semanal
nic,NIC.br,Brasil,Mercosul,NIC.br,Notícia/comunicado,Demi Getschko conta como a Internet realmente chegou ao Brasil,2026-03-11,2026-03-11,https://www.nic.br/noticia/na-midia/demi-getschko-conta-como-a-internet-realmente-chegou-ao-brasil,,GitHub weekly,workflow semanal
nic,NIC.br,Brasil,Mercosul,NIC.br,Notícia/comunicado,Mensageria com IA integrada antecipa novo campo de disputa informacional para as eleições de 2026,2026-03-10,2026-03-10,https://www.nic.br/noticia/na-midia/mensageria-com-ia-integrada-antecipa-novo-campo-de-disputa-informacional-para-as-eleicoes-de-2026,,GitHub weekly,workflow semanal
nic,NIC.br,Brasil,Mercosul,NIC.br,Notícia/comunicado,ECA Digital entra em vigor e inaugura nova fase de proteção de crianças e adolescentes no ambiente online,2026-03-10,2026-03-10,https://www.nic.br/noticia/na-midia/eca-digital-entra-em-vigor-e-inaugura-nova-fase-de-protecao-de-criancas-e-adolescentes-no-ambiente-i-online-i,,GitHub weekly,workflow semanal
nic,NIC.br,Brasil,Mercosul,NIC.br,Notícia/comunicado,Evento debate perspectivas globais e multissetoriais para a implementação do ECA Digital,2026-03-10,2026-03-10,https://www.nic.br/noticia/releases/evento-debate-perspectivas-globais-e-multissetoriais-para-a-implementacao-do-eca-digital,,GitHub weekly,workflow semanal
nic,NIC.br,Brasil,Mercosul,NIC.br,Notícia/comunicado,CGI.br destaca avanços e aponta aprimoramentos necessários no Marco Regulatório da Inteligência Artificial,2026-03-09,2026-03-09,https://www.nic.br/noticia/na-midia/cgi-br-destaca-avancos-e-aponta-aprimoramentos-necessarios-no-marco-regulatorio-da-inteligencia-artificial,,GitHub weekly,workflow semanal
nic,NIC.br,Brasil,Mercosul,NIC.br,Notícia/comunicado,"PL da IA: CGI.br quer análise de risco, controle de biometria e regras mais fortes contra abuso sexual",2026-03-09,2026-03-09,https://www.nic.br/noticia/na-midia/pl-da-ia-cgi-br-quer-analise-de-risco-controle-de-biometria-e-regras-mais-fortes-contra-abuso-sexual,,GitHub weekly,workflow semanal
nic,NIC.br,Brasil,Mercosul,NIC.br,Notícia/comunicado,CGI.br pede ajustes no PL do marco regulatório de inteligência artificial,2026-03-09,2026-03-09,https://www.nic.br/noticia/na-midia/cgi-br-pede-ajustes-no-pl-do-marco-regulatorio-de-inteligencia-artificial,,GitHub weekly,workflow semanal
nic,NIC.br,Brasil,Mercosul,NIC.br,Notícia/comunicado,MPF recomenda que prefeitura de Alcântara (MA) instale medidores de Internet em escolas públicas,2026-03-06,2026-03-06,https://www.nic.br/noticia/na-midia/mpf-recomenda-que-prefeitura-de-alcantara-ma-instale-medidores-de-internet-em-escolas-publicas,,GitHub weekly,workflow semanal
nic,NIC.br,Brasil,Mercosul,NIC.br,Notícia/comunicado,"OKBR participa da instalação de nova Câmara do CGI.br sobre tecnologias emergentes, soberania e inovação",2026-03-06,2026-03-06,https://www.nic.br/noticia/na-midia/okbr-integra-nova-camara-do-cgi-br-sobre-tecnologias-emergentes-soberania-e-inovacao,,GitHub weekly,workflow semanal
nic,NIC.br,Brasil,Mercosul,NIC.br,Notícia/comunicado,Bloquear redes sociais até os 16 anos protege adolescentes? Entenda prós e contras,2026-03-06,2026-03-06,https://www.nic.br/noticia/na-midia/bloquear-redes-sociais-ate-os-16-anos-protege-adolescentes-entenda-pros-e-contras,,GitHub weekly,workflow semanal
nic,NIC.br,Brasil,Mercosul,NIC.br,Notícia/comunicado,Assuntos relevantes que devem ser objeto de gestão pública,2026-03-05,2026-03-05,https://www.nic.br/noticia/na-midia/assuntos-relevantes-que-devem-ser-objeto-de-gestao-publica,,GitHub weekly,workflow semanal
nic,NIC.br,Brasil,Mercosul,NIC.br,Notícia/comunicado,Cyberbullying na escola: como proteger crianças e adolescentes,2026-03-05,2026-03-05,https://www.nic.br/noticia/na-midia/i-cyberbullying-i-na-escola-como-proteger-criancas-e-adolescentes,,GitHub weekly,workflow semanal
nic,NIC.br,Brasil,Mercosul,NIC.br,Notícia/comunicado,Pós-doutorado em aprendizado de máquina na Unicamp,2026-03-05,2026-03-05,https://www.nic.br/noticia/na-midia/pos-doutorado-em-aprendizado-de-maquina-na-unicamp,,GitHub weekly,workflow semanal
nic,NIC.br,Brasil,Mercosul,NIC.br,Notícia/comunicado,Imprensa Jovem participa do Dia da Internet Segura e realiza cobertura sobre cidadania digital,2026-03-04,2026-03-04,https://www.nic.br/noticia/na-midia/imprensa-jovem-participa-do-dia-da-internet-segura-e-realiza-cobertura-sobre-cidadania-digital,,GitHub weekly,workflow semanal
nic,NIC.br,Brasil,Mercosul,NIC.br,Notícia/comunicado,O papel do setor privado na dependência tecnológica brasileira,2026-03-04,2026-03-04,https://www.nic.br/noticia/na-midia/o-papel-do-setor-privado-na-dependencia-tecnologica-brasileira,,GitHub weekly,workflow semanal
nic,NIC.br,Brasil,Mercosul,NIC.br,Notícia/comunicado,Como as plataformas digitais controlam a opinião pública?,2026-03-04,2026-03-04,https://www.nic.br/noticia/na-midia/como-as-plataformas-digitais-controlam-a-opiniao-publica,,GitHub weekly,workflow semanal
nic,NIC.br,Brasil,Mercosul,NIC.br,Notícia/comunicado,Projeto educacional leva robôs humanoides e IA às salas de aula no Centro-Oeste,2026-03-03,2026-03-03,https://www.nic.br/noticia/na-midia/projeto-educacional-leva-robos-humanoides-e-ia-as-salas-de-aula-no-centro-oeste,,GitHub weekly,workflow semanal
nic,NIC.br,Brasil,Mercosul,NIC.br,Notícia/comunicado,Internet entre crianças e adolescentes exige atenção,2026-03-03,2026-03-03,https://www.nic.br/noticia/na-midia/internet-entre-criancas-e-adolescentes-exige-atencao,,GitHub weekly,workflow semanal
nic,NIC.br,Brasil,Mercosul,NIC.br,Notícia/comunicado,Como alunos e professores usam IA nas escolas do Ceará,2026-03-03,2026-03-03,https://www.nic.br/noticia/na-midia/como-alunos-e-professores-usam-ia-nas-escolas-do-ceara,,GitHub weekly,workflow semanal
nic,NIC.br,Brasil,Mercosul,NIC.br,Notícia/comunicado,Verificação de idade e privacidade: convivência impossível?,2026-03-02,2026-03-02,https://www.nic.br/noticia/na-midia/verificacao-de-idade-e-privacidade-convivencia-impossivel,,GitHub weekly,workflow semanal
nic,NIC.br,Brasil,Mercosul,NIC.br,Notícia/comunicado,Educação entra em pleno ciclo de reinvenção,2026-03-02,2026-03-02,https://www.nic.br/noticia/na-midia/educacao-entra-em-pleno-ciclo-de-reinvencao,,GitHub weekly,workflow semanal
nic,NIC.br,Brasil,Mercosul,NIC.br,Notícia/comunicado,Tendências tecnológicas para o setor público em 2026,2026-03-02,2026-03-02,https://www.nic.br/noticia/na-midia/tendencias-tecnologicas-para-o-setor-publico-em-2026,,GitHub weekly,workflow semanal
nic,NIC.br,Brasil,Mercosul,NIC.br,Notícia/comunicado,CDR promove evento sobre regulação de plataformas,2026-02-27,2026-02-27,https://www.nic.br/noticia/na-midia/cdr-promove-evento-sobre-regulacao-de-plataformas,,GitHub weekly,workflow semanal
nic,NIC.br,Brasil,Mercosul,NIC.br,Notícia/comunicado,19% dos internautas brasileiros fizeram apostas online em 2025,2026-02-27,2026-02-27,https://www.nic.br/noticia/na-midia/19-dos-internautas-brasileiros-fizeram-apostas-i-online-i-em-2025,,GitHub weekly,workflow semanal
nic,NIC.br,Brasil,Mercosul,NIC.br,Notícia/comunicado,"Copa do Mundo feminina de futebol 2027: novas regras, velhos hábitos",2026-02-27,2026-02-27,https://www.nic.br/noticia/na-midia/copa-do-mundo-feminina-de-futebol-2027-novas-regras-velhos-habitos,,GitHub weekly,workflow semanal
nic,NIC.br,Brasil,Mercosul,NIC.br,Notícia/comunicado,Unesco aponta para baixa implementação da educação midiática nos currículos mundo afora,2026-02-26,2026-02-26,https://www.nic.br/noticia/na-midia/unesco-aponta-para-baixa-implementacao-da-educacao-midiatica-nos-curriculos-mundo-afora,,GitHub weekly,workflow semanal
nic,NIC.br,Brasil,Mercosul,NIC.br,Notícia/comunicado,Páginas de venda de ingressos viram alvo de golpistas,2026-02-26,2026-02-26,https://www.nic.br/noticia/na-midia/paginas-de-venda-de-ingressos-viram-alvo-de-golpistas,,GitHub weekly,workflow semanal
nic,NIC.br,Brasil,Mercosul,NIC.br,Notícia/comunicado,Adolescência e os desafios na construção da identidade,2026-02-26,2026-02-26,https://www.nic.br/noticia/na-midia/adolescencia-e-os-desafios-na-construcao-da-identidade,,GitHub weekly,workflow semanal
nic,NIC.br,Brasil,Mercosul,NIC.br,Notícia/comunicado,"IA não substitui o médico, mas já está transformando a medicina",2026-02-25,2026-02-25,https://www.nic.br/noticia/na-midia/ia-nao-substitui-o-medico-mas-ja-esta-transformando-a-medicina,,GitHub weekly,workflow semanal
nic,NIC.br,Brasil,Mercosul,NIC.br,Notícia/comunicado,Caso Orelha e a cultura de violência entre adolescentes,2026-02-25,2026-02-25,https://www.nic.br/noticia/na-midia/caso-orelha-e-a-cultura-de-violencia-entre-adolescentes,,GitHub weekly,workflow semanal
nic,NIC.br,Brasil,Mercosul,NIC.br,Notícia/comunicado,Do clique ao endividamento: apostas online avançam e colocam famílias em risco,2026-02-25,2026-02-25,https://www.nic.br/noticia/na-midia/do-clique-ao-endividamento-apostas-i-online-i-avancam-e-colocam-familias-em-risco,,GitHub weekly,workflow semanal
nic,NIC.br,Brasil,Mercosul,NIC.br,Notícia/comunicado,Reflexões sobre um ecossistema de interconexão transformador,2026-02-24,2026-02-24,https://www.nic.br/noticia/na-midia/reflexoes-sobre-um-ecossistema-de-interconexao-transformador,,GitHub weekly,workflow semanal
nic,NIC.br,Brasil,Mercosul,NIC.br,Notícia/comunicado,Como documentos digitais evitam atrasos em serviços e processos,2026-02-24,2026-02-24,https://www.nic.br/noticia/na-midia/como-documentos-digitais-evitam-atrasos-em-servicos-e-processos,,GitHub weekly,workflow semanal
nic,NIC.br,Brasil,Mercosul,NIC.br,Notícia/comunicado,Ao menos 19% dos usuários de Internet no Brasil fizeram apostas online em 2025,2026-02-24,2026-02-24,https://www.nic.br/noticia/na-midia/ao-menos-19-dos-usuarios-de-internet-no-brasil-fizeram-apostas-i-online-i-em-2025,,GitHub weekly,workflow semanal
nic,NIC.br,Brasil,Mercosul,NIC.br,Notícia/comunicado,Projeto da UFSC lança jogo educativo sobre segurança digital voltado para jovens e adolescentes,2026-02-23,2026-02-23,https://www.nic.br/noticia/na-midia/projeto-da-ufsc-lanca-jogo-educativo-sobre-seguranca-digital-voltado-para-jovens-e-adolescentes,,GitHub weekly,workflow semanal
nic,NIC.br,Brasil,Mercosul,NIC.br,Notícia/comunicado,Centro de Pesquisa Aplicada em Inteligência Artificial abre duas vagas de pós-doutorado,2026-02-23,2026-02-23,https://www.nic.br/noticia/na-midia/centro-de-pesquisa-aplicada-em-inteligencia-artificial-abre-duas-vagas-de-pos-doutorado,,GitHub weekly,workflow semanal
nic,NIC.br,Brasil,Mercosul,NIC.br,Notícia/comunicado,Regulamentação para IA na educação mira veto à correção de questão dissertativa sem professor,2026-02-23,2026-02-23,https://www.nic.br/noticia/na-midia/regulamentacao-para-ia-na-educacao-mira-veto-a-correcao-de-questao-dissertativa-sem-professor,,GitHub weekly,workflow semanal
nic,NIC.br,Brasil,Mercosul,NIC.br,Notícia/comunicado,Transformação digital: do clique à conversa (e da promessa à resolução),2026-02-20,2026-02-20,https://www.nic.br/noticia/na-midia/transformacao-digital-do-clique-a-conversa-e-da-promessa-a-resolucao,,GitHub weekly,workflow semanal
nic,NIC.br,Brasil,Mercosul,NIC.br,Notícia/comunicado,O dilema das telas: como elas impactam o desenvolvimento infantil,2026-02-20,2026-02-20,https://www.nic.br/noticia/na-midia/o-dilema-das-telas-como-elas-impactam-o-desenvolvimento-infantil,,GitHub weekly,workflow semanal
nic,NIC.br,Brasil,Mercosul,NIC.br,Notícia/comunicado,CNMP destaca acordo que garante acesso a dados estratégicos para proteção de direitos humanos na Internet,2026-02-20,2026-02-20,https://www.nic.br/noticia/na-midia/cnmp-destaca-acordo-que-garante-acesso-a-dados-estrategicos-para-protecao-de-direitos-humanos-na-internet,,GitHub weekly,workflow semanal
nic,NIC.br,Brasil,Mercosul,NIC.br,Notícia/comunicado,"IEA abre inscrições para curso de extensão sobre economia, cultura e poder na Internet",2026-02-19,2026-02-19,https://www.nic.br/noticia/na-midia/iea-abre-inscricoes-para-curso-de-extensao-sobre-economia-cultura-e-poder-na-internet,,GitHub weekly,workflow semanal
nic,NIC.br,Brasil,Mercosul,NIC.br,Notícia/comunicado,Discord implementa novas políticas de restrição de idade,2026-02-19,2026-02-19,https://www.nic.br/noticia/na-midia/discord-implementa-novas-politicas-de-restricao-de-idade,,GitHub weekly,workflow semanal
nic,NIC.br,Brasil,Mercosul,NIC.br,Notícia/comunicado,Adolescentes buscam tratamentos contra o vício em redes sociais,2026-02-19,2026-02-19,https://www.nic.br/noticia/na-midia/adolescentes-buscam-tratamentos-contra-o-vicio-em-redes-sociais,,GitHub weekly,workflow semanal
nic,NIC.br,Brasil,Mercosul,NIC.br,Notícia/comunicado,ECA Digital: aferição de idade será prioridade da ANPD em 2027,2026-02-13,2026-02-13,https://www.nic.br/noticia/na-midia/eca-digital-afericao-de-idade-sera-prioridade-da-anpd-em-2027,,GitHub weekly,workflow semanal
nic,NIC.br,Brasil,Mercosul,NIC.br,Notícia/comunicado,A digitalização como aliada da inclusão educacional,2026-02-13,2026-02-13,https://www.nic.br/noticia/na-midia/a-digitalizacao-como-aliada-da-inclusao-educacional,,GitHub weekly,workflow semanal
nic,NIC.br,Brasil,Mercosul,NIC.br,Notícia/comunicado,Por que a Internet cai com frequência no Brasil?,2026-02-13,2026-02-13,https://www.nic.br/noticia/na-midia/por-que-a-internet-cai-com-frequencia-no-brasil,,GitHub weekly,workflow semanal
nic,NIC.br,Brasil,Mercosul,NIC.br,Notícia/comunicado,Consulta pública sugere mais rigidez na aferição de idade na Internet,2026-02-12,2026-02-12,https://www.nic.br/noticia/na-midia/consulta-publica-sugere-mais-rigidez-na-afericao-de-idade-na-internet,,GitHub weekly,workflow semanal
nic,NIC.br,Brasil,Mercosul,NIC.br,Notícia/comunicado,ECA Digital opõe modelo biométrico ao chamado Zero-Knowledge Proof,2026-02-12,2026-02-12,https://www.nic.br/noticia/na-midia/eca-digital-opoe-modelo-biometrico-ao-chamado-zero-knowledge-proof,,GitHub weekly,workflow semanal
nic,NIC.br,Brasil,Mercosul,NIC.br,Notícia/comunicado,Jurista explica por que print de tela não é prova no processo judicial,2026-02-12,2026-02-12,https://www.nic.br/noticia/na-midia/jurista-explica-por-que-i-print-i-de-tela-nao-e-prova-no-processo-judicial,,GitHub weekly,workflow semanal
nic,NIC.br,Brasil,Mercosul,NIC.br,Notícia/comunicado,O que as empresas estão fazendo para se adequarem ao ECA Digital,2026-02-11,2026-02-11,https://www.nic.br/noticia/na-midia/o-que-as-empresas-estao-fazendo-para-se-adequarem-ao-eca-digital,,GitHub weekly,workflow semanal
nic,NIC.br,Brasil,Mercosul,NIC.br,Notícia/comunicado,Denúncias de crimes cibernéticos crescem 28% em 2025,2026-02-11,2026-02-11,https://www.nic.br/noticia/na-midia/denuncias-de-crimes-ciberneticos-crescem-28-em-2025,,GitHub weekly,workflow semanal
nic,NIC.br,Brasil,Mercosul,NIC.br,Notícia/comunicado,ANPD intensifica monitoramento de plataformas com foco no ECA Digital,2026-02-11,2026-02-11,https://www.nic.br/noticia/na-midia/anpd-intensifica-monitoramento-de-plataformas-com-foco-no-eca-digital,,GitHub weekly,workflow semanal
nic,NIC.br,Brasil,Mercosul,NIC.br,Notícia/comunicado,Por que apagar o foguinho do TikTok antes que cause um incêndio?,2026-02-10,2026-02-10,https://www.nic.br/noticia/na-midia/por-que-apagar-o-foguinho-do-tiktok-antes-que-cause-um-incendio,,GitHub weekly,workflow semanal
nic,NIC.br,Brasil,Mercosul,NIC.br,Notícia/comunicado,"Denúncias de crimes cibernéticos crescem 28% em 2025, mostra SaferNet",2026-02-10,2026-02-10,https://www.nic.br/noticia/na-midia/denuncias-de-crimes-ciberneticos-crescem-28-em-2025-mostra-safernet,,GitHub weekly,workflow semanal
nic,NIC.br,Brasil,Mercosul,NIC.br,Notícia/comunicado,Um dia para a defesa dos Direitos Humanos na Internet,2026-02-10,2026-02-10,https://www.nic.br/noticia/na-midia/um-dia-para-a-defesa-dos-direitos-humanos-na-internet,,GitHub weekly,workflow semanal
nic,NIC.br,Brasil,Mercosul,NIC.br,Notícia/comunicado,"Dia da Internet Segura 2026: edição brasileira discute ECA Digital, verificação etária online e deepfakes",2026-02-09,2026-02-09,https://www.nic.br/noticia/na-midia/i-dia-da-internet-segura-i-2026-edicao-brasileira-discute-eca-digital-verificacao-etaria-i-online-i-e-i-deepfakes-i,,GitHub weekly,workflow semanal
